case,scenario,legal_split,tampered_signature_rejected,feature_only_merge_rejected,lawful_merge
case14,0,ACCEPT,True,True,ACCEPT
case14,1,ACCEPT,True,True,ACCEPT
case14,2,ACCEPT,True,True,ACCEPT
case14,3,ACCEPT,True,True,ACCEPT
case14,4,ACCEPT,True,True,ACCEPT
case14,5,ACCEPT,True,True,ACCEPT
case14,6,ACCEPT,True,True,ACCEPT
case14,7,ACCEPT,True,True,ACCEPT
case14,8,ACCEPT,True,True,ACCEPT
case14,9,ACCEPT,True,True,ACCEPT
case14,10,ACCEPT,True,True,ACCEPT
case14,11,ACCEPT,True,True,ACCEPT
case14,12,ACCEPT,True,True,ACCEPT
case14,13,ACCEPT,True,True,ACCEPT
case14,14,ACCEPT,True,True,ACCEPT
case14,15,ACCEPT,True,True,ACCEPT
case14,16,ACCEPT,True,True,ACCEPT
case14,17,ACCEPT,True,True,ACCEPT
case14,18,ACCEPT,True,True,ACCEPT
case14,19,ACCEPT,True,True,ACCEPT
case14,20,ACCEPT,True,True,ACCEPT
case14,21,ACCEPT,True,True,ACCEPT
case14,22,ACCEPT,True,True,ACCEPT
case14,23,ACCEPT,True,True,ACCEPT
case14,24,ACCEPT,True,True,ACCEPT
case14,25,ACCEPT,True,True,ACCEPT
case14,26,ACCEPT,True,True,ACCEPT
case14,27,ACCEPT,True,True,ACCEPT
case14,28,ACCEPT,True,True,ACCEPT
case14,29,ACCEPT,True,True,ACCEPT
case14,30,ACCEPT,True,True,ACCEPT
case14,31,ACCEPT,True,True,ACCEPT
case14,32,ACCEPT,True,True,ACCEPT
case14,33,ACCEPT,True,True,ACCEPT
case14,34,ACCEPT,True,True,ACCEPT
case14,35,ACCEPT,True,True,ACCEPT
case14,36,ACCEPT,True,True,ACCEPT
case14,37,ACCEPT,True,True,ACCEPT
case14,38,ACCEPT,True,True,ACCEPT
case14,39,ACCEPT,True,True,ACCEPT
case14,40,ACCEPT,True,True,ACCEPT
case14,41,ACCEPT,True,True,ACCEPT
case14,42,ACCEPT,True,True,ACCEPT
case14,43,ACCEPT,True,True,ACCEPT
case14,44,ACCEPT,True,True,ACCEPT
case14,45,ACCEPT,True,True,ACCEPT
case14,46,ACCEPT,True,True,ACCEPT
case14,47,ACCEPT,True,True,ACCEPT
case14,48,ACCEPT,True,True,ACCEPT
case14,49,ACCEPT,True,True,ACCEPT
case14,50,ACCEPT,True,True,ACCEPT
case14,51,ACCEPT,True,True,ACCEPT
case14,52,ACCEPT,True,True,ACCEPT
case14,53,ACCEPT,True,True,ACCEPT
case14,54,ACCEPT,True,True,ACCEPT
case14,55,ACCEPT,True,True,ACCEPT
case14,56,ACCEPT,True,True,ACCEPT
case14,57,ACCEPT,True,True,ACCEPT
case14,58,ACCEPT,True,True,ACCEPT
case14,59,ACCEPT,True,True,ACCEPT
case14,60,ACCEPT,True,True,ACCEPT
case14,61,ACCEPT,True,True,ACCEPT
case14,62,ACCEPT,True,True,ACCEPT
case14,63,ACCEPT,True,True,ACCEPT
case14,64,ACCEPT,True,True,ACCEPT
case14,65,ACCEPT,True,True,ACCEPT
case14,66,ACCEPT,True,True,ACCEPT
case14,67,ACCEPT,True,True,ACCEPT
case14,68,ACCEPT,True,True,ACCEPT
case14,69,ACCEPT,True,True,ACCEPT
case14,70,ACCEPT,True,True,ACCEPT
case14,71,ACCEPT,True,True,ACCEPT
case14,72,ACCEPT,True,True,ACCEPT
case14,73,ACCEPT,True,True,ACCEPT
case14,74,ACCEPT,True,True,ACCEPT
case14,75,ACCEPT,True,True,ACCEPT
case14,76,ACCEPT,True,True,ACCEPT
case14,77,ACCEPT,True,True,ACCEPT
case14,78,ACCEPT,True,True,ACCEPT
case14,79,ACCEPT,True,True,ACCEPT
case14,80,ACCEPT,True,True,ACCEPT
case14,81,ACCEPT,True,True,ACCEPT
case14,82,ACCEPT,True,True,ACCEPT
case14,83,ACCEPT,True,True,ACCEPT
case14,84,ACCEPT,True,True,ACCEPT
case14,85,ACCEPT,True,True,ACCEPT
case14,86,ACCEPT,True,True,ACCEPT
case14,87,ACCEPT,True,True,ACCEPT
case14,88,ACCEPT,True,True,ACCEPT
case14,89,ACCEPT,True,True,ACCEPT
case14,90,ACCEPT,True,True,ACCEPT
case14,91,ACCEPT,True,True,ACCEPT
case14,92,ACCEPT,True,True,ACCEPT
case14,93,ACCEPT,True,True,ACCEPT
case14,94,ACCEPT,True,True,ACCEPT
case14,95,ACCEPT,True,True,ACCEPT
case14,96,ACCEPT,True,True,ACCEPT
case14,97,ACCEPT,True,True,ACCEPT
case14,98,ACCEPT,True,True,ACCEPT
case14,99,ACCEPT,True,True,ACCEPT
case14,100,ACCEPT,True,True,ACCEPT
case14,101,ACCEPT,True,True,ACCEPT
case14,102,ACCEPT,True,True,ACCEPT
case14,103,ACCEPT,True,True,ACCEPT
case14,104,ACCEPT,True,True,ACCEPT
case14,105,ACCEPT,True,True,ACCEPT
case14,106,ACCEPT,True,True,ACCEPT
case14,107,ACCEPT,True,True,ACCEPT
case14,108,ACCEPT,True,True,ACCEPT
case14,109,ACCEPT,True,True,ACCEPT
case14,110,ACCEPT,True,True,ACCEPT
case14,111,ACCEPT,True,True,ACCEPT
case14,112,ACCEPT,True,True,ACCEPT
case14,113,ACCEPT,True,True,ACCEPT
case14,114,ACCEPT,True,True,ACCEPT
case14,115,ACCEPT,True,True,ACCEPT
case14,116,ACCEPT,True,True,ACCEPT
case14,117,ACCEPT,True,True,ACCEPT
case14,118,ACCEPT,True,True,ACCEPT
case14,119,ACCEPT,True,True,ACCEPT
case14,120,ACCEPT,True,True,ACCEPT
case14,121,ACCEPT,True,True,ACCEPT
case14,122,ACCEPT,True,True,ACCEPT
case14,123,ACCEPT,True,True,ACCEPT
case14,124,ACCEPT,True,True,ACCEPT
case14,125,ACCEPT,True,True,ACCEPT
case14,126,ACCEPT,True,True,ACCEPT
case14,127,ACCEPT,True,True,ACCEPT
case14,128,ACCEPT,True,True,ACCEPT
case14,129,ACCEPT,True,True,ACCEPT
case14,130,ACCEPT,True,True,ACCEPT
case14,131,ACCEPT,True,True,ACCEPT
case14,132,ACCEPT,True,True,ACCEPT
case14,133,ACCEPT,True,True,ACCEPT
case14,134,ACCEPT,True,True,ACCEPT
case14,135,ACCEPT,True,True,ACCEPT
case14,136,ACCEPT,True,True,ACCEPT
case14,137,ACCEPT,True,True,ACCEPT
case14,138,ACCEPT,True,True,ACCEPT
case14,139,ACCEPT,True,True,ACCEPT
case14,140,ACCEPT,True,True,ACCEPT
case14,141,ACCEPT,True,True,ACCEPT
case14,142,ACCEPT,True,True,ACCEPT
case14,143,ACCEPT,True,True,ACCEPT
case14,144,ACCEPT,True,True,ACCEPT
case14,145,ACCEPT,True,True,ACCEPT
case14,146,ACCEPT,True,True,ACCEPT
case14,147,ACCEPT,True,True,ACCEPT
case14,148,ACCEPT,True,True,ACCEPT
case14,149,ACCEPT,True,True,ACCEPT
case14,150,ACCEPT,True,True,ACCEPT
case14,151,ACCEPT,True,True,ACCEPT
case14,152,ACCEPT,True,True,ACCEPT
case14,153,ACCEPT,True,True,ACCEPT
case14,154,ACCEPT,True,True,ACCEPT
case14,155,ACCEPT,True,True,ACCEPT
case14,156,ACCEPT,True,True,ACCEPT
case14,157,ACCEPT,True,True,ACCEPT
case14,158,ACCEPT,True,True,ACCEPT
case14,159,ACCEPT,True,True,ACCEPT
case14,160,ACCEPT,True,True,ACCEPT
case14,161,ACCEPT,True,True,ACCEPT
case14,162,ACCEPT,True,True,ACCEPT
case14,163,ACCEPT,True,True,ACCEPT
case14,164,ACCEPT,True,True,ACCEPT
case14,165,ACCEPT,True,True,ACCEPT
case14,166,ACCEPT,True,True,ACCEPT
case14,167,ACCEPT,True,True,ACCEPT
case14,168,ACCEPT,True,True,ACCEPT
case14,169,ACCEPT,True,True,ACCEPT
case14,170,ACCEPT,True,True,ACCEPT
case14,171,ACCEPT,True,True,ACCEPT
case14,172,ACCEPT,True,True,ACCEPT
case14,173,ACCEPT,True,True,ACCEPT
case14,174,ACCEPT,True,True,ACCEPT
case14,175,ACCEPT,True,True,ACCEPT
case14,176,ACCEPT,True,True,ACCEPT
case14,177,ACCEPT,True,True,ACCEPT
case14,178,ACCEPT,True,True,ACCEPT
case14,179,ACCEPT,True,True,ACCEPT
case14,180,ACCEPT,True,True,ACCEPT
case14,181,ACCEPT,True,True,ACCEPT
case14,182,ACCEPT,True,True,ACCEPT
case14,183,ACCEPT,True,True,ACCEPT
case14,184,ACCEPT,True,True,ACCEPT
case14,185,ACCEPT,True,True,ACCEPT
case14,186,ACCEPT,True,True,ACCEPT
case14,187,ACCEPT,True,True,ACCEPT
case14,188,ACCEPT,True,True,ACCEPT
case14,189,ACCEPT,True,True,ACCEPT
case14,190,ACCEPT,True,True,ACCEPT
case14,191,ACCEPT,True,True,ACCEPT
case14,192,ACCEPT,True,True,ACCEPT
case14,193,ACCEPT,True,True,ACCEPT
case14,194,ACCEPT,True,True,ACCEPT
case14,195,ACCEPT,True,True,ACCEPT
case14,196,ACCEPT,True,True,ACCEPT
case14,197,ACCEPT,True,True,ACCEPT
case14,198,ACCEPT,True,True,ACCEPT
case14,199,ACCEPT,True,True,ACCEPT
case14,200,ACCEPT,True,True,ACCEPT
case14,201,ACCEPT,True,True,ACCEPT
case14,202,ACCEPT,True,True,ACCEPT
case14,203,ACCEPT,True,True,ACCEPT
case14,204,ACCEPT,True,True,ACCEPT
case14,205,ACCEPT,True,True,ACCEPT
case14,206,ACCEPT,True,True,ACCEPT
case14,207,ACCEPT,True,True,ACCEPT
case14,208,ACCEPT,True,True,ACCEPT
case14,209,ACCEPT,True,True,ACCEPT
case14,210,ACCEPT,True,True,ACCEPT
case14,211,ACCEPT,True,True,ACCEPT
case14,212,ACCEPT,True,True,ACCEPT
case14,213,ACCEPT,True,True,ACCEPT
case14,214,ACCEPT,True,True,ACCEPT
case14,215,ACCEPT,True,True,ACCEPT
case14,216,ACCEPT,True,True,ACCEPT
case14,217,ACCEPT,True,True,ACCEPT
case14,218,ACCEPT,True,True,ACCEPT
case14,219,ACCEPT,True,True,ACCEPT
case14,220,ACCEPT,True,True,ACCEPT
case14,221,ACCEPT,True,True,ACCEPT
case14,222,ACCEPT,True,True,ACCEPT
case14,223,ACCEPT,True,True,ACCEPT
case14,224,ACCEPT,True,True,ACCEPT
case14,225,ACCEPT,True,True,ACCEPT
case14,226,ACCEPT,True,True,ACCEPT
case14,227,ACCEPT,True,True,ACCEPT
case14,228,ACCEPT,True,True,ACCEPT
case14,229,ACCEPT,True,True,ACCEPT
case14,230,ACCEPT,True,True,ACCEPT
case14,231,ACCEPT,True,True,ACCEPT
case14,232,ACCEPT,True,True,ACCEPT
case14,233,ACCEPT,True,True,ACCEPT
case14,234,ACCEPT,True,True,ACCEPT
case14,235,ACCEPT,True,True,ACCEPT
case14,236,ACCEPT,True,True,ACCEPT
case14,237,ACCEPT,True,True,ACCEPT
case14,238,ACCEPT,True,True,ACCEPT
case14,239,ACCEPT,True,True,ACCEPT
case14,240,ACCEPT,True,True,ACCEPT
case14,241,ACCEPT,True,True,ACCEPT
case14,242,ACCEPT,True,True,ACCEPT
case14,243,ACCEPT,True,True,ACCEPT
case14,244,ACCEPT,True,True,ACCEPT
case14,245,ACCEPT,True,True,ACCEPT
case14,246,ACCEPT,True,True,ACCEPT
case14,247,ACCEPT,True,True,ACCEPT
case14,248,ACCEPT,True,True,ACCEPT
case14,249,ACCEPT,True,True,ACCEPT
case14,250,ACCEPT,True,True,ACCEPT
case14,251,ACCEPT,True,True,ACCEPT
case14,252,ACCEPT,True,True,ACCEPT
case14,253,ACCEPT,True,True,ACCEPT
case14,254,ACCEPT,True,True,ACCEPT
case14,255,ACCEPT,True,True,ACCEPT
case14,256,ACCEPT,True,True,ACCEPT
case14,257,ACCEPT,True,True,ACCEPT
case14,258,ACCEPT,True,True,ACCEPT
case14,259,ACCEPT,True,True,ACCEPT
case14,260,ACCEPT,True,True,ACCEPT
case14,261,ACCEPT,True,True,ACCEPT
case14,262,ACCEPT,True,True,ACCEPT
case14,263,ACCEPT,True,True,ACCEPT
case14,264,ACCEPT,True,True,ACCEPT
case14,265,ACCEPT,True,True,ACCEPT
case14,266,ACCEPT,True,True,ACCEPT
case14,267,ACCEPT,True,True,ACCEPT
case14,268,ACCEPT,True,True,ACCEPT
case14,269,ACCEPT,True,True,ACCEPT
case14,270,ACCEPT,True,True,ACCEPT
case14,271,ACCEPT,True,True,ACCEPT
case14,272,ACCEPT,True,True,ACCEPT
case14,273,ACCEPT,True,True,ACCEPT
case14,274,ACCEPT,True,True,ACCEPT
case14,275,ACCEPT,True,True,ACCEPT
case14,276,ACCEPT,True,True,ACCEPT
case14,277,ACCEPT,True,True,ACCEPT
case14,278,ACCEPT,True,True,ACCEPT
case14,279,ACCEPT,True,True,ACCEPT
case14,280,ACCEPT,True,True,ACCEPT
case14,281,ACCEPT,True,True,ACCEPT
case14,282,ACCEPT,True,True,ACCEPT
case14,283,ACCEPT,True,True,ACCEPT
case14,284,ACCEPT,True,True,ACCEPT
case14,285,ACCEPT,True,True,ACCEPT
case14,286,ACCEPT,True,True,ACCEPT
case14,287,ACCEPT,True,True,ACCEPT
case14,288,ACCEPT,True,True,ACCEPT
case14,289,ACCEPT,True,True,ACCEPT
case14,290,ACCEPT,True,True,ACCEPT
case14,291,ACCEPT,True,True,ACCEPT
case14,292,ACCEPT,True,True,ACCEPT
case14,293,ACCEPT,True,True,ACCEPT
case14,294,ACCEPT,True,True,ACCEPT
case14,295,ACCEPT,True,True,ACCEPT
case14,296,ACCEPT,True,True,ACCEPT
case14,297,ACCEPT,True,True,ACCEPT
case14,298,ACCEPT,True,True,ACCEPT
case14,299,ACCEPT,True,True,ACCEPT
case14,300,ACCEPT,True,True,ACCEPT
case14,301,ACCEPT,True,True,ACCEPT
case14,302,ACCEPT,True,True,ACCEPT
case14,303,ACCEPT,True,True,ACCEPT
case14,304,ACCEPT,True,True,ACCEPT
case14,305,ACCEPT,True,True,ACCEPT
case14,306,ACCEPT,True,True,ACCEPT
case14,307,ACCEPT,True,True,ACCEPT
case14,308,ACCEPT,True,True,ACCEPT
case14,309,ACCEPT,True,True,ACCEPT
case14,310,ACCEPT,True,True,ACCEPT
case14,311,ACCEPT,True,True,ACCEPT
case14,312,ACCEPT,True,True,ACCEPT
case14,313,ACCEPT,True,True,ACCEPT
case14,314,ACCEPT,True,True,ACCEPT
case14,315,ACCEPT,True,True,ACCEPT
case14,316,ACCEPT,True,True,ACCEPT
case14,317,ACCEPT,True,True,ACCEPT
case14,318,ACCEPT,True,True,ACCEPT
case14,319,ACCEPT,True,True,ACCEPT
case14,320,ACCEPT,True,True,ACCEPT
case14,321,ACCEPT,True,True,ACCEPT
case14,322,ACCEPT,True,True,ACCEPT
case14,323,ACCEPT,True,True,ACCEPT
case14,324,ACCEPT,True,True,ACCEPT
case14,325,ACCEPT,True,True,ACCEPT
case14,326,ACCEPT,True,True,ACCEPT
case14,327,ACCEPT,True,True,ACCEPT
case14,328,ACCEPT,True,True,ACCEPT
case14,329,ACCEPT,True,True,ACCEPT
case14,330,ACCEPT,True,True,ACCEPT
case14,331,ACCEPT,True,True,ACCEPT
case14,332,ACCEPT,True,True,ACCEPT
case14,333,ACCEPT,True,True,ACCEPT
case14,334,ACCEPT,True,True,ACCEPT
case14,335,ACCEPT,True,True,ACCEPT
case14,336,ACCEPT,True,True,ACCEPT
case14,337,ACCEPT,True,True,ACCEPT
case14,338,ACCEPT,True,True,ACCEPT
case14,339,ACCEPT,True,True,ACCEPT
case14,340,ACCEPT,True,True,ACCEPT
case14,341,ACCEPT,True,True,ACCEPT
case14,342,ACCEPT,True,True,ACCEPT
case14,343,ACCEPT,True,True,ACCEPT
case14,344,ACCEPT,True,True,ACCEPT
case14,345,ACCEPT,True,True,ACCEPT
case14,346,ACCEPT,True,True,ACCEPT
case14,347,ACCEPT,True,True,ACCEPT
case14,348,ACCEPT,True,True,ACCEPT
case14,349,ACCEPT,True,True,ACCEPT
case14,350,ACCEPT,True,True,ACCEPT
case14,351,ACCEPT,True,True,ACCEPT
case14,352,ACCEPT,True,True,ACCEPT
case14,353,ACCEPT,True,True,ACCEPT
case14,354,ACCEPT,True,True,ACCEPT
case14,355,ACCEPT,True,True,ACCEPT
case14,356,ACCEPT,True,True,ACCEPT
case14,357,ACCEPT,True,True,ACCEPT
case14,358,ACCEPT,True,True,ACCEPT
case14,359,ACCEPT,True,True,ACCEPT
case14,360,ACCEPT,True,True,ACCEPT
case14,361,ACCEPT,True,True,ACCEPT
case14,362,ACCEPT,True,True,ACCEPT
case14,363,ACCEPT,True,True,ACCEPT
case14,364,ACCEPT,True,True,ACCEPT
case14,365,ACCEPT,True,True,ACCEPT
case14,366,ACCEPT,True,True,ACCEPT
case14,367,ACCEPT,True,True,ACCEPT
case14,368,ACCEPT,True,True,ACCEPT
case14,369,ACCEPT,True,True,ACCEPT
case14,370,ACCEPT,True,True,ACCEPT
case14,371,ACCEPT,True,True,ACCEPT
case14,372,ACCEPT,True,True,ACCEPT
case14,373,ACCEPT,True,True,ACCEPT
case14,374,ACCEPT,True,True,ACCEPT
case14,375,ACCEPT,True,True,ACCEPT
case14,376,ACCEPT,True,True,ACCEPT
case14,377,ACCEPT,True,True,ACCEPT
case14,378,ACCEPT,True,True,ACCEPT
case14,379,ACCEPT,True,True,ACCEPT
case14,380,ACCEPT,True,True,ACCEPT
case14,381,ACCEPT,True,True,ACCEPT
case14,382,ACCEPT,True,True,ACCEPT
case14,383,ACCEPT,True,True,ACCEPT
case14,384,ACCEPT,True,True,ACCEPT
case14,385,ACCEPT,True,True,ACCEPT
case14,386,ACCEPT,True,True,ACCEPT
case14,387,ACCEPT,True,True,ACCEPT
case14,388,ACCEPT,True,True,ACCEPT
case14,389,ACCEPT,True,True,ACCEPT
case14,390,ACCEPT,True,True,ACCEPT
case14,391,ACCEPT,True,True,ACCEPT
case14,392,ACCEPT,True,True,ACCEPT
case14,393,ACCEPT,True,True,ACCEPT
case14,394,ACCEPT,True,True,ACCEPT
case14,395,ACCEPT,True,True,ACCEPT
case14,396,ACCEPT,True,True,ACCEPT
case14,397,ACCEPT,True,True,ACCEPT
case14,398,ACCEPT,True,True,ACCEPT
case14,399,ACCEPT,True,True,ACCEPT
case14,400,ACCEPT,True,True,ACCEPT
case14,401,ACCEPT,True,True,ACCEPT
case14,402,ACCEPT,True,True,ACCEPT
case14,403,ACCEPT,True,True,ACCEPT
case14,404,ACCEPT,True,True,ACCEPT
case14,405,ACCEPT,True,True,ACCEPT
case14,406,ACCEPT,True,True,ACCEPT
case14,407,ACCEPT,True,True,ACCEPT
case14,408,ACCEPT,True,True,ACCEPT
case14,409,ACCEPT,True,True,ACCEPT
case14,410,ACCEPT,True,True,ACCEPT
case14,411,ACCEPT,True,True,ACCEPT
case14,412,ACCEPT,True,True,ACCEPT
case14,413,ACCEPT,True,True,ACCEPT
case14,414,ACCEPT,True,True,ACCEPT
case14,415,ACCEPT,True,True,ACCEPT
case14,416,ACCEPT,True,True,ACCEPT
case14,417,ACCEPT,True,True,ACCEPT
case14,418,ACCEPT,True,True,ACCEPT
case14,419,ACCEPT,True,True,ACCEPT
case14,420,ACCEPT,True,True,ACCEPT
case14,421,ACCEPT,True,True,ACCEPT
case14,422,ACCEPT,True,True,ACCEPT
case14,423,ACCEPT,True,True,ACCEPT
case14,424,ACCEPT,True,True,ACCEPT
case14,425,ACCEPT,True,True,ACCEPT
case14,426,ACCEPT,True,True,ACCEPT
case14,427,ACCEPT,True,True,ACCEPT
case14,428,ACCEPT,True,True,ACCEPT
case14,429,ACCEPT,True,True,ACCEPT
case14,430,ACCEPT,True,True,ACCEPT
case14,431,ACCEPT,True,True,ACCEPT
case14,432,ACCEPT,True,True,ACCEPT
case14,433,ACCEPT,True,True,ACCEPT
case14,434,ACCEPT,True,True,ACCEPT
case14,435,ACCEPT,True,True,ACCEPT
case14,436,ACCEPT,True,True,ACCEPT
case14,437,ACCEPT,True,True,ACCEPT
case14,438,ACCEPT,True,True,ACCEPT
case14,439,ACCEPT,True,True,ACCEPT
case14,440,ACCEPT,True,True,ACCEPT
case14,441,ACCEPT,True,True,ACCEPT
case14,442,ACCEPT,True,True,ACCEPT
case14,443,ACCEPT,True,True,ACCEPT
case14,444,ACCEPT,True,True,ACCEPT
case14,445,ACCEPT,True,True,ACCEPT
case14,446,ACCEPT,True,True,ACCEPT
case14,447,ACCEPT,True,True,ACCEPT
case14,448,ACCEPT,True,True,ACCEPT
case14,449,ACCEPT,True,True,ACCEPT
case14,450,ACCEPT,True,True,ACCEPT
case14,451,ACCEPT,True,True,ACCEPT
case14,452,ACCEPT,True,True,ACCEPT
case14,453,ACCEPT,True,True,ACCEPT
case14,454,ACCEPT,True,True,ACCEPT
case14,455,ACCEPT,True,True,ACCEPT
case14,456,ACCEPT,True,True,ACCEPT
case14,457,ACCEPT,True,True,ACCEPT
case14,458,ACCEPT,True,True,ACCEPT
case14,459,ACCEPT,True,True,ACCEPT
case14,460,ACCEPT,True,True,ACCEPT
case14,461,ACCEPT,True,True,ACCEPT
case14,462,ACCEPT,True,True,ACCEPT
case14,463,ACCEPT,True,True,ACCEPT
case14,464,ACCEPT,True,True,ACCEPT
case14,465,ACCEPT,True,True,ACCEPT
case14,466,ACCEPT,True,True,ACCEPT
case14,467,ACCEPT,True,True,ACCEPT
case14,468,ACCEPT,True,True,ACCEPT
case14,469,ACCEPT,True,True,ACCEPT
case14,470,ACCEPT,True,True,ACCEPT
case14,471,ACCEPT,True,True,ACCEPT
case14,472,ACCEPT,True,True,ACCEPT
case14,473,ACCEPT,True,True,ACCEPT
case14,474,ACCEPT,True,True,ACCEPT
case14,475,ACCEPT,True,True,ACCEPT
case14,476,ACCEPT,True,True,ACCEPT
case14,477,ACCEPT,True,True,ACCEPT
case14,478,ACCEPT,True,True,ACCEPT
case14,479,ACCEPT,True,True,ACCEPT
case14,480,ACCEPT,True,True,ACCEPT
case14,481,ACCEPT,True,True,ACCEPT
case14,482,ACCEPT,True,True,ACCEPT
case14,483,ACCEPT,True,True,ACCEPT
case14,484,ACCEPT,True,True,ACCEPT
case14,485,ACCEPT,True,True,ACCEPT
case14,486,ACCEPT,True,True,ACCEPT
case14,487,ACCEPT,True,True,ACCEPT
case14,488,ACCEPT,True,True,ACCEPT
case14,489,ACCEPT,True,True,ACCEPT
case14,490,ACCEPT,True,True,ACCEPT
case14,491,ACCEPT,True,True,ACCEPT
case14,492,ACCEPT,True,True,ACCEPT
case14,493,ACCEPT,True,True,ACCEPT
case14,494,ACCEPT,True,True,ACCEPT
case14,495,ACCEPT,True,True,ACCEPT
case14,496,ACCEPT,True,True,ACCEPT
case14,497,ACCEPT,True,True,ACCEPT
case14,498,ACCEPT,True,True,ACCEPT
case14,499,ACCEPT,True,True,ACCEPT
case14,500,ACCEPT,True,True,ACCEPT
case14,501,ACCEPT,True,True,ACCEPT
case14,502,ACCEPT,True,True,ACCEPT
case14,503,ACCEPT,True,True,ACCEPT
case14,504,ACCEPT,True,True,ACCEPT
case14,505,ACCEPT,True,True,ACCEPT
case14,506,ACCEPT,True,True,ACCEPT
case14,507,ACCEPT,True,True,ACCEPT
case14,508,ACCEPT,True,True,ACCEPT
case14,509,ACCEPT,True,True,ACCEPT
case14,510,ACCEPT,True,True,ACCEPT
case14,511,ACCEPT,True,True,ACCEPT
case14,512,ACCEPT,True,True,ACCEPT
case14,513,ACCEPT,True,True,ACCEPT
case14,514,ACCEPT,True,True,ACCEPT
case14,515,ACCEPT,True,True,ACCEPT
case14,516,ACCEPT,True,True,ACCEPT
case14,517,ACCEPT,True,True,ACCEPT
case14,518,ACCEPT,True,True,ACCEPT
case14,519,ACCEPT,True,True,ACCEPT
case14,520,ACCEPT,True,True,ACCEPT
case14,521,ACCEPT,True,True,ACCEPT
case14,522,ACCEPT,True,True,ACCEPT
case14,523,ACCEPT,True,True,ACCEPT
case14,524,ACCEPT,True,True,ACCEPT
case14,525,ACCEPT,True,True,ACCEPT
case14,526,ACCEPT,True,True,ACCEPT
case14,527,ACCEPT,True,True,ACCEPT
case14,528,ACCEPT,True,True,ACCEPT
case14,529,ACCEPT,True,True,ACCEPT
case14,530,ACCEPT,True,True,ACCEPT
case14,531,ACCEPT,True,True,ACCEPT
case14,532,ACCEPT,True,True,ACCEPT
case14,533,ACCEPT,True,True,ACCEPT
case14,534,ACCEPT,True,True,ACCEPT
case14,535,ACCEPT,True,True,ACCEPT
case14,536,ACCEPT,True,True,ACCEPT
case14,537,ACCEPT,True,True,ACCEPT
case14,538,ACCEPT,True,True,ACCEPT
case14,539,ACCEPT,True,True,ACCEPT
case14,540,ACCEPT,True,True,ACCEPT
case14,541,ACCEPT,True,True,ACCEPT
case14,542,ACCEPT,True,True,ACCEPT
case14,543,ACCEPT,True,True,ACCEPT
case14,544,ACCEPT,True,True,ACCEPT
case14,545,ACCEPT,True,True,ACCEPT
case14,546,ACCEPT,True,True,ACCEPT
case14,547,ACCEPT,True,True,ACCEPT
case14,548,ACCEPT,True,True,ACCEPT
case14,549,ACCEPT,True,True,ACCEPT
case14,550,ACCEPT,True,True,ACCEPT
case14,551,ACCEPT,True,True,ACCEPT
case14,552,ACCEPT,True,True,ACCEPT
case14,553,ACCEPT,True,True,ACCEPT
case14,554,ACCEPT,True,True,ACCEPT
case14,555,ACCEPT,True,True,ACCEPT
case14,556,ACCEPT,True,True,ACCEPT
case14,557,ACCEPT,True,True,ACCEPT
case14,558,ACCEPT,True,True,ACCEPT
case14,559,ACCEPT,True,True,ACCEPT
case14,560,ACCEPT,True,True,ACCEPT
case14,561,ACCEPT,True,True,ACCEPT
case14,562,ACCEPT,True,True,ACCEPT
case14,563,ACCEPT,True,True,ACCEPT
case14,564,ACCEPT,True,True,ACCEPT
case14,565,ACCEPT,True,True,ACCEPT
case14,566,ACCEPT,True,True,ACCEPT
case14,567,ACCEPT,True,True,ACCEPT
case14,568,ACCEPT,True,True,ACCEPT
case14,569,ACCEPT,True,True,ACCEPT
case14,570,ACCEPT,True,True,ACCEPT
case14,571,ACCEPT,True,True,ACCEPT
case14,572,ACCEPT,True,True,ACCEPT
case14,573,ACCEPT,True,True,ACCEPT
case14,574,ACCEPT,True,True,ACCEPT
case14,575,ACCEPT,True,True,ACCEPT
case14,576,ACCEPT,True,True,ACCEPT
case14,577,ACCEPT,True,True,ACCEPT
case14,578,ACCEPT,True,True,ACCEPT
case14,579,ACCEPT,True,True,ACCEPT
case14,580,ACCEPT,True,True,ACCEPT
case14,581,ACCEPT,True,True,ACCEPT
case14,582,ACCEPT,True,True,ACCEPT
case14,583,ACCEPT,True,True,ACCEPT
case14,584,ACCEPT,True,True,ACCEPT
case14,585,ACCEPT,True,True,ACCEPT
case14,586,ACCEPT,True,True,ACCEPT
case14,587,ACCEPT,True,True,ACCEPT
case14,588,ACCEPT,True,True,ACCEPT
case14,589,ACCEPT,True,True,ACCEPT
case14,590,ACCEPT,True,True,ACCEPT
case14,591,ACCEPT,True,True,ACCEPT
case14,592,ACCEPT,True,True,ACCEPT
case14,593,ACCEPT,True,True,ACCEPT
case14,594,ACCEPT,True,True,ACCEPT
case14,595,ACCEPT,True,True,ACCEPT
case14,596,ACCEPT,True,True,ACCEPT
case14,597,ACCEPT,True,True,ACCEPT
case14,598,ACCEPT,True,True,ACCEPT
case14,599,ACCEPT,True,True,ACCEPT
case14,600,ACCEPT,True,True,ACCEPT
case14,601,ACCEPT,True,True,ACCEPT
case14,602,ACCEPT,True,True,ACCEPT
case14,603,ACCEPT,True,True,ACCEPT
case14,604,ACCEPT,True,True,ACCEPT
case14,605,ACCEPT,True,True,ACCEPT
case14,606,ACCEPT,True,True,ACCEPT
case14,607,ACCEPT,True,True,ACCEPT
case14,608,ACCEPT,True,True,ACCEPT
case14,609,ACCEPT,True,True,ACCEPT
case14,610,ACCEPT,True,True,ACCEPT
case14,611,ACCEPT,True,True,ACCEPT
case14,612,ACCEPT,True,True,ACCEPT
case14,613,ACCEPT,True,True,ACCEPT
case14,614,ACCEPT,True,True,ACCEPT
case14,615,ACCEPT,True,True,ACCEPT
case14,616,ACCEPT,True,True,ACCEPT
case14,617,ACCEPT,True,True,ACCEPT
case14,618,ACCEPT,True,True,ACCEPT
case14,619,ACCEPT,True,True,ACCEPT
case14,620,ACCEPT,True,True,ACCEPT
case14,621,ACCEPT,True,True,ACCEPT
case14,622,ACCEPT,True,True,ACCEPT
case14,623,ACCEPT,True,True,ACCEPT
case14,624,ACCEPT,True,True,ACCEPT
case14,625,ACCEPT,True,True,ACCEPT
case14,626,ACCEPT,True,True,ACCEPT
case14,627,ACCEPT,True,True,ACCEPT
case14,628,ACCEPT,True,True,ACCEPT
case14,629,ACCEPT,True,True,ACCEPT
case14,630,ACCEPT,True,True,ACCEPT
case14,631,ACCEPT,True,True,ACCEPT
case14,632,ACCEPT,True,True,ACCEPT
case14,633,ACCEPT,True,True,ACCEPT
case14,634,ACCEPT,True,True,ACCEPT
case14,635,ACCEPT,True,True,ACCEPT
case14,636,ACCEPT,True,True,ACCEPT
case14,637,ACCEPT,True,True,ACCEPT
case14,638,ACCEPT,True,True,ACCEPT
case14,639,ACCEPT,True,True,ACCEPT
case14,640,ACCEPT,True,True,ACCEPT
case14,641,ACCEPT,True,True,ACCEPT
case14,642,ACCEPT,True,True,ACCEPT
case14,643,ACCEPT,True,True,ACCEPT
case14,644,ACCEPT,True,True,ACCEPT
case14,645,ACCEPT,True,True,ACCEPT
case14,646,ACCEPT,True,True,ACCEPT
case14,647,ACCEPT,True,True,ACCEPT
case14,648,ACCEPT,True,True,ACCEPT
case14,649,ACCEPT,True,True,ACCEPT
case14,650,ACCEPT,True,True,ACCEPT
case14,651,ACCEPT,True,True,ACCEPT
case14,652,ACCEPT,True,True,ACCEPT
case14,653,ACCEPT,True,True,ACCEPT
case14,654,ACCEPT,True,True,ACCEPT
case14,655,ACCEPT,True,True,ACCEPT
case14,656,ACCEPT,True,True,ACCEPT
case14,657,ACCEPT,True,True,ACCEPT
case14,658,ACCEPT,True,True,ACCEPT
case14,659,ACCEPT,True,True,ACCEPT
case14,660,ACCEPT,True,True,ACCEPT
case14,661,ACCEPT,True,True,ACCEPT
case14,662,ACCEPT,True,True,ACCEPT
case14,663,ACCEPT,True,True,ACCEPT
case14,664,ACCEPT,True,True,ACCEPT
case14,665,ACCEPT,True,True,ACCEPT
case14,666,ACCEPT,True,True,ACCEPT
case14,667,ACCEPT,True,True,ACCEPT
case14,668,ACCEPT,True,True,ACCEPT
case14,669,ACCEPT,True,True,ACCEPT
case14,670,ACCEPT,True,True,ACCEPT
case14,671,ACCEPT,True,True,ACCEPT
case14,672,ACCEPT,True,True,ACCEPT
case14,673,ACCEPT,True,True,ACCEPT
case14,674,ACCEPT,True,True,ACCEPT
case14,675,ACCEPT,True,True,ACCEPT
case14,676,ACCEPT,True,True,ACCEPT
case14,677,ACCEPT,True,True,ACCEPT
case14,678,ACCEPT,True,True,ACCEPT
case14,679,ACCEPT,True,True,ACCEPT
case14,680,ACCEPT,True,True,ACCEPT
case14,681,ACCEPT,True,True,ACCEPT
case14,682,ACCEPT,True,True,ACCEPT
case14,683,ACCEPT,True,True,ACCEPT
case14,684,ACCEPT,True,True,ACCEPT
case14,685,ACCEPT,True,True,ACCEPT
case14,686,ACCEPT,True,True,ACCEPT
case14,687,ACCEPT,True,True,ACCEPT
case14,688,ACCEPT,True,True,ACCEPT
case14,689,ACCEPT,True,True,ACCEPT
case14,690,ACCEPT,True,True,ACCEPT
case14,691,ACCEPT,True,True,ACCEPT
case14,692,ACCEPT,True,True,ACCEPT
case14,693,ACCEPT,True,True,ACCEPT
case14,694,ACCEPT,True,True,ACCEPT
case14,695,ACCEPT,True,True,ACCEPT
case14,696,ACCEPT,True,True,ACCEPT
case14,697,ACCEPT,True,True,ACCEPT
case14,698,ACCEPT,True,True,ACCEPT
case14,699,ACCEPT,True,True,ACCEPT
case14,700,ACCEPT,True,True,ACCEPT
case14,701,ACCEPT,True,True,ACCEPT
case14,702,ACCEPT,True,True,ACCEPT
case14,703,ACCEPT,True,True,ACCEPT
case14,704,ACCEPT,True,True,ACCEPT
case14,705,ACCEPT,True,True,ACCEPT
case14,706,ACCEPT,True,True,ACCEPT
case14,707,ACCEPT,True,True,ACCEPT
case14,708,ACCEPT,True,True,ACCEPT
case14,709,ACCEPT,True,True,ACCEPT
case14,710,ACCEPT,True,True,ACCEPT
case14,711,ACCEPT,True,True,ACCEPT
case14,712,ACCEPT,True,True,ACCEPT
case14,713,ACCEPT,True,True,ACCEPT
case14,714,ACCEPT,True,True,ACCEPT
case14,715,ACCEPT,True,True,ACCEPT
case14,716,ACCEPT,True,True,ACCEPT
case14,717,ACCEPT,True,True,ACCEPT
case14,718,ACCEPT,True,True,ACCEPT
case14,719,ACCEPT,True,True,ACCEPT
case14,720,ACCEPT,True,True,ACCEPT
case14,721,ACCEPT,True,True,ACCEPT
case14,722,ACCEPT,True,True,ACCEPT
case14,723,ACCEPT,True,True,ACCEPT
case14,724,ACCEPT,True,True,ACCEPT
case14,725,ACCEPT,True,True,ACCEPT
case14,726,ACCEPT,True,True,ACCEPT
case14,727,ACCEPT,True,True,ACCEPT
case14,728,ACCEPT,True,True,ACCEPT
case14,729,ACCEPT,True,True,ACCEPT
case14,730,ACCEPT,True,True,ACCEPT
case14,731,ACCEPT,True,True,ACCEPT
case14,732,ACCEPT,True,True,ACCEPT
case14,733,ACCEPT,True,True,ACCEPT
case14,734,ACCEPT,True,True,ACCEPT
case14,735,ACCEPT,True,True,ACCEPT
case14,736,ACCEPT,True,True,ACCEPT
case14,737,ACCEPT,True,True,ACCEPT
case14,738,ACCEPT,True,True,ACCEPT
case14,739,ACCEPT,True,True,ACCEPT
case14,740,ACCEPT,True,True,ACCEPT
case14,741,ACCEPT,True,True,ACCEPT
case14,742,ACCEPT,True,True,ACCEPT
case14,743,ACCEPT,True,True,ACCEPT
case14,744,ACCEPT,True,True,ACCEPT
case14,745,ACCEPT,True,True,ACCEPT
case14,746,ACCEPT,True,True,ACCEPT
case14,747,ACCEPT,True,True,ACCEPT
case14,748,ACCEPT,True,True,ACCEPT
case14,749,ACCEPT,True,True,ACCEPT
case14,750,ACCEPT,True,True,ACCEPT
case14,751,ACCEPT,True,True,ACCEPT
case14,752,ACCEPT,True,True,ACCEPT
case14,753,ACCEPT,True,True,ACCEPT
case14,754,ACCEPT,True,True,ACCEPT
case14,755,ACCEPT,True,True,ACCEPT
case14,756,ACCEPT,True,True,ACCEPT
case14,757,ACCEPT,True,True,ACCEPT
case14,758,ACCEPT,True,True,ACCEPT
case14,759,ACCEPT,True,True,ACCEPT
case14,760,ACCEPT,True,True,ACCEPT
case14,761,ACCEPT,True,True,ACCEPT
case14,762,ACCEPT,True,True,ACCEPT
case14,763,ACCEPT,True,True,ACCEPT
case14,764,ACCEPT,True,True,ACCEPT
case14,765,ACCEPT,True,True,ACCEPT
case14,766,ACCEPT,True,True,ACCEPT
case14,767,ACCEPT,True,True,ACCEPT
case14,768,ACCEPT,True,True,ACCEPT
case14,769,ACCEPT,True,True,ACCEPT
case14,770,ACCEPT,True,True,ACCEPT
case14,771,ACCEPT,True,True,ACCEPT
case14,772,ACCEPT,True,True,ACCEPT
case14,773,ACCEPT,True,True,ACCEPT
case14,774,ACCEPT,True,True,ACCEPT
case14,775,ACCEPT,True,True,ACCEPT
case14,776,ACCEPT,True,True,ACCEPT
case14,777,ACCEPT,True,True,ACCEPT
case14,778,ACCEPT,True,True,ACCEPT
case14,779,ACCEPT,True,True,ACCEPT
case14,780,ACCEPT,True,True,ACCEPT
case14,781,ACCEPT,True,True,ACCEPT
case14,782,ACCEPT,True,True,ACCEPT
case14,783,ACCEPT,True,True,ACCEPT
case14,784,ACCEPT,True,True,ACCEPT
case14,785,ACCEPT,True,True,ACCEPT
case14,786,ACCEPT,True,True,ACCEPT
case14,787,ACCEPT,True,True,ACCEPT
case14,788,ACCEPT,True,True,ACCEPT
case14,789,ACCEPT,True,True,ACCEPT
case14,790,ACCEPT,True,True,ACCEPT
case14,791,ACCEPT,True,True,ACCEPT
case14,792,ACCEPT,True,True,ACCEPT
case14,793,ACCEPT,True,True,ACCEPT
case14,794,ACCEPT,True,True,ACCEPT
case14,795,ACCEPT,True,True,ACCEPT
case14,796,ACCEPT,True,True,ACCEPT
case14,797,ACCEPT,True,True,ACCEPT
case14,798,ACCEPT,True,True,ACCEPT
case14,799,ACCEPT,True,True,ACCEPT
case14,800,ACCEPT,True,True,ACCEPT
case14,801,ACCEPT,True,True,ACCEPT
case14,802,ACCEPT,True,True,ACCEPT
case14,803,ACCEPT,True,True,ACCEPT
case14,804,ACCEPT,True,True,ACCEPT
case14,805,ACCEPT,True,True,ACCEPT
case14,806,ACCEPT,True,True,ACCEPT
case14,807,ACCEPT,True,True,ACCEPT
case14,808,ACCEPT,True,True,ACCEPT
case14,809,ACCEPT,True,True,ACCEPT
case14,810,ACCEPT,True,True,ACCEPT
case14,811,ACCEPT,True,True,ACCEPT
case14,812,ACCEPT,True,True,ACCEPT
case14,813,ACCEPT,True,True,ACCEPT
case14,814,ACCEPT,True,True,ACCEPT
case14,815,ACCEPT,True,True,ACCEPT
case14,816,ACCEPT,True,True,ACCEPT
case14,817,ACCEPT,True,True,ACCEPT
case14,818,ACCEPT,True,True,ACCEPT
case14,819,ACCEPT,True,True,ACCEPT
case14,820,ACCEPT,True,True,ACCEPT
case14,821,ACCEPT,True,True,ACCEPT
case14,822,ACCEPT,True,True,ACCEPT
case14,823,ACCEPT,True,True,ACCEPT
case14,824,ACCEPT,True,True,ACCEPT
case14,825,ACCEPT,True,True,ACCEPT
case14,826,ACCEPT,True,True,ACCEPT
case14,827,ACCEPT,True,True,ACCEPT
case14,828,ACCEPT,True,True,ACCEPT
case14,829,ACCEPT,True,True,ACCEPT
case14,830,ACCEPT,True,True,ACCEPT
case14,831,ACCEPT,True,True,ACCEPT
case14,832,ACCEPT,True,True,ACCEPT
case14,833,ACCEPT,True,True,ACCEPT
case14,834,ACCEPT,True,True,ACCEPT
case14,835,ACCEPT,True,True,ACCEPT
case14,836,ACCEPT,True,True,ACCEPT
case14,837,ACCEPT,True,True,ACCEPT
case14,838,ACCEPT,True,True,ACCEPT
case14,839,ACCEPT,True,True,ACCEPT
case14,840,ACCEPT,True,True,ACCEPT
case14,841,ACCEPT,True,True,ACCEPT
case14,842,ACCEPT,True,True,ACCEPT
case14,843,ACCEPT,True,True,ACCEPT
case14,844,ACCEPT,True,True,ACCEPT
case14,845,ACCEPT,True,True,ACCEPT
case14,846,ACCEPT,True,True,ACCEPT
case14,847,ACCEPT,True,True,ACCEPT
case14,848,ACCEPT,True,True,ACCEPT
case14,849,ACCEPT,True,True,ACCEPT
case14,850,ACCEPT,True,True,ACCEPT
case14,851,ACCEPT,True,True,ACCEPT
case14,852,ACCEPT,True,True,ACCEPT
case14,853,ACCEPT,True,True,ACCEPT
case14,854,ACCEPT,True,True,ACCEPT
case14,855,ACCEPT,True,True,ACCEPT
case14,856,ACCEPT,True,True,ACCEPT
case14,857,ACCEPT,True,True,ACCEPT
case14,858,ACCEPT,True,True,ACCEPT
case14,859,ACCEPT,True,True,ACCEPT
case14,860,ACCEPT,True,True,ACCEPT
case14,861,ACCEPT,True,True,ACCEPT
case14,862,ACCEPT,True,True,ACCEPT
case14,863,ACCEPT,True,True,ACCEPT
case14,864,ACCEPT,True,True,ACCEPT
case14,865,ACCEPT,True,True,ACCEPT
case14,866,ACCEPT,True,True,ACCEPT
case14,867,ACCEPT,True,True,ACCEPT
case14,868,ACCEPT,True,True,ACCEPT
case14,869,ACCEPT,True,True,ACCEPT
case14,870,ACCEPT,True,True,ACCEPT
case14,871,ACCEPT,True,True,ACCEPT
case14,872,ACCEPT,True,True,ACCEPT
case14,873,ACCEPT,True,True,ACCEPT
case14,874,ACCEPT,True,True,ACCEPT
case14,875,ACCEPT,True,True,ACCEPT
case14,876,ACCEPT,True,True,ACCEPT
case14,877,ACCEPT,True,True,ACCEPT
case14,878,ACCEPT,True,True,ACCEPT
case14,879,ACCEPT,True,True,ACCEPT
case14,880,ACCEPT,True,True,ACCEPT
case14,881,ACCEPT,True,True,ACCEPT
case14,882,ACCEPT,True,True,ACCEPT
case14,883,ACCEPT,True,True,ACCEPT
case14,884,ACCEPT,True,True,ACCEPT
case14,885,ACCEPT,True,True,ACCEPT
case14,886,ACCEPT,True,True,ACCEPT
case14,887,ACCEPT,True,True,ACCEPT
case14,888,ACCEPT,True,True,ACCEPT
case14,889,ACCEPT,True,True,ACCEPT
case14,890,ACCEPT,True,True,ACCEPT
case14,891,ACCEPT,True,True,ACCEPT
case14,892,ACCEPT,True,True,ACCEPT
case14,893,ACCEPT,True,True,ACCEPT
case14,894,ACCEPT,True,True,ACCEPT
case14,895,ACCEPT,True,True,ACCEPT
case14,896,ACCEPT,True,True,ACCEPT
case14,897,ACCEPT,True,True,ACCEPT
case14,898,ACCEPT,True,True,ACCEPT
case14,899,ACCEPT,True,True,ACCEPT
case14,900,ACCEPT,True,True,ACCEPT
case14,901,ACCEPT,True,True,ACCEPT
case14,902,ACCEPT,True,True,ACCEPT
case14,903,ACCEPT,True,True,ACCEPT
case14,904,ACCEPT,True,True,ACCEPT
case14,905,ACCEPT,True,True,ACCEPT
case14,906,ACCEPT,True,True,ACCEPT
case14,907,ACCEPT,True,True,ACCEPT
case14,908,ACCEPT,True,True,ACCEPT
case14,909,ACCEPT,True,True,ACCEPT
case14,910,ACCEPT,True,True,ACCEPT
case14,911,ACCEPT,True,True,ACCEPT
case14,912,ACCEPT,True,True,ACCEPT
case14,913,ACCEPT,True,True,ACCEPT
case14,914,ACCEPT,True,True,ACCEPT
case14,915,ACCEPT,True,True,ACCEPT
case14,916,ACCEPT,True,True,ACCEPT
case14,917,ACCEPT,True,True,ACCEPT
case14,918,ACCEPT,True,True,ACCEPT
case14,919,ACCEPT,True,True,ACCEPT
case14,920,ACCEPT,True,True,ACCEPT
case14,921,ACCEPT,True,True,ACCEPT
case14,922,ACCEPT,True,True,ACCEPT
case14,923,ACCEPT,True,True,ACCEPT
case14,924,ACCEPT,True,True,ACCEPT
case14,925,ACCEPT,True,True,ACCEPT
case14,926,ACCEPT,True,True,ACCEPT
case14,927,ACCEPT,True,True,ACCEPT
case14,928,ACCEPT,True,True,ACCEPT
case14,929,ACCEPT,True,True,ACCEPT
case14,930,ACCEPT,True,True,ACCEPT
case14,931,ACCEPT,True,True,ACCEPT
case14,932,ACCEPT,True,True,ACCEPT
case14,933,ACCEPT,True,True,ACCEPT
case14,934,ACCEPT,True,True,ACCEPT
case14,935,ACCEPT,True,True,ACCEPT
case14,936,ACCEPT,True,True,ACCEPT
case14,937,ACCEPT,True,True,ACCEPT
case14,938,ACCEPT,True,True,ACCEPT
case14,939,ACCEPT,True,True,ACCEPT
case14,940,ACCEPT,True,True,ACCEPT
case14,941,ACCEPT,True,True,ACCEPT
case14,942,ACCEPT,True,True,ACCEPT
case14,943,ACCEPT,True,True,ACCEPT
case14,944,ACCEPT,True,True,ACCEPT
case14,945,ACCEPT,True,True,ACCEPT
case14,946,ACCEPT,True,True,ACCEPT
case14,947,ACCEPT,True,True,ACCEPT
case14,948,ACCEPT,True,True,ACCEPT
case14,949,ACCEPT,True,True,ACCEPT
case14,950,ACCEPT,True,True,ACCEPT
case14,951,ACCEPT,True,True,ACCEPT
case14,952,ACCEPT,True,True,ACCEPT
case14,953,ACCEPT,True,True,ACCEPT
case14,954,ACCEPT,True,True,ACCEPT
case14,955,ACCEPT,True,True,ACCEPT
case14,956,ACCEPT,True,True,ACCEPT
case14,957,ACCEPT,True,True,ACCEPT
case14,958,ACCEPT,True,True,ACCEPT
case14,959,ACCEPT,True,True,ACCEPT
case14,960,ACCEPT,True,True,ACCEPT
case14,961,ACCEPT,True,True,ACCEPT
case14,962,ACCEPT,True,True,ACCEPT
case14,963,ACCEPT,True,True,ACCEPT
case14,964,ACCEPT,True,True,ACCEPT
case14,965,ACCEPT,True,True,ACCEPT
case14,966,ACCEPT,True,True,ACCEPT
case14,967,ACCEPT,True,True,ACCEPT
case14,968,ACCEPT,True,True,ACCEPT
case14,969,ACCEPT,True,True,ACCEPT
case14,970,ACCEPT,True,True,ACCEPT
case14,971,ACCEPT,True,True,ACCEPT
case14,972,ACCEPT,True,True,ACCEPT
case14,973,ACCEPT,True,True,ACCEPT
case14,974,ACCEPT,True,True,ACCEPT
case14,975,ACCEPT,True,True,ACCEPT
case14,976,ACCEPT,True,True,ACCEPT
case14,977,ACCEPT,True,True,ACCEPT
case14,978,ACCEPT,True,True,ACCEPT
case14,979,ACCEPT,True,True,ACCEPT
case14,980,ACCEPT,True,True,ACCEPT
case14,981,ACCEPT,True,True,ACCEPT
case14,982,ACCEPT,True,True,ACCEPT
case14,983,ACCEPT,True,True,ACCEPT
case14,984,ACCEPT,True,True,ACCEPT
case14,985,ACCEPT,True,True,ACCEPT
case14,986,ACCEPT,True,True,ACCEPT
case14,987,ACCEPT,True,True,ACCEPT
case14,988,ACCEPT,True,True,ACCEPT
case14,989,ACCEPT,True,True,ACCEPT
case14,990,ACCEPT,True,True,ACCEPT
case14,991,ACCEPT,True,True,ACCEPT
case14,992,ACCEPT,True,True,ACCEPT
case14,993,ACCEPT,True,True,ACCEPT
case14,994,ACCEPT,True,True,ACCEPT
case14,995,ACCEPT,True,True,ACCEPT
case14,996,ACCEPT,True,True,ACCEPT
case14,997,ACCEPT,True,True,ACCEPT
case14,998,ACCEPT,True,True,ACCEPT
case14,999,ACCEPT,True,True,ACCEPT
case30,0,ACCEPT,True,True,ACCEPT
case30,1,ACCEPT,True,True,ACCEPT
case30,2,ACCEPT,True,True,ACCEPT
case30,3,ACCEPT,True,True,ACCEPT
case30,4,ACCEPT,True,True,ACCEPT
case30,5,ACCEPT,True,True,ACCEPT
case30,6,ACCEPT,True,True,ACCEPT
case30,7,ACCEPT,True,True,ACCEPT
case30,8,ACCEPT,True,True,ACCEPT
case30,9,ACCEPT,True,True,ACCEPT
case30,10,ACCEPT,True,True,ACCEPT
case30,11,ACCEPT,True,True,ACCEPT
case30,12,ACCEPT,True,True,ACCEPT
case30,13,ACCEPT,True,True,ACCEPT
case30,14,ACCEPT,True,True,ACCEPT
case30,15,ACCEPT,True,True,ACCEPT
case30,16,ACCEPT,True,True,ACCEPT
case30,17,ACCEPT,True,True,ACCEPT
case30,18,ACCEPT,True,True,ACCEPT
case30,19,ACCEPT,True,True,ACCEPT
case30,20,ACCEPT,True,True,ACCEPT
case30,21,ACCEPT,True,True,ACCEPT
case30,22,ACCEPT,True,True,ACCEPT
case30,23,ACCEPT,True,True,ACCEPT
case30,24,ACCEPT,True,True,ACCEPT
case30,25,ACCEPT,True,True,ACCEPT
case30,26,ACCEPT,True,True,ACCEPT
case30,27,ACCEPT,True,True,ACCEPT
case30,28,ACCEPT,True,True,ACCEPT
case30,29,ACCEPT,True,True,ACCEPT
case30,30,ACCEPT,True,True,ACCEPT
case30,31,ACCEPT,True,True,ACCEPT
case30,32,ACCEPT,True,True,ACCEPT
case30,33,ACCEPT,True,True,ACCEPT
case30,34,ACCEPT,True,True,ACCEPT
case30,35,ACCEPT,True,True,ACCEPT
case30,36,ACCEPT,True,True,ACCEPT
case30,37,ACCEPT,True,True,ACCEPT
case30,38,ACCEPT,True,True,ACCEPT
case30,39,ACCEPT,True,True,ACCEPT
case30,40,ACCEPT,True,True,ACCEPT
case30,41,ACCEPT,True,True,ACCEPT
case30,42,ACCEPT,True,True,ACCEPT
case30,43,ACCEPT,True,True,ACCEPT
case30,44,ACCEPT,True,True,ACCEPT
case30,45,ACCEPT,True,True,ACCEPT
case30,46,ACCEPT,True,True,ACCEPT
case30,47,ACCEPT,True,True,ACCEPT
case30,48,ACCEPT,True,True,ACCEPT
case30,49,ACCEPT,True,True,ACCEPT
case30,50,ACCEPT,True,True,ACCEPT
case30,51,ACCEPT,True,True,ACCEPT
case30,52,ACCEPT,True,True,ACCEPT
case30,53,ACCEPT,True,True,ACCEPT
case30,54,ACCEPT,True,True,ACCEPT
case30,55,ACCEPT,True,True,ACCEPT
case30,56,ACCEPT,True,True,ACCEPT
case30,57,ACCEPT,True,True,ACCEPT
case30,58,ACCEPT,True,True,ACCEPT
case30,59,ACCEPT,True,True,ACCEPT
case30,60,ACCEPT,True,True,ACCEPT
case30,61,ACCEPT,True,True,ACCEPT
case30,62,ACCEPT,True,True,ACCEPT
case30,63,ACCEPT,True,True,ACCEPT
case30,64,ACCEPT,True,True,ACCEPT
case30,65,ACCEPT,True,True,ACCEPT
case30,66,ACCEPT,True,True,ACCEPT
case30,67,ACCEPT,True,True,ACCEPT
case30,68,ACCEPT,True,True,ACCEPT
case30,69,ACCEPT,True,True,ACCEPT
case30,70,ACCEPT,True,True,ACCEPT
case30,71,ACCEPT,True,True,ACCEPT
case30,72,ACCEPT,True,True,ACCEPT
case30,73,ACCEPT,True,True,ACCEPT
case30,74,ACCEPT,True,True,ACCEPT
case30,75,ACCEPT,True,True,ACCEPT
case30,76,ACCEPT,True,True,ACCEPT
case30,77,ACCEPT,True,True,ACCEPT
case30,78,ACCEPT,True,True,ACCEPT
case30,79,ACCEPT,True,True,ACCEPT
case30,80,ACCEPT,True,True,ACCEPT
case30,81,ACCEPT,True,True,ACCEPT
case30,82,ACCEPT,True,True,ACCEPT
case30,83,ACCEPT,True,True,ACCEPT
case30,84,ACCEPT,True,True,ACCEPT
case30,85,ACCEPT,True,True,ACCEPT
case30,86,ACCEPT,True,True,ACCEPT
case30,87,ACCEPT,True,True,ACCEPT
case30,88,ACCEPT,True,True,ACCEPT
case30,89,ACCEPT,True,True,ACCEPT
case30,90,ACCEPT,True,True,ACCEPT
case30,91,ACCEPT,True,True,ACCEPT
case30,92,ACCEPT,True,True,ACCEPT
case30,93,ACCEPT,True,True,ACCEPT
case30,94,ACCEPT,True,True,ACCEPT
case30,95,ACCEPT,True,True,ACCEPT
case30,96,ACCEPT,True,True,ACCEPT
case30,97,ACCEPT,True,True,ACCEPT
case30,98,ACCEPT,True,True,ACCEPT
case30,99,ACCEPT,True,True,ACCEPT
case30,100,ACCEPT,True,True,ACCEPT
case30,101,ACCEPT,True,True,ACCEPT
case30,102,ACCEPT,True,True,ACCEPT
case30,103,ACCEPT,True,True,ACCEPT
case30,104,ACCEPT,True,True,ACCEPT
case30,105,ACCEPT,True,True,ACCEPT
case30,106,ACCEPT,True,True,ACCEPT
case30,107,ACCEPT,True,True,ACCEPT
case30,108,ACCEPT,True,True,ACCEPT
case30,109,ACCEPT,True,True,ACCEPT
case30,110,ACCEPT,True,True,ACCEPT
case30,111,ACCEPT,True,True,ACCEPT
case30,112,ACCEPT,True,True,ACCEPT
case30,113,ACCEPT,True,True,ACCEPT
case30,114,ACCEPT,True,True,ACCEPT
case30,115,ACCEPT,True,True,ACCEPT
case30,116,ACCEPT,True,True,ACCEPT
case30,117,ACCEPT,True,True,ACCEPT
case30,118,ACCEPT,True,True,ACCEPT
case30,119,ACCEPT,True,True,ACCEPT
case30,120,ACCEPT,True,True,ACCEPT
case30,121,ACCEPT,True,True,ACCEPT
case30,122,ACCEPT,True,True,ACCEPT
case30,123,ACCEPT,True,True,ACCEPT
case30,124,ACCEPT,True,True,ACCEPT
case30,125,ACCEPT,True,True,ACCEPT
case30,126,ACCEPT,True,True,ACCEPT
case30,127,ACCEPT,True,True,ACCEPT
case30,128,ACCEPT,True,True,ACCEPT
case30,129,ACCEPT,True,True,ACCEPT
case30,130,ACCEPT,True,True,ACCEPT
case30,131,ACCEPT,True,True,ACCEPT
case30,132,ACCEPT,True,True,ACCEPT
case30,133,ACCEPT,True,True,ACCEPT
case30,134,ACCEPT,True,True,ACCEPT
case30,135,ACCEPT,True,True,ACCEPT
case30,136,ACCEPT,True,True,ACCEPT
case30,137,ACCEPT,True,True,ACCEPT
case30,138,ACCEPT,True,True,ACCEPT
case30,139,ACCEPT,True,True,ACCEPT
case30,140,ACCEPT,True,True,ACCEPT
case30,141,ACCEPT,True,True,ACCEPT
case30,142,ACCEPT,True,True,ACCEPT
case30,143,ACCEPT,True,True,ACCEPT
case30,144,ACCEPT,True,True,ACCEPT
case30,145,ACCEPT,True,True,ACCEPT
case30,146,ACCEPT,True,True,ACCEPT
case30,147,ACCEPT,True,True,ACCEPT
case30,148,ACCEPT,True,True,ACCEPT
case30,149,ACCEPT,True,True,ACCEPT
case30,150,ACCEPT,True,True,ACCEPT
case30,151,ACCEPT,True,True,ACCEPT
case30,152,ACCEPT,True,True,ACCEPT
case30,153,ACCEPT,True,True,ACCEPT
case30,154,ACCEPT,True,True,ACCEPT
case30,155,ACCEPT,True,True,ACCEPT
case30,156,ACCEPT,True,True,ACCEPT
case30,157,ACCEPT,True,True,ACCEPT
case30,158,ACCEPT,True,True,ACCEPT
case30,159,ACCEPT,True,True,ACCEPT
case30,160,ACCEPT,True,True,ACCEPT
case30,161,ACCEPT,True,True,ACCEPT
case30,162,ACCEPT,True,True,ACCEPT
case30,163,ACCEPT,True,True,ACCEPT
case30,164,ACCEPT,True,True,ACCEPT
case30,165,ACCEPT,True,True,ACCEPT
case30,166,ACCEPT,True,True,ACCEPT
case30,167,ACCEPT,True,True,ACCEPT
case30,168,ACCEPT,True,True,ACCEPT
case30,169,ACCEPT,True,True,ACCEPT
case30,170,ACCEPT,True,True,ACCEPT
case30,171,ACCEPT,True,True,ACCEPT
case30,172,ACCEPT,True,True,ACCEPT
case30,173,ACCEPT,True,True,ACCEPT
case30,174,ACCEPT,True,True,ACCEPT
case30,175,ACCEPT,True,True,ACCEPT
case30,176,ACCEPT,True,True,ACCEPT
case30,177,ACCEPT,True,True,ACCEPT
case30,178,ACCEPT,True,True,ACCEPT
case30,179,ACCEPT,True,True,ACCEPT
case30,180,ACCEPT,True,True,ACCEPT
case30,181,ACCEPT,True,True,ACCEPT
case30,182,ACCEPT,True,True,ACCEPT
case30,183,ACCEPT,True,True,ACCEPT
case30,184,ACCEPT,True,True,ACCEPT
case30,185,ACCEPT,True,True,ACCEPT
case30,186,ACCEPT,True,True,ACCEPT
case30,187,ACCEPT,True,True,ACCEPT
case30,188,ACCEPT,True,True,ACCEPT
case30,189,ACCEPT,True,True,ACCEPT
case30,190,ACCEPT,True,True,ACCEPT
case30,191,ACCEPT,True,True,ACCEPT
case30,192,ACCEPT,True,True,ACCEPT
case30,193,ACCEPT,True,True,ACCEPT
case30,194,ACCEPT,True,True,ACCEPT
case30,195,ACCEPT,True,True,ACCEPT
case30,196,ACCEPT,True,True,ACCEPT
case30,197,ACCEPT,True,True,ACCEPT
case30,198,ACCEPT,True,True,ACCEPT
case30,199,ACCEPT,True,True,ACCEPT
case30,200,ACCEPT,True,True,ACCEPT
case30,201,ACCEPT,True,True,ACCEPT
case30,202,ACCEPT,True,True,ACCEPT
case30,203,ACCEPT,True,True,ACCEPT
case30,204,ACCEPT,True,True,ACCEPT
case30,205,ACCEPT,True,True,ACCEPT
case30,206,ACCEPT,True,True,ACCEPT
case30,207,ACCEPT,True,True,ACCEPT
case30,208,ACCEPT,True,True,ACCEPT
case30,209,ACCEPT,True,True,ACCEPT
case30,210,ACCEPT,True,True,ACCEPT
case30,211,ACCEPT,True,True,ACCEPT
case30,212,ACCEPT,True,True,ACCEPT
case30,213,ACCEPT,True,True,ACCEPT
case30,214,ACCEPT,True,True,ACCEPT
case30,215,ACCEPT,True,True,ACCEPT
case30,216,ACCEPT,True,True,ACCEPT
case30,217,ACCEPT,True,True,ACCEPT
case30,218,ACCEPT,True,True,ACCEPT
case30,219,ACCEPT,True,True,ACCEPT
case30,220,ACCEPT,True,True,ACCEPT
case30,221,ACCEPT,True,True,ACCEPT
case30,222,ACCEPT,True,True,ACCEPT
case30,223,ACCEPT,True,True,ACCEPT
case30,224,ACCEPT,True,True,ACCEPT
case30,225,ACCEPT,True,True,ACCEPT
case30,226,ACCEPT,True,True,ACCEPT
case30,227,ACCEPT,True,True,ACCEPT
case30,228,ACCEPT,True,True,ACCEPT
case30,229,ACCEPT,True,True,ACCEPT
case30,230,ACCEPT,True,True,ACCEPT
case30,231,ACCEPT,True,True,ACCEPT
case30,232,ACCEPT,True,True,ACCEPT
case30,233,ACCEPT,True,True,ACCEPT
case30,234,ACCEPT,True,True,ACCEPT
case30,235,ACCEPT,True,True,ACCEPT
case30,236,ACCEPT,True,True,ACCEPT
case30,237,ACCEPT,True,True,ACCEPT
case30,238,ACCEPT,True,True,ACCEPT
case30,239,ACCEPT,True,True,ACCEPT
case30,240,ACCEPT,True,True,ACCEPT
case30,241,ACCEPT,True,True,ACCEPT
case30,242,ACCEPT,True,True,ACCEPT
case30,243,ACCEPT,True,True,ACCEPT
case30,244,ACCEPT,True,True,ACCEPT
case30,245,ACCEPT,True,True,ACCEPT
case30,246,ACCEPT,True,True,ACCEPT
case30,247,ACCEPT,True,True,ACCEPT
case30,248,ACCEPT,True,True,ACCEPT
case30,249,ACCEPT,True,True,ACCEPT
case30,250,ACCEPT,True,True,ACCEPT
case30,251,ACCEPT,True,True,ACCEPT
case30,252,ACCEPT,True,True,ACCEPT
case30,253,ACCEPT,True,True,ACCEPT
case30,254,ACCEPT,True,True,ACCEPT
case30,255,ACCEPT,True,True,ACCEPT
case30,256,ACCEPT,True,True,ACCEPT
case30,257,ACCEPT,True,True,ACCEPT
case30,258,ACCEPT,True,True,ACCEPT
case30,259,ACCEPT,True,True,ACCEPT
case30,260,ACCEPT,True,True,ACCEPT
case30,261,ACCEPT,True,True,ACCEPT
case30,262,ACCEPT,True,True,ACCEPT
case30,263,ACCEPT,True,True,ACCEPT
case30,264,ACCEPT,True,True,ACCEPT
case30,265,ACCEPT,True,True,ACCEPT
case30,266,ACCEPT,True,True,ACCEPT
case30,267,ACCEPT,True,True,ACCEPT
case30,268,ACCEPT,True,True,ACCEPT
case30,269,ACCEPT,True,True,ACCEPT
case30,270,ACCEPT,True,True,ACCEPT
case30,271,ACCEPT,True,True,ACCEPT
case30,272,ACCEPT,True,True,ACCEPT
case30,273,ACCEPT,True,True,ACCEPT
case30,274,ACCEPT,True,True,ACCEPT
case30,275,ACCEPT,True,True,ACCEPT
case30,276,ACCEPT,True,True,ACCEPT
case30,277,ACCEPT,True,True,ACCEPT
case30,278,ACCEPT,True,True,ACCEPT
case30,279,ACCEPT,True,True,ACCEPT
case30,280,ACCEPT,True,True,ACCEPT
case30,281,ACCEPT,True,True,ACCEPT
case30,282,ACCEPT,True,True,ACCEPT
case30,283,ACCEPT,True,True,ACCEPT
case30,284,ACCEPT,True,True,ACCEPT
case30,285,ACCEPT,True,True,ACCEPT
case30,286,ACCEPT,True,True,ACCEPT
case30,287,ACCEPT,True,True,ACCEPT
case30,288,ACCEPT,True,True,ACCEPT
case30,289,ACCEPT,True,True,ACCEPT
case30,290,ACCEPT,True,True,ACCEPT
case30,291,ACCEPT,True,True,ACCEPT
case30,292,ACCEPT,True,True,ACCEPT
case30,293,ACCEPT,True,True,ACCEPT
case30,294,ACCEPT,True,True,ACCEPT
case30,295,ACCEPT,True,True,ACCEPT
case30,296,ACCEPT,True,True,ACCEPT
case30,297,ACCEPT,True,True,ACCEPT
case30,298,ACCEPT,True,True,ACCEPT
case30,299,ACCEPT,True,True,ACCEPT
case30,300,ACCEPT,True,True,ACCEPT
case30,301,ACCEPT,True,True,ACCEPT
case30,302,ACCEPT,True,True,ACCEPT
case30,303,ACCEPT,True,True,ACCEPT
case30,304,ACCEPT,True,True,ACCEPT
case30,305,ACCEPT,True,True,ACCEPT
case30,306,ACCEPT,True,True,ACCEPT
case30,307,ACCEPT,True,True,ACCEPT
case30,308,ACCEPT,True,True,ACCEPT
case30,309,ACCEPT,True,True,ACCEPT
case30,310,ACCEPT,True,True,ACCEPT
case30,311,ACCEPT,True,True,ACCEPT
case30,312,ACCEPT,True,True,ACCEPT
case30,313,ACCEPT,True,True,ACCEPT
case30,314,ACCEPT,True,True,ACCEPT
case30,315,ACCEPT,True,True,ACCEPT
case30,316,ACCEPT,True,True,ACCEPT
case30,317,ACCEPT,True,True,ACCEPT
case30,318,ACCEPT,True,True,ACCEPT
case30,319,ACCEPT,True,True,ACCEPT
case30,320,ACCEPT,True,True,ACCEPT
case30,321,ACCEPT,True,True,ACCEPT
case30,322,ACCEPT,True,True,ACCEPT
case30,323,ACCEPT,True,True,ACCEPT
case30,324,ACCEPT,True,True,ACCEPT
case30,325,ACCEPT,True,True,ACCEPT
case30,326,ACCEPT,True,True,ACCEPT
case30,327,ACCEPT,True,True,ACCEPT
case30,328,ACCEPT,True,True,ACCEPT
case30,329,ACCEPT,True,True,ACCEPT
case30,330,ACCEPT,True,True,ACCEPT
case30,331,ACCEPT,True,True,ACCEPT
case30,332,ACCEPT,True,True,ACCEPT
case30,333,ACCEPT,True,True,ACCEPT
case30,334,ACCEPT,True,True,ACCEPT
case30,335,ACCEPT,True,True,ACCEPT
case30,336,ACCEPT,True,True,ACCEPT
case30,337,ACCEPT,True,True,ACCEPT
case30,338,ACCEPT,True,True,ACCEPT
case30,339,ACCEPT,True,True,ACCEPT
case30,340,ACCEPT,True,True,ACCEPT
case30,341,ACCEPT,True,True,ACCEPT
case30,342,ACCEPT,True,True,ACCEPT
case30,343,ACCEPT,True,True,ACCEPT
case30,344,ACCEPT,True,True,ACCEPT
case30,345,ACCEPT,True,True,ACCEPT
case30,346,ACCEPT,True,True,ACCEPT
case30,347,ACCEPT,True,True,ACCEPT
case30,348,ACCEPT,True,True,ACCEPT
case30,349,ACCEPT,True,True,ACCEPT
case30,350,ACCEPT,True,True,ACCEPT
case30,351,ACCEPT,True,True,ACCEPT
case30,352,ACCEPT,True,True,ACCEPT
case30,353,ACCEPT,True,True,ACCEPT
case30,354,ACCEPT,True,True,ACCEPT
case30,355,ACCEPT,True,True,ACCEPT
case30,356,ACCEPT,True,True,ACCEPT
case30,357,ACCEPT,True,True,ACCEPT
case30,358,ACCEPT,True,True,ACCEPT
case30,359,ACCEPT,True,True,ACCEPT
case30,360,ACCEPT,True,True,ACCEPT
case30,361,ACCEPT,True,True,ACCEPT
case30,362,ACCEPT,True,True,ACCEPT
case30,363,ACCEPT,True,True,ACCEPT
case30,364,ACCEPT,True,True,ACCEPT
case30,365,ACCEPT,True,True,ACCEPT
case30,366,ACCEPT,True,True,ACCEPT
case30,367,ACCEPT,True,True,ACCEPT
case30,368,ACCEPT,True,True,ACCEPT
case30,369,ACCEPT,True,True,ACCEPT
case30,370,ACCEPT,True,True,ACCEPT
case30,371,ACCEPT,True,True,ACCEPT
case30,372,ACCEPT,True,True,ACCEPT
case30,373,ACCEPT,True,True,ACCEPT
case30,374,ACCEPT,True,True,ACCEPT
case30,375,ACCEPT,True,True,ACCEPT
case30,376,ACCEPT,True,True,ACCEPT
case30,377,ACCEPT,True,True,ACCEPT
case30,378,ACCEPT,True,True,ACCEPT
case30,379,ACCEPT,True,True,ACCEPT
case30,380,ACCEPT,True,True,ACCEPT
case30,381,ACCEPT,True,True,ACCEPT
case30,382,ACCEPT,True,True,ACCEPT
case30,383,ACCEPT,True,True,ACCEPT
case30,384,ACCEPT,True,True,ACCEPT
case30,385,ACCEPT,True,True,ACCEPT
case30,386,ACCEPT,True,True,ACCEPT
case30,387,ACCEPT,True,True,ACCEPT
case30,388,ACCEPT,True,True,ACCEPT
case30,389,ACCEPT,True,True,ACCEPT
case30,390,ACCEPT,True,True,ACCEPT
case30,391,ACCEPT,True,True,ACCEPT
case30,392,ACCEPT,True,True,ACCEPT
case30,393,ACCEPT,True,True,ACCEPT
case30,394,ACCEPT,True,True,ACCEPT
case30,395,ACCEPT,True,True,ACCEPT
case30,396,ACCEPT,True,True,ACCEPT
case30,397,ACCEPT,True,True,ACCEPT
case30,398,ACCEPT,True,True,ACCEPT
case30,399,ACCEPT,True,True,ACCEPT
case30,400,ACCEPT,True,True,ACCEPT
case30,401,ACCEPT,True,True,ACCEPT
case30,402,ACCEPT,True,True,ACCEPT
case30,403,ACCEPT,True,True,ACCEPT
case30,404,ACCEPT,True,True,ACCEPT
case30,405,ACCEPT,True,True,ACCEPT
case30,406,ACCEPT,True,True,ACCEPT
case30,407,ACCEPT,True,True,ACCEPT
case30,408,ACCEPT,True,True,ACCEPT
case30,409,ACCEPT,True,True,ACCEPT
case30,410,ACCEPT,True,True,ACCEPT
case30,411,ACCEPT,True,True,ACCEPT
case30,412,ACCEPT,True,True,ACCEPT
case30,413,ACCEPT,True,True,ACCEPT
case30,414,ACCEPT,True,True,ACCEPT
case30,415,ACCEPT,True,True,ACCEPT
case30,416,ACCEPT,True,True,ACCEPT
case30,417,ACCEPT,True,True,ACCEPT
case30,418,ACCEPT,True,True,ACCEPT
case30,419,ACCEPT,True,True,ACCEPT
case30,420,ACCEPT,True,True,ACCEPT
case30,421,ACCEPT,True,True,ACCEPT
case30,422,ACCEPT,True,True,ACCEPT
case30,423,ACCEPT,True,True,ACCEPT
case30,424,ACCEPT,True,True,ACCEPT
case30,425,ACCEPT,True,True,ACCEPT
case30,426,ACCEPT,True,True,ACCEPT
case30,427,ACCEPT,True,True,ACCEPT
case30,428,ACCEPT,True,True,ACCEPT
case30,429,ACCEPT,True,True,ACCEPT
case30,430,ACCEPT,True,True,ACCEPT
case30,431,ACCEPT,True,True,ACCEPT
case30,432,ACCEPT,True,True,ACCEPT
case30,433,ACCEPT,True,True,ACCEPT
case30,434,ACCEPT,True,True,ACCEPT
case30,435,ACCEPT,True,True,ACCEPT
case30,436,ACCEPT,True,True,ACCEPT
case30,437,ACCEPT,True,True,ACCEPT
case30,438,ACCEPT,True,True,ACCEPT
case30,439,ACCEPT,True,True,ACCEPT
case30,440,ACCEPT,True,True,ACCEPT
case30,441,ACCEPT,True,True,ACCEPT
case30,442,ACCEPT,True,True,ACCEPT
case30,443,ACCEPT,True,True,ACCEPT
case30,444,ACCEPT,True,True,ACCEPT
case30,445,ACCEPT,True,True,ACCEPT
case30,446,ACCEPT,True,True,ACCEPT
case30,447,ACCEPT,True,True,ACCEPT
case30,448,ACCEPT,True,True,ACCEPT
case30,449,ACCEPT,True,True,ACCEPT
case30,450,ACCEPT,True,True,ACCEPT
case30,451,ACCEPT,True,True,ACCEPT
case30,452,ACCEPT,True,True,ACCEPT
case30,453,ACCEPT,True,True,ACCEPT
case30,454,ACCEPT,True,True,ACCEPT
case30,455,ACCEPT,True,True,ACCEPT
case30,456,ACCEPT,True,True,ACCEPT
case30,457,ACCEPT,True,True,ACCEPT
case30,458,ACCEPT,True,True,ACCEPT
case30,459,ACCEPT,True,True,ACCEPT
case30,460,ACCEPT,True,True,ACCEPT
case30,461,ACCEPT,True,True,ACCEPT
case30,462,ACCEPT,True,True,ACCEPT
case30,463,ACCEPT,True,True,ACCEPT
case30,464,ACCEPT,True,True,ACCEPT
case30,465,ACCEPT,True,True,ACCEPT
case30,466,ACCEPT,True,True,ACCEPT
case30,467,ACCEPT,True,True,ACCEPT
case30,468,ACCEPT,True,True,ACCEPT
case30,469,ACCEPT,True,True,ACCEPT
case30,470,ACCEPT,True,True,ACCEPT
case30,471,ACCEPT,True,True,ACCEPT
case30,472,ACCEPT,True,True,ACCEPT
case30,473,ACCEPT,True,True,ACCEPT
case30,474,ACCEPT,True,True,ACCEPT
case30,475,ACCEPT,True,True,ACCEPT
case30,476,ACCEPT,True,True,ACCEPT
case30,477,ACCEPT,True,True,ACCEPT
case30,478,ACCEPT,True,True,ACCEPT
case30,479,ACCEPT,True,True,ACCEPT
case30,480,ACCEPT,True,True,ACCEPT
case30,481,ACCEPT,True,True,ACCEPT
case30,482,ACCEPT,True,True,ACCEPT
case30,483,ACCEPT,True,True,ACCEPT
case30,484,ACCEPT,True,True,ACCEPT
case30,485,ACCEPT,True,True,ACCEPT
case30,486,ACCEPT,True,True,ACCEPT
case30,487,ACCEPT,True,True,ACCEPT
case30,488,ACCEPT,True,True,ACCEPT
case30,489,ACCEPT,True,True,ACCEPT
case30,490,ACCEPT,True,True,ACCEPT
case30,491,ACCEPT,True,True,ACCEPT
case30,492,ACCEPT,True,True,ACCEPT
case30,493,ACCEPT,True,True,ACCEPT
case30,494,ACCEPT,True,True,ACCEPT
case30,495,ACCEPT,True,True,ACCEPT
case30,496,ACCEPT,True,True,ACCEPT
case30,497,ACCEPT,True,True,ACCEPT
case30,498,ACCEPT,True,True,ACCEPT
case30,499,ACCEPT,True,True,ACCEPT
case30,500,ACCEPT,True,True,ACCEPT
case30,501,ACCEPT,True,True,ACCEPT
case30,502,ACCEPT,True,True,ACCEPT
case30,503,ACCEPT,True,True,ACCEPT
case30,504,ACCEPT,True,True,ACCEPT
case30,505,ACCEPT,True,True,ACCEPT
case30,506,ACCEPT,True,True,ACCEPT
case30,507,ACCEPT,True,True,ACCEPT
case30,508,ACCEPT,True,True,ACCEPT
case30,509,ACCEPT,True,True,ACCEPT
case30,510,ACCEPT,True,True,ACCEPT
case30,511,ACCEPT,True,True,ACCEPT
case30,512,ACCEPT,True,True,ACCEPT
case30,513,ACCEPT,True,True,ACCEPT
case30,514,ACCEPT,True,True,ACCEPT
case30,515,ACCEPT,True,True,ACCEPT
case30,516,ACCEPT,True,True,ACCEPT
case30,517,ACCEPT,True,True,ACCEPT
case30,518,ACCEPT,True,True,ACCEPT
case30,519,ACCEPT,True,True,ACCEPT
case30,520,ACCEPT,True,True,ACCEPT
case30,521,ACCEPT,True,True,ACCEPT
case30,522,ACCEPT,True,True,ACCEPT
case30,523,ACCEPT,True,True,ACCEPT
case30,524,ACCEPT,True,True,ACCEPT
case30,525,ACCEPT,True,True,ACCEPT
case30,526,ACCEPT,True,True,ACCEPT
case30,527,ACCEPT,True,True,ACCEPT
case30,528,ACCEPT,True,True,ACCEPT
case30,529,ACCEPT,True,True,ACCEPT
case30,530,ACCEPT,True,True,ACCEPT
case30,531,ACCEPT,True,True,ACCEPT
case30,532,ACCEPT,True,True,ACCEPT
case30,533,ACCEPT,True,True,ACCEPT
case30,534,ACCEPT,True,True,ACCEPT
case30,535,ACCEPT,True,True,ACCEPT
case30,536,ACCEPT,True,True,ACCEPT
case30,537,ACCEPT,True,True,ACCEPT
case30,538,ACCEPT,True,True,ACCEPT
case30,539,ACCEPT,True,True,ACCEPT
case30,540,ACCEPT,True,True,ACCEPT
case30,541,ACCEPT,True,True,ACCEPT
case30,542,ACCEPT,True,True,ACCEPT
case30,543,ACCEPT,True,True,ACCEPT
case30,544,ACCEPT,True,True,ACCEPT
case30,545,ACCEPT,True,True,ACCEPT
case30,546,ACCEPT,True,True,ACCEPT
case30,547,ACCEPT,True,True,ACCEPT
case30,548,ACCEPT,True,True,ACCEPT
case30,549,ACCEPT,True,True,ACCEPT
case30,550,ACCEPT,True,True,ACCEPT
case30,551,ACCEPT,True,True,ACCEPT
case30,552,ACCEPT,True,True,ACCEPT
case30,553,ACCEPT,True,True,ACCEPT
case30,554,ACCEPT,True,True,ACCEPT
case30,555,ACCEPT,True,True,ACCEPT
case30,556,ACCEPT,True,True,ACCEPT
case30,557,ACCEPT,True,True,ACCEPT
case30,558,ACCEPT,True,True,ACCEPT
case30,559,ACCEPT,True,True,ACCEPT
case30,560,ACCEPT,True,True,ACCEPT
case30,561,ACCEPT,True,True,ACCEPT
case30,562,ACCEPT,True,True,ACCEPT
case30,563,ACCEPT,True,True,ACCEPT
case30,564,ACCEPT,True,True,ACCEPT
case30,565,ACCEPT,True,True,ACCEPT
case30,566,ACCEPT,True,True,ACCEPT
case30,567,ACCEPT,True,True,ACCEPT
case30,568,ACCEPT,True,True,ACCEPT
case30,569,ACCEPT,True,True,ACCEPT
case30,570,ACCEPT,True,True,ACCEPT
case30,571,ACCEPT,True,True,ACCEPT
case30,572,ACCEPT,True,True,ACCEPT
case30,573,ACCEPT,True,True,ACCEPT
case30,574,ACCEPT,True,True,ACCEPT
case30,575,ACCEPT,True,True,ACCEPT
case30,576,ACCEPT,True,True,ACCEPT
case30,577,ACCEPT,True,True,ACCEPT
case30,578,ACCEPT,True,True,ACCEPT
case30,579,ACCEPT,True,True,ACCEPT
case30,580,ACCEPT,True,True,ACCEPT
case30,581,ACCEPT,True,True,ACCEPT
case30,582,ACCEPT,True,True,ACCEPT
case30,583,ACCEPT,True,True,ACCEPT
case30,584,ACCEPT,True,True,ACCEPT
case30,585,ACCEPT,True,True,ACCEPT
case30,586,ACCEPT,True,True,ACCEPT
case30,587,ACCEPT,True,True,ACCEPT
case30,588,ACCEPT,True,True,ACCEPT
case30,589,ACCEPT,True,True,ACCEPT
case30,590,ACCEPT,True,True,ACCEPT
case30,591,ACCEPT,True,True,ACCEPT
case30,592,ACCEPT,True,True,ACCEPT
case30,593,ACCEPT,True,True,ACCEPT
case30,594,ACCEPT,True,True,ACCEPT
case30,595,ACCEPT,True,True,ACCEPT
case30,596,ACCEPT,True,True,ACCEPT
case30,597,ACCEPT,True,True,ACCEPT
case30,598,ACCEPT,True,True,ACCEPT
case30,599,ACCEPT,True,True,ACCEPT
case30,600,ACCEPT,True,True,ACCEPT
case30,601,ACCEPT,True,True,ACCEPT
case30,602,ACCEPT,True,True,ACCEPT
case30,603,ACCEPT,True,True,ACCEPT
case30,604,ACCEPT,True,True,ACCEPT
case30,605,ACCEPT,True,True,ACCEPT
case30,606,ACCEPT,True,True,ACCEPT
case30,607,ACCEPT,True,True,ACCEPT
case30,608,ACCEPT,True,True,ACCEPT
case30,609,ACCEPT,True,True,ACCEPT
case30,610,ACCEPT,True,True,ACCEPT
case30,611,ACCEPT,True,True,ACCEPT
case30,612,ACCEPT,True,True,ACCEPT
case30,613,ACCEPT,True,True,ACCEPT
case30,614,ACCEPT,True,True,ACCEPT
case30,615,ACCEPT,True,True,ACCEPT
case30,616,ACCEPT,True,True,ACCEPT
case30,617,ACCEPT,True,True,ACCEPT
case30,618,ACCEPT,True,True,ACCEPT
case30,619,ACCEPT,True,True,ACCEPT
case30,620,ACCEPT,True,True,ACCEPT
case30,621,ACCEPT,True,True,ACCEPT
case30,622,ACCEPT,True,True,ACCEPT
case30,623,ACCEPT,True,True,ACCEPT
case30,624,ACCEPT,True,True,ACCEPT
case30,625,ACCEPT,True,True,ACCEPT
case30,626,ACCEPT,True,True,ACCEPT
case30,627,ACCEPT,True,True,ACCEPT
case30,628,ACCEPT,True,True,ACCEPT
case30,629,ACCEPT,True,True,ACCEPT
case30,630,ACCEPT,True,True,ACCEPT
case30,631,ACCEPT,True,True,ACCEPT
case30,632,ACCEPT,True,True,ACCEPT
case30,633,ACCEPT,True,True,ACCEPT
case30,634,ACCEPT,True,True,ACCEPT
case30,635,ACCEPT,True,True,ACCEPT
case30,636,ACCEPT,True,True,ACCEPT
case30,637,ACCEPT,True,True,ACCEPT
case30,638,ACCEPT,True,True,ACCEPT
case30,639,ACCEPT,True,True,ACCEPT
case30,640,ACCEPT,True,True,ACCEPT
case30,641,ACCEPT,True,True,ACCEPT
case30,642,ACCEPT,True,True,ACCEPT
case30,643,ACCEPT,True,True,ACCEPT
case30,644,ACCEPT,True,True,ACCEPT
case30,645,ACCEPT,True,True,ACCEPT
case30,646,ACCEPT,True,True,ACCEPT
case30,647,ACCEPT,True,True,ACCEPT
case30,648,ACCEPT,True,True,ACCEPT
case30,649,ACCEPT,True,True,ACCEPT
case30,650,ACCEPT,True,True,ACCEPT
case30,651,ACCEPT,True,True,ACCEPT
case30,652,ACCEPT,True,True,ACCEPT
case30,653,ACCEPT,True,True,ACCEPT
case30,654,ACCEPT,True,True,ACCEPT
case30,655,ACCEPT,True,True,ACCEPT
case30,656,ACCEPT,True,True,ACCEPT
case30,657,ACCEPT,True,True,ACCEPT
case30,658,ACCEPT,True,True,ACCEPT
case30,659,ACCEPT,True,True,ACCEPT
case30,660,ACCEPT,True,True,ACCEPT
case30,661,ACCEPT,True,True,ACCEPT
case30,662,ACCEPT,True,True,ACCEPT
case30,663,ACCEPT,True,True,ACCEPT
case30,664,ACCEPT,True,True,ACCEPT
case30,665,ACCEPT,True,True,ACCEPT
case30,666,ACCEPT,True,True,ACCEPT
case30,667,ACCEPT,True,True,ACCEPT
case30,668,ACCEPT,True,True,ACCEPT
case30,669,ACCEPT,True,True,ACCEPT
case30,670,ACCEPT,True,True,ACCEPT
case30,671,ACCEPT,True,True,ACCEPT
case30,672,ACCEPT,True,True,ACCEPT
case30,673,ACCEPT,True,True,ACCEPT
case30,674,ACCEPT,True,True,ACCEPT
case30,675,ACCEPT,True,True,ACCEPT
case30,676,ACCEPT,True,True,ACCEPT
case30,677,ACCEPT,True,True,ACCEPT
case30,678,ACCEPT,True,True,ACCEPT
case30,679,ACCEPT,True,True,ACCEPT
case30,680,ACCEPT,True,True,ACCEPT
case30,681,ACCEPT,True,True,ACCEPT
case30,682,ACCEPT,True,True,ACCEPT
case30,683,ACCEPT,True,True,ACCEPT
case30,684,ACCEPT,True,True,ACCEPT
case30,685,ACCEPT,True,True,ACCEPT
case30,686,ACCEPT,True,True,ACCEPT
case30,687,ACCEPT,True,True,ACCEPT
case30,688,ACCEPT,True,True,ACCEPT
case30,689,ACCEPT,True,True,ACCEPT
case30,690,ACCEPT,True,True,ACCEPT
case30,691,ACCEPT,True,True,ACCEPT
case30,692,ACCEPT,True,True,ACCEPT
case30,693,ACCEPT,True,True,ACCEPT
case30,694,ACCEPT,True,True,ACCEPT
case30,695,ACCEPT,True,True,ACCEPT
case30,696,ACCEPT,True,True,ACCEPT
case30,697,ACCEPT,True,True,ACCEPT
case30,698,ACCEPT,True,True,ACCEPT
case30,699,ACCEPT,True,True,ACCEPT
case30,700,ACCEPT,True,True,ACCEPT
case30,701,ACCEPT,True,True,ACCEPT
case30,702,ACCEPT,True,True,ACCEPT
case30,703,ACCEPT,True,True,ACCEPT
case30,704,ACCEPT,True,True,ACCEPT
case30,705,ACCEPT,True,True,ACCEPT
case30,706,ACCEPT,True,True,ACCEPT
case30,707,ACCEPT,True,True,ACCEPT
case30,708,ACCEPT,True,True,ACCEPT
case30,709,ACCEPT,True,True,ACCEPT
case30,710,ACCEPT,True,True,ACCEPT
case30,711,ACCEPT,True,True,ACCEPT
case30,712,ACCEPT,True,True,ACCEPT
case30,713,ACCEPT,True,True,ACCEPT
case30,714,ACCEPT,True,True,ACCEPT
case30,715,ACCEPT,True,True,ACCEPT
case30,716,ACCEPT,True,True,ACCEPT
case30,717,ACCEPT,True,True,ACCEPT
case30,718,ACCEPT,True,True,ACCEPT
case30,719,ACCEPT,True,True,ACCEPT
case30,720,ACCEPT,True,True,ACCEPT
case30,721,ACCEPT,True,True,ACCEPT
case30,722,ACCEPT,True,True,ACCEPT
case30,723,ACCEPT,True,True,ACCEPT
case30,724,ACCEPT,True,True,ACCEPT
case30,725,ACCEPT,True,True,ACCEPT
case30,726,ACCEPT,True,True,ACCEPT
case30,727,ACCEPT,True,True,ACCEPT
case30,728,ACCEPT,True,True,ACCEPT
case30,729,ACCEPT,True,True,ACCEPT
case30,730,ACCEPT,True,True,ACCEPT
case30,731,ACCEPT,True,True,ACCEPT
case30,732,ACCEPT,True,True,ACCEPT
case30,733,ACCEPT,True,True,ACCEPT
case30,734,ACCEPT,True,True,ACCEPT
case30,735,ACCEPT,True,True,ACCEPT
case30,736,ACCEPT,True,True,ACCEPT
case30,737,ACCEPT,True,True,ACCEPT
case30,738,ACCEPT,True,True,ACCEPT
case30,739,ACCEPT,True,True,ACCEPT
case30,740,ACCEPT,True,True,ACCEPT
case30,741,ACCEPT,True,True,ACCEPT
case30,742,ACCEPT,True,True,ACCEPT
case30,743,ACCEPT,True,True,ACCEPT
case30,744,ACCEPT,True,True,ACCEPT
case30,745,ACCEPT,True,True,ACCEPT
case30,746,ACCEPT,True,True,ACCEPT
case30,747,ACCEPT,True,True,ACCEPT
case30,748,ACCEPT,True,True,ACCEPT
case30,749,ACCEPT,True,True,ACCEPT
case30,750,ACCEPT,True,True,ACCEPT
case30,751,ACCEPT,True,True,ACCEPT
case30,752,ACCEPT,True,True,ACCEPT
case30,753,ACCEPT,True,True,ACCEPT
case30,754,ACCEPT,True,True,ACCEPT
case30,755,ACCEPT,True,True,ACCEPT
case30,756,ACCEPT,True,True,ACCEPT
case30,757,ACCEPT,True,True,ACCEPT
case30,758,ACCEPT,True,True,ACCEPT
case30,759,ACCEPT,True,True,ACCEPT
case30,760,ACCEPT,True,True,ACCEPT
case30,761,ACCEPT,True,True,ACCEPT
case30,762,ACCEPT,True,True,ACCEPT
case30,763,ACCEPT,True,True,ACCEPT
case30,764,ACCEPT,True,True,ACCEPT
case30,765,ACCEPT,True,True,ACCEPT
case30,766,ACCEPT,True,True,ACCEPT
case30,767,ACCEPT,True,True,ACCEPT
case30,768,ACCEPT,True,True,ACCEPT
case30,769,ACCEPT,True,True,ACCEPT
case30,770,ACCEPT,True,True,ACCEPT
case30,771,ACCEPT,True,True,ACCEPT
case30,772,ACCEPT,True,True,ACCEPT
case30,773,ACCEPT,True,True,ACCEPT
case30,774,ACCEPT,True,True,ACCEPT
case30,775,ACCEPT,True,True,ACCEPT
case30,776,ACCEPT,True,True,ACCEPT
case30,777,ACCEPT,True,True,ACCEPT
case30,778,ACCEPT,True,True,ACCEPT
case30,779,ACCEPT,True,True,ACCEPT
case30,780,ACCEPT,True,True,ACCEPT
case30,781,ACCEPT,True,True,ACCEPT
case30,782,ACCEPT,True,True,ACCEPT
case30,783,ACCEPT,True,True,ACCEPT
case30,784,ACCEPT,True,True,ACCEPT
case30,785,ACCEPT,True,True,ACCEPT
case30,786,ACCEPT,True,True,ACCEPT
case30,787,ACCEPT,True,True,ACCEPT
case30,788,ACCEPT,True,True,ACCEPT
case30,789,ACCEPT,True,True,ACCEPT
case30,790,ACCEPT,True,True,ACCEPT
case30,791,ACCEPT,True,True,ACCEPT
case30,792,ACCEPT,True,True,ACCEPT
case30,793,ACCEPT,True,True,ACCEPT
case30,794,ACCEPT,True,True,ACCEPT
case30,795,ACCEPT,True,True,ACCEPT
case30,796,ACCEPT,True,True,ACCEPT
case30,797,ACCEPT,True,True,ACCEPT
case30,798,ACCEPT,True,True,ACCEPT
case30,799,ACCEPT,True,True,ACCEPT
case30,800,ACCEPT,True,True,ACCEPT
case30,801,ACCEPT,True,True,ACCEPT
case30,802,ACCEPT,True,True,ACCEPT
case30,803,ACCEPT,True,True,ACCEPT
case30,804,ACCEPT,True,True,ACCEPT
case30,805,ACCEPT,True,True,ACCEPT
case30,806,ACCEPT,True,True,ACCEPT
case30,807,ACCEPT,True,True,ACCEPT
case30,808,ACCEPT,True,True,ACCEPT
case30,809,ACCEPT,True,True,ACCEPT
case30,810,ACCEPT,True,True,ACCEPT
case30,811,ACCEPT,True,True,ACCEPT
case30,812,ACCEPT,True,True,ACCEPT
case30,813,ACCEPT,True,True,ACCEPT
case30,814,ACCEPT,True,True,ACCEPT
case30,815,ACCEPT,True,True,ACCEPT
case30,816,ACCEPT,True,True,ACCEPT
case30,817,ACCEPT,True,True,ACCEPT
case30,818,ACCEPT,True,True,ACCEPT
case30,819,ACCEPT,True,True,ACCEPT
case30,820,ACCEPT,True,True,ACCEPT
case30,821,ACCEPT,True,True,ACCEPT
case30,822,ACCEPT,True,True,ACCEPT
case30,823,ACCEPT,True,True,ACCEPT
case30,824,ACCEPT,True,True,ACCEPT
case30,825,ACCEPT,True,True,ACCEPT
case30,826,ACCEPT,True,True,ACCEPT
case30,827,ACCEPT,True,True,ACCEPT
case30,828,ACCEPT,True,True,ACCEPT
case30,829,ACCEPT,True,True,ACCEPT
case30,830,ACCEPT,True,True,ACCEPT
case30,831,ACCEPT,True,True,ACCEPT
case30,832,ACCEPT,True,True,ACCEPT
case30,833,ACCEPT,True,True,ACCEPT
case30,834,ACCEPT,True,True,ACCEPT
case30,835,ACCEPT,True,True,ACCEPT
case30,836,ACCEPT,True,True,ACCEPT
case30,837,ACCEPT,True,True,ACCEPT
case30,838,ACCEPT,True,True,ACCEPT
case30,839,ACCEPT,True,True,ACCEPT
case30,840,ACCEPT,True,True,ACCEPT
case30,841,ACCEPT,True,True,ACCEPT
case30,842,ACCEPT,True,True,ACCEPT
case30,843,ACCEPT,True,True,ACCEPT
case30,844,ACCEPT,True,True,ACCEPT
case30,845,ACCEPT,True,True,ACCEPT
case30,846,ACCEPT,True,True,ACCEPT
case30,847,ACCEPT,True,True,ACCEPT
case30,848,ACCEPT,True,True,ACCEPT
case30,849,ACCEPT,True,True,ACCEPT
case30,850,ACCEPT,True,True,ACCEPT
case30,851,ACCEPT,True,True,ACCEPT
case30,852,ACCEPT,True,True,ACCEPT
case30,853,ACCEPT,True,True,ACCEPT
case30,854,ACCEPT,True,True,ACCEPT
case30,855,ACCEPT,True,True,ACCEPT
case30,856,ACCEPT,True,True,ACCEPT
case30,857,ACCEPT,True,True,ACCEPT
case30,858,ACCEPT,True,True,ACCEPT
case30,859,ACCEPT,True,True,ACCEPT
case30,860,ACCEPT,True,True,ACCEPT
case30,861,ACCEPT,True,True,ACCEPT
case30,862,ACCEPT,True,True,ACCEPT
case30,863,ACCEPT,True,True,ACCEPT
case30,864,ACCEPT,True,True,ACCEPT
case30,865,ACCEPT,True,True,ACCEPT
case30,866,ACCEPT,True,True,ACCEPT
case30,867,ACCEPT,True,True,ACCEPT
case30,868,ACCEPT,True,True,ACCEPT
case30,869,ACCEPT,True,True,ACCEPT
case30,870,ACCEPT,True,True,ACCEPT
case30,871,ACCEPT,True,True,ACCEPT
case30,872,ACCEPT,True,True,ACCEPT
case30,873,ACCEPT,True,True,ACCEPT
case30,874,ACCEPT,True,True,ACCEPT
case30,875,ACCEPT,True,True,ACCEPT
case30,876,ACCEPT,True,True,ACCEPT
case30,877,ACCEPT,True,True,ACCEPT
case30,878,ACCEPT,True,True,ACCEPT
case30,879,ACCEPT,True,True,ACCEPT
case30,880,ACCEPT,True,True,ACCEPT
case30,881,ACCEPT,True,True,ACCEPT
case30,882,ACCEPT,True,True,ACCEPT
case30,883,ACCEPT,True,True,ACCEPT
case30,884,ACCEPT,True,True,ACCEPT
case30,885,ACCEPT,True,True,ACCEPT
case30,886,ACCEPT,True,True,ACCEPT
case30,887,ACCEPT,True,True,ACCEPT
case30,888,ACCEPT,True,True,ACCEPT
case30,889,ACCEPT,True,True,ACCEPT
case30,890,ACCEPT,True,True,ACCEPT
case30,891,ACCEPT,True,True,ACCEPT
case30,892,ACCEPT,True,True,ACCEPT
case30,893,ACCEPT,True,True,ACCEPT
case30,894,ACCEPT,True,True,ACCEPT
case30,895,ACCEPT,True,True,ACCEPT
case30,896,ACCEPT,True,True,ACCEPT
case30,897,ACCEPT,True,True,ACCEPT
case30,898,ACCEPT,True,True,ACCEPT
case30,899,ACCEPT,True,True,ACCEPT
case30,900,ACCEPT,True,True,ACCEPT
case30,901,ACCEPT,True,True,ACCEPT
case30,902,ACCEPT,True,True,ACCEPT
case30,903,ACCEPT,True,True,ACCEPT
case30,904,ACCEPT,True,True,ACCEPT
case30,905,ACCEPT,True,True,ACCEPT
case30,906,ACCEPT,True,True,ACCEPT
case30,907,ACCEPT,True,True,ACCEPT
case30,908,ACCEPT,True,True,ACCEPT
case30,909,ACCEPT,True,True,ACCEPT
case30,910,ACCEPT,True,True,ACCEPT
case30,911,ACCEPT,True,True,ACCEPT
case30,912,ACCEPT,True,True,ACCEPT
case30,913,ACCEPT,True,True,ACCEPT
case30,914,ACCEPT,True,True,ACCEPT
case30,915,ACCEPT,True,True,ACCEPT
case30,916,ACCEPT,True,True,ACCEPT
case30,917,ACCEPT,True,True,ACCEPT
case30,918,ACCEPT,True,True,ACCEPT
case30,919,ACCEPT,True,True,ACCEPT
case30,920,ACCEPT,True,True,ACCEPT
case30,921,ACCEPT,True,True,ACCEPT
case30,922,ACCEPT,True,True,ACCEPT
case30,923,ACCEPT,True,True,ACCEPT
case30,924,ACCEPT,True,True,ACCEPT
case30,925,ACCEPT,True,True,ACCEPT
case30,926,ACCEPT,True,True,ACCEPT
case30,927,ACCEPT,True,True,ACCEPT
case30,928,ACCEPT,True,True,ACCEPT
case30,929,ACCEPT,True,True,ACCEPT
case30,930,ACCEPT,True,True,ACCEPT
case30,931,ACCEPT,True,True,ACCEPT
case30,932,ACCEPT,True,True,ACCEPT
case30,933,ACCEPT,True,True,ACCEPT
case30,934,ACCEPT,True,True,ACCEPT
case30,935,ACCEPT,True,True,ACCEPT
case30,936,ACCEPT,True,True,ACCEPT
case30,937,ACCEPT,True,True,ACCEPT
case30,938,ACCEPT,True,True,ACCEPT
case30,939,ACCEPT,True,True,ACCEPT
case30,940,ACCEPT,True,True,ACCEPT
case30,941,ACCEPT,True,True,ACCEPT
case30,942,ACCEPT,True,True,ACCEPT
case30,943,ACCEPT,True,True,ACCEPT
case30,944,ACCEPT,True,True,ACCEPT
case30,945,ACCEPT,True,True,ACCEPT
case30,946,ACCEPT,True,True,ACCEPT
case30,947,ACCEPT,True,True,ACCEPT
case30,948,ACCEPT,True,True,ACCEPT
case30,949,ACCEPT,True,True,ACCEPT
case30,950,ACCEPT,True,True,ACCEPT
case30,951,ACCEPT,True,True,ACCEPT
case30,952,ACCEPT,True,True,ACCEPT
case30,953,ACCEPT,True,True,ACCEPT
case30,954,ACCEPT,True,True,ACCEPT
case30,955,ACCEPT,True,True,ACCEPT
case30,956,ACCEPT,True,True,ACCEPT
case30,957,ACCEPT,True,True,ACCEPT
case30,958,ACCEPT,True,True,ACCEPT
case30,959,ACCEPT,True,True,ACCEPT
case30,960,ACCEPT,True,True,ACCEPT
case30,961,ACCEPT,True,True,ACCEPT
case30,962,ACCEPT,True,True,ACCEPT
case30,963,ACCEPT,True,True,ACCEPT
case30,964,ACCEPT,True,True,ACCEPT
case30,965,ACCEPT,True,True,ACCEPT
case30,966,ACCEPT,True,True,ACCEPT
case30,967,ACCEPT,True,True,ACCEPT
case30,968,ACCEPT,True,True,ACCEPT
case30,969,ACCEPT,True,True,ACCEPT
case30,970,ACCEPT,True,True,ACCEPT
case30,971,ACCEPT,True,True,ACCEPT
case30,972,ACCEPT,True,True,ACCEPT
case30,973,ACCEPT,True,True,ACCEPT
case30,974,ACCEPT,True,True,ACCEPT
case30,975,ACCEPT,True,True,ACCEPT
case30,976,ACCEPT,True,True,ACCEPT
case30,977,ACCEPT,True,True,ACCEPT
case30,978,ACCEPT,True,True,ACCEPT
case30,979,ACCEPT,True,True,ACCEPT
case30,980,ACCEPT,True,True,ACCEPT
case30,981,ACCEPT,True,True,ACCEPT
case30,982,ACCEPT,True,True,ACCEPT
case30,983,ACCEPT,True,True,ACCEPT
case30,984,ACCEPT,True,True,ACCEPT
case30,985,ACCEPT,True,True,ACCEPT
case30,986,ACCEPT,True,True,ACCEPT
case30,987,ACCEPT,True,True,ACCEPT
case30,988,ACCEPT,True,True,ACCEPT
case30,989,ACCEPT,True,True,ACCEPT
case30,990,ACCEPT,True,True,ACCEPT
case30,991,ACCEPT,True,True,ACCEPT
case30,992,ACCEPT,True,True,ACCEPT
case30,993,ACCEPT,True,True,ACCEPT
case30,994,ACCEPT,True,True,ACCEPT
case30,995,ACCEPT,True,True,ACCEPT
case30,996,ACCEPT,True,True,ACCEPT
case30,997,ACCEPT,True,True,ACCEPT
case30,998,ACCEPT,True,True,ACCEPT
case30,999,ACCEPT,True,True,ACCEPT
case57,0,ACCEPT,True,True,ACCEPT
case57,1,ACCEPT,True,True,ACCEPT
case57,2,ACCEPT,True,True,ACCEPT
case57,3,ACCEPT,True,True,ACCEPT
case57,4,ACCEPT,True,True,ACCEPT
case57,5,ACCEPT,True,True,ACCEPT
case57,6,ACCEPT,True,True,ACCEPT
case57,7,ACCEPT,True,True,ACCEPT
case57,8,ACCEPT,True,True,ACCEPT
case57,9,ACCEPT,True,True,ACCEPT
case57,10,ACCEPT,True,True,ACCEPT
case57,11,ACCEPT,True,True,ACCEPT
case57,12,ACCEPT,True,True,ACCEPT
case57,13,ACCEPT,True,True,ACCEPT
case57,14,ACCEPT,True,True,ACCEPT
case57,15,ACCEPT,True,True,ACCEPT
case57,16,ACCEPT,True,True,ACCEPT
case57,17,ACCEPT,True,True,ACCEPT
case57,18,ACCEPT,True,True,ACCEPT
case57,19,ACCEPT,True,True,ACCEPT
case57,20,ACCEPT,True,True,ACCEPT
case57,21,ACCEPT,True,True,ACCEPT
case57,22,ACCEPT,True,True,ACCEPT
case57,23,ACCEPT,True,True,ACCEPT
case57,24,ACCEPT,True,True,ACCEPT
case57,25,ACCEPT,True,True,ACCEPT
case57,26,ACCEPT,True,True,ACCEPT
case57,27,ACCEPT,True,True,ACCEPT
case57,28,ACCEPT,True,True,ACCEPT
case57,29,ACCEPT,True,True,ACCEPT
case57,30,ACCEPT,True,True,ACCEPT
case57,31,ACCEPT,True,True,ACCEPT
case57,32,ACCEPT,True,True,ACCEPT
case57,33,ACCEPT,True,True,ACCEPT
case57,34,ACCEPT,True,True,ACCEPT
case57,35,ACCEPT,True,True,ACCEPT
case57,36,ACCEPT,True,True,ACCEPT
case57,37,ACCEPT,True,True,ACCEPT
case57,38,ACCEPT,True,True,ACCEPT
case57,39,ACCEPT,True,True,ACCEPT
case57,40,ACCEPT,True,True,ACCEPT
case57,41,ACCEPT,True,True,ACCEPT
case57,42,ACCEPT,True,True,ACCEPT
case57,43,ACCEPT,True,True,ACCEPT
case57,44,ACCEPT,True,True,ACCEPT
case57,45,ACCEPT,True,True,ACCEPT
case57,46,ACCEPT,True,True,ACCEPT
case57,47,ACCEPT,True,True,ACCEPT
case57,48,ACCEPT,True,True,ACCEPT
case57,49,ACCEPT,True,True,ACCEPT
case57,50,ACCEPT,True,True,ACCEPT
case57,51,ACCEPT,True,True,ACCEPT
case57,52,ACCEPT,True,True,ACCEPT
case57,53,ACCEPT,True,True,ACCEPT
case57,54,ACCEPT,True,True,ACCEPT
case57,55,ACCEPT,True,True,ACCEPT
case57,56,ACCEPT,True,True,ACCEPT
case57,57,ACCEPT,True,True,ACCEPT
case57,58,ACCEPT,True,True,ACCEPT
case57,59,ACCEPT,True,True,ACCEPT
case57,60,ACCEPT,True,True,ACCEPT
case57,61,ACCEPT,True,True,ACCEPT
case57,62,ACCEPT,True,True,ACCEPT
case57,63,ACCEPT,True,True,ACCEPT
case57,64,ACCEPT,True,True,ACCEPT
case57,65,ACCEPT,True,True,ACCEPT
case57,66,ACCEPT,True,True,ACCEPT
case57,67,ACCEPT,True,True,ACCEPT
case57,68,ACCEPT,True,True,ACCEPT
case57,69,ACCEPT,True,True,ACCEPT
case57,70,ACCEPT,True,True,ACCEPT
case57,71,ACCEPT,True,True,ACCEPT
case57,72,ACCEPT,True,True,ACCEPT
case57,73,ACCEPT,True,True,ACCEPT
case57,74,ACCEPT,True,True,ACCEPT
case57,75,ACCEPT,True,True,ACCEPT
case57,76,ACCEPT,True,True,ACCEPT
case57,77,ACCEPT,True,True,ACCEPT
case57,78,ACCEPT,True,True,ACCEPT
case57,79,ACCEPT,True,True,ACCEPT
case57,80,ACCEPT,True,True,ACCEPT
case57,81,ACCEPT,True,True,ACCEPT
case57,82,ACCEPT,True,True,ACCEPT
case57,83,ACCEPT,True,True,ACCEPT
case57,84,ACCEPT,True,True,ACCEPT
case57,85,ACCEPT,True,True,ACCEPT
case57,86,ACCEPT,True,True,ACCEPT
case57,87,ACCEPT,True,True,ACCEPT
case57,88,ACCEPT,True,True,ACCEPT
case57,89,ACCEPT,True,True,ACCEPT
case57,90,ACCEPT,True,True,ACCEPT
case57,91,ACCEPT,True,True,ACCEPT
case57,92,ACCEPT,True,True,ACCEPT
case57,93,ACCEPT,True,True,ACCEPT
case57,94,ACCEPT,True,True,ACCEPT
case57,95,ACCEPT,True,True,ACCEPT
case57,96,ACCEPT,True,True,ACCEPT
case57,97,ACCEPT,True,True,ACCEPT
case57,98,ACCEPT,True,True,ACCEPT
case57,99,ACCEPT,True,True,ACCEPT
case57,100,ACCEPT,True,True,ACCEPT
case57,101,ACCEPT,True,True,ACCEPT
case57,102,ACCEPT,True,True,ACCEPT
case57,103,ACCEPT,True,True,ACCEPT
case57,104,ACCEPT,True,True,ACCEPT
case57,105,ACCEPT,True,True,ACCEPT
case57,106,ACCEPT,True,True,ACCEPT
case57,107,ACCEPT,True,True,ACCEPT
case57,108,ACCEPT,True,True,ACCEPT
case57,109,ACCEPT,True,True,ACCEPT
case57,110,ACCEPT,True,True,ACCEPT
case57,111,ACCEPT,True,True,ACCEPT
case57,112,ACCEPT,True,True,ACCEPT
case57,113,ACCEPT,True,True,ACCEPT
case57,114,ACCEPT,True,True,ACCEPT
case57,115,ACCEPT,True,True,ACCEPT
case57,116,ACCEPT,True,True,ACCEPT
case57,117,ACCEPT,True,True,ACCEPT
case57,118,ACCEPT,True,True,ACCEPT
case57,119,ACCEPT,True,True,ACCEPT
case57,120,ACCEPT,True,True,ACCEPT
case57,121,ACCEPT,True,True,ACCEPT
case57,122,ACCEPT,True,True,ACCEPT
case57,123,ACCEPT,True,True,ACCEPT
case57,124,ACCEPT,True,True,ACCEPT
case57,125,ACCEPT,True,True,ACCEPT
case57,126,ACCEPT,True,True,ACCEPT
case57,127,ACCEPT,True,True,ACCEPT
case57,128,ACCEPT,True,True,ACCEPT
case57,129,ACCEPT,True,True,ACCEPT
case57,130,ACCEPT,True,True,ACCEPT
case57,131,ACCEPT,True,True,ACCEPT
case57,132,ACCEPT,True,True,ACCEPT
case57,133,ACCEPT,True,True,ACCEPT
case57,134,ACCEPT,True,True,ACCEPT
case57,135,ACCEPT,True,True,ACCEPT
case57,136,ACCEPT,True,True,ACCEPT
case57,137,ACCEPT,True,True,ACCEPT
case57,138,ACCEPT,True,True,ACCEPT
case57,139,ACCEPT,True,True,ACCEPT
case57,140,ACCEPT,True,True,ACCEPT
case57,141,ACCEPT,True,True,ACCEPT
case57,142,ACCEPT,True,True,ACCEPT
case57,143,ACCEPT,True,True,ACCEPT
case57,144,ACCEPT,True,True,ACCEPT
case57,145,ACCEPT,True,True,ACCEPT
case57,146,ACCEPT,True,True,ACCEPT
case57,147,ACCEPT,True,True,ACCEPT
case57,148,ACCEPT,True,True,ACCEPT
case57,149,ACCEPT,True,True,ACCEPT
case57,150,ACCEPT,True,True,ACCEPT
case57,151,ACCEPT,True,True,ACCEPT
case57,152,ACCEPT,True,True,ACCEPT
case57,153,ACCEPT,True,True,ACCEPT
case57,154,ACCEPT,True,True,ACCEPT
case57,155,ACCEPT,True,True,ACCEPT
case57,156,ACCEPT,True,True,ACCEPT
case57,157,ACCEPT,True,True,ACCEPT
case57,158,ACCEPT,True,True,ACCEPT
case57,159,ACCEPT,True,True,ACCEPT
case57,160,ACCEPT,True,True,ACCEPT
case57,161,ACCEPT,True,True,ACCEPT
case57,162,ACCEPT,True,True,ACCEPT
case57,163,ACCEPT,True,True,ACCEPT
case57,164,ACCEPT,True,True,ACCEPT
case57,165,ACCEPT,True,True,ACCEPT
case57,166,ACCEPT,True,True,ACCEPT
case57,167,ACCEPT,True,True,ACCEPT
case57,168,ACCEPT,True,True,ACCEPT
case57,169,ACCEPT,True,True,ACCEPT
case57,170,ACCEPT,True,True,ACCEPT
case57,171,ACCEPT,True,True,ACCEPT
case57,172,ACCEPT,True,True,ACCEPT
case57,173,ACCEPT,True,True,ACCEPT
case57,174,ACCEPT,True,True,ACCEPT
case57,175,ACCEPT,True,True,ACCEPT
case57,176,ACCEPT,True,True,ACCEPT
case57,177,ACCEPT,True,True,ACCEPT
case57,178,ACCEPT,True,True,ACCEPT
case57,179,ACCEPT,True,True,ACCEPT
case57,180,ACCEPT,True,True,ACCEPT
case57,181,ACCEPT,True,True,ACCEPT
case57,182,ACCEPT,True,True,ACCEPT
case57,183,ACCEPT,True,True,ACCEPT
case57,184,ACCEPT,True,True,ACCEPT
case57,185,ACCEPT,True,True,ACCEPT
case57,186,ACCEPT,True,True,ACCEPT
case57,187,ACCEPT,True,True,ACCEPT
case57,188,ACCEPT,True,True,ACCEPT
case57,189,ACCEPT,True,True,ACCEPT
case57,190,ACCEPT,True,True,ACCEPT
case57,191,ACCEPT,True,True,ACCEPT
case57,192,ACCEPT,True,True,ACCEPT
case57,193,ACCEPT,True,True,ACCEPT
case57,194,ACCEPT,True,True,ACCEPT
case57,195,ACCEPT,True,True,ACCEPT
case57,196,ACCEPT,True,True,ACCEPT
case57,197,ACCEPT,True,True,ACCEPT
case57,198,ACCEPT,True,True,ACCEPT
case57,199,ACCEPT,True,True,ACCEPT
case57,200,ACCEPT,True,True,ACCEPT
case57,201,ACCEPT,True,True,ACCEPT
case57,202,ACCEPT,True,True,ACCEPT
case57,203,ACCEPT,True,True,ACCEPT
case57,204,ACCEPT,True,True,ACCEPT
case57,205,ACCEPT,True,True,ACCEPT
case57,206,ACCEPT,True,True,ACCEPT
case57,207,ACCEPT,True,True,ACCEPT
case57,208,ACCEPT,True,True,ACCEPT
case57,209,ACCEPT,True,True,ACCEPT
case57,210,ACCEPT,True,True,ACCEPT
case57,211,ACCEPT,True,True,ACCEPT
case57,212,ACCEPT,True,True,ACCEPT
case57,213,ACCEPT,True,True,ACCEPT
case57,214,ACCEPT,True,True,ACCEPT
case57,215,ACCEPT,True,True,ACCEPT
case57,216,ACCEPT,True,True,ACCEPT
case57,217,ACCEPT,True,True,ACCEPT
case57,218,ACCEPT,True,True,ACCEPT
case57,219,ACCEPT,True,True,ACCEPT
case57,220,ACCEPT,True,True,ACCEPT
case57,221,ACCEPT,True,True,ACCEPT
case57,222,ACCEPT,True,True,ACCEPT
case57,223,ACCEPT,True,True,ACCEPT
case57,224,ACCEPT,True,True,ACCEPT
case57,225,ACCEPT,True,True,ACCEPT
case57,226,ACCEPT,True,True,ACCEPT
case57,227,ACCEPT,True,True,ACCEPT
case57,228,ACCEPT,True,True,ACCEPT
case57,229,ACCEPT,True,True,ACCEPT
case57,230,ACCEPT,True,True,ACCEPT
case57,231,ACCEPT,True,True,ACCEPT
case57,232,ACCEPT,True,True,ACCEPT
case57,233,ACCEPT,True,True,ACCEPT
case57,234,ACCEPT,True,True,ACCEPT
case57,235,ACCEPT,True,True,ACCEPT
case57,236,ACCEPT,True,True,ACCEPT
case57,237,ACCEPT,True,True,ACCEPT
case57,238,ACCEPT,True,True,ACCEPT
case57,239,ACCEPT,True,True,ACCEPT
case57,240,ACCEPT,True,True,ACCEPT
case57,241,ACCEPT,True,True,ACCEPT
case57,242,ACCEPT,True,True,ACCEPT
case57,243,ACCEPT,True,True,ACCEPT
case57,244,ACCEPT,True,True,ACCEPT
case57,245,ACCEPT,True,True,ACCEPT
case57,246,ACCEPT,True,True,ACCEPT
case57,247,ACCEPT,True,True,ACCEPT
case57,248,ACCEPT,True,True,ACCEPT
case57,249,ACCEPT,True,True,ACCEPT
case57,250,ACCEPT,True,True,ACCEPT
case57,251,ACCEPT,True,True,ACCEPT
case57,252,ACCEPT,True,True,ACCEPT
case57,253,ACCEPT,True,True,ACCEPT
case57,254,ACCEPT,True,True,ACCEPT
case57,255,ACCEPT,True,True,ACCEPT
case57,256,ACCEPT,True,True,ACCEPT
case57,257,ACCEPT,True,True,ACCEPT
case57,258,ACCEPT,True,True,ACCEPT
case57,259,ACCEPT,True,True,ACCEPT
case57,260,ACCEPT,True,True,ACCEPT
case57,261,ACCEPT,True,True,ACCEPT
case57,262,ACCEPT,True,True,ACCEPT
case57,263,ACCEPT,True,True,ACCEPT
case57,264,ACCEPT,True,True,ACCEPT
case57,265,ACCEPT,True,True,ACCEPT
case57,266,ACCEPT,True,True,ACCEPT
case57,267,ACCEPT,True,True,ACCEPT
case57,268,ACCEPT,True,True,ACCEPT
case57,269,ACCEPT,True,True,ACCEPT
case57,270,ACCEPT,True,True,ACCEPT
case57,271,ACCEPT,True,True,ACCEPT
case57,272,ACCEPT,True,True,ACCEPT
case57,273,ACCEPT,True,True,ACCEPT
case57,274,ACCEPT,True,True,ACCEPT
case57,275,ACCEPT,True,True,ACCEPT
case57,276,ACCEPT,True,True,ACCEPT
case57,277,ACCEPT,True,True,ACCEPT
case57,278,ACCEPT,True,True,ACCEPT
case57,279,ACCEPT,True,True,ACCEPT
case57,280,ACCEPT,True,True,ACCEPT
case57,281,ACCEPT,True,True,ACCEPT
case57,282,ACCEPT,True,True,ACCEPT
case57,283,ACCEPT,True,True,ACCEPT
case57,284,ACCEPT,True,True,ACCEPT
case57,285,ACCEPT,True,True,ACCEPT
case57,286,ACCEPT,True,True,ACCEPT
case57,287,ACCEPT,True,True,ACCEPT
case57,288,ACCEPT,True,True,ACCEPT
case57,289,ACCEPT,True,True,ACCEPT
case57,290,ACCEPT,True,True,ACCEPT
case57,291,ACCEPT,True,True,ACCEPT
case57,292,ACCEPT,True,True,ACCEPT
case57,293,ACCEPT,True,True,ACCEPT
case57,294,ACCEPT,True,True,ACCEPT
case57,295,ACCEPT,True,True,ACCEPT
case57,296,ACCEPT,True,True,ACCEPT
case57,297,ACCEPT,True,True,ACCEPT
case57,298,ACCEPT,True,True,ACCEPT
case57,299,ACCEPT,True,True,ACCEPT
case57,300,ACCEPT,True,True,ACCEPT
case57,301,ACCEPT,True,True,ACCEPT
case57,302,ACCEPT,True,True,ACCEPT
case57,303,ACCEPT,True,True,ACCEPT
case57,304,ACCEPT,True,True,ACCEPT
case57,305,ACCEPT,True,True,ACCEPT
case57,306,ACCEPT,True,True,ACCEPT
case57,307,ACCEPT,True,True,ACCEPT
case57,308,ACCEPT,True,True,ACCEPT
case57,309,ACCEPT,True,True,ACCEPT
case57,310,ACCEPT,True,True,ACCEPT
case57,311,ACCEPT,True,True,ACCEPT
case57,312,ACCEPT,True,True,ACCEPT
case57,313,ACCEPT,True,True,ACCEPT
case57,314,ACCEPT,True,True,ACCEPT
case57,315,ACCEPT,True,True,ACCEPT
case57,316,ACCEPT,True,True,ACCEPT
case57,317,ACCEPT,True,True,ACCEPT
case57,318,ACCEPT,True,True,ACCEPT
case57,319,ACCEPT,True,True,ACCEPT
case57,320,ACCEPT,True,True,ACCEPT
case57,321,ACCEPT,True,True,ACCEPT
case57,322,ACCEPT,True,True,ACCEPT
case57,323,ACCEPT,True,True,ACCEPT
case57,324,ACCEPT,True,True,ACCEPT
case57,325,ACCEPT,True,True,ACCEPT
case57,326,ACCEPT,True,True,ACCEPT
case57,327,ACCEPT,True,True,ACCEPT
case57,328,ACCEPT,True,True,ACCEPT
case57,329,ACCEPT,True,True,ACCEPT
case57,330,ACCEPT,True,True,ACCEPT
case57,331,ACCEPT,True,True,ACCEPT
case57,332,ACCEPT,True,True,ACCEPT
case57,333,ACCEPT,True,True,ACCEPT
case57,334,ACCEPT,True,True,ACCEPT
case57,335,ACCEPT,True,True,ACCEPT
case57,336,ACCEPT,True,True,ACCEPT
case57,337,ACCEPT,True,True,ACCEPT
case57,338,ACCEPT,True,True,ACCEPT
case57,339,ACCEPT,True,True,ACCEPT
case57,340,ACCEPT,True,True,ACCEPT
case57,341,ACCEPT,True,True,ACCEPT
case57,342,ACCEPT,True,True,ACCEPT
case57,343,ACCEPT,True,True,ACCEPT
case57,344,ACCEPT,True,True,ACCEPT
case57,345,ACCEPT,True,True,ACCEPT
case57,346,ACCEPT,True,True,ACCEPT
case57,347,ACCEPT,True,True,ACCEPT
case57,348,ACCEPT,True,True,ACCEPT
case57,349,ACCEPT,True,True,ACCEPT
case57,350,ACCEPT,True,True,ACCEPT
case57,351,ACCEPT,True,True,ACCEPT
case57,352,ACCEPT,True,True,ACCEPT
case57,353,ACCEPT,True,True,ACCEPT
case57,354,ACCEPT,True,True,ACCEPT
case57,355,ACCEPT,True,True,ACCEPT
case57,356,ACCEPT,True,True,ACCEPT
case57,357,ACCEPT,True,True,ACCEPT
case57,358,ACCEPT,True,True,ACCEPT
case57,359,ACCEPT,True,True,ACCEPT
case57,360,ACCEPT,True,True,ACCEPT
case57,361,ACCEPT,True,True,ACCEPT
case57,362,ACCEPT,True,True,ACCEPT
case57,363,ACCEPT,True,True,ACCEPT
case57,364,ACCEPT,True,True,ACCEPT
case57,365,ACCEPT,True,True,ACCEPT
case57,366,ACCEPT,True,True,ACCEPT
case57,367,ACCEPT,True,True,ACCEPT
case57,368,ACCEPT,True,True,ACCEPT
case57,369,ACCEPT,True,True,ACCEPT
case57,370,ACCEPT,True,True,ACCEPT
case57,371,ACCEPT,True,True,ACCEPT
case57,372,ACCEPT,True,True,ACCEPT
case57,373,ACCEPT,True,True,ACCEPT
case57,374,ACCEPT,True,True,ACCEPT
case57,375,ACCEPT,True,True,ACCEPT
case57,376,ACCEPT,True,True,ACCEPT
case57,377,ACCEPT,True,True,ACCEPT
case57,378,ACCEPT,True,True,ACCEPT
case57,379,ACCEPT,True,True,ACCEPT
case57,380,ACCEPT,True,True,ACCEPT
case57,381,ACCEPT,True,True,ACCEPT
case57,382,ACCEPT,True,True,ACCEPT
case57,383,ACCEPT,True,True,ACCEPT
case57,384,ACCEPT,True,True,ACCEPT
case57,385,ACCEPT,True,True,ACCEPT
case57,386,ACCEPT,True,True,ACCEPT
case57,387,ACCEPT,True,True,ACCEPT
case57,388,ACCEPT,True,True,ACCEPT
case57,389,ACCEPT,True,True,ACCEPT
case57,390,ACCEPT,True,True,ACCEPT
case57,391,ACCEPT,True,True,ACCEPT
case57,392,ACCEPT,True,True,ACCEPT
case57,393,ACCEPT,True,True,ACCEPT
case57,394,ACCEPT,True,True,ACCEPT
case57,395,ACCEPT,True,True,ACCEPT
case57,396,ACCEPT,True,True,ACCEPT
case57,397,ACCEPT,True,True,ACCEPT
case57,398,ACCEPT,True,True,ACCEPT
case57,399,ACCEPT,True,True,ACCEPT
case57,400,ACCEPT,True,True,ACCEPT
case57,401,ACCEPT,True,True,ACCEPT
case57,402,ACCEPT,True,True,ACCEPT
case57,403,ACCEPT,True,True,ACCEPT
case57,404,ACCEPT,True,True,ACCEPT
case57,405,ACCEPT,True,True,ACCEPT
case57,406,ACCEPT,True,True,ACCEPT
case57,407,ACCEPT,True,True,ACCEPT
case57,408,ACCEPT,True,True,ACCEPT
case57,409,ACCEPT,True,True,ACCEPT
case57,410,ACCEPT,True,True,ACCEPT
case57,411,ACCEPT,True,True,ACCEPT
case57,412,ACCEPT,True,True,ACCEPT
case57,413,ACCEPT,True,True,ACCEPT
case57,414,ACCEPT,True,True,ACCEPT
case57,415,ACCEPT,True,True,ACCEPT
case57,416,ACCEPT,True,True,ACCEPT
case57,417,ACCEPT,True,True,ACCEPT
case57,418,ACCEPT,True,True,ACCEPT
case57,419,ACCEPT,True,True,ACCEPT
case57,420,ACCEPT,True,True,ACCEPT
case57,421,ACCEPT,True,True,ACCEPT
case57,422,ACCEPT,True,True,ACCEPT
case57,423,ACCEPT,True,True,ACCEPT
case57,424,ACCEPT,True,True,ACCEPT
case57,425,ACCEPT,True,True,ACCEPT
case57,426,ACCEPT,True,True,ACCEPT
case57,427,ACCEPT,True,True,ACCEPT
case57,428,ACCEPT,True,True,ACCEPT
case57,429,ACCEPT,True,True,ACCEPT
case57,430,ACCEPT,True,True,ACCEPT
case57,431,ACCEPT,True,True,ACCEPT
case57,432,ACCEPT,True,True,ACCEPT
case57,433,ACCEPT,True,True,ACCEPT
case57,434,ACCEPT,True,True,ACCEPT
case57,435,ACCEPT,True,True,ACCEPT
case57,436,ACCEPT,True,True,ACCEPT
case57,437,ACCEPT,True,True,ACCEPT
case57,438,ACCEPT,True,True,ACCEPT
case57,439,ACCEPT,True,True,ACCEPT
case57,440,ACCEPT,True,True,ACCEPT
case57,441,ACCEPT,True,True,ACCEPT
case57,442,ACCEPT,True,True,ACCEPT
case57,443,ACCEPT,True,True,ACCEPT
case57,444,ACCEPT,True,True,ACCEPT
case57,445,ACCEPT,True,True,ACCEPT
case57,446,ACCEPT,True,True,ACCEPT
case57,447,ACCEPT,True,True,ACCEPT
case57,448,ACCEPT,True,True,ACCEPT
case57,449,ACCEPT,True,True,ACCEPT
case57,450,ACCEPT,True,True,ACCEPT
case57,451,ACCEPT,True,True,ACCEPT
case57,452,ACCEPT,True,True,ACCEPT
case57,453,ACCEPT,True,True,ACCEPT
case57,454,ACCEPT,True,True,ACCEPT
case57,455,ACCEPT,True,True,ACCEPT
case57,456,ACCEPT,True,True,ACCEPT
case57,457,ACCEPT,True,True,ACCEPT
case57,458,ACCEPT,True,True,ACCEPT
case57,459,ACCEPT,True,True,ACCEPT
case57,460,ACCEPT,True,True,ACCEPT
case57,461,ACCEPT,True,True,ACCEPT
case57,462,ACCEPT,True,True,ACCEPT
case57,463,ACCEPT,True,True,ACCEPT
case57,464,ACCEPT,True,True,ACCEPT
case57,465,ACCEPT,True,True,ACCEPT
case57,466,ACCEPT,True,True,ACCEPT
case57,467,ACCEPT,True,True,ACCEPT
case57,468,ACCEPT,True,True,ACCEPT
case57,469,ACCEPT,True,True,ACCEPT
case57,470,ACCEPT,True,True,ACCEPT
case57,471,ACCEPT,True,True,ACCEPT
case57,472,ACCEPT,True,True,ACCEPT
case57,473,ACCEPT,True,True,ACCEPT
case57,474,ACCEPT,True,True,ACCEPT
case57,475,ACCEPT,True,True,ACCEPT
case57,476,ACCEPT,True,True,ACCEPT
case57,477,ACCEPT,True,True,ACCEPT
case57,478,ACCEPT,True,True,ACCEPT
case57,479,ACCEPT,True,True,ACCEPT
case57,480,ACCEPT,True,True,ACCEPT
case57,481,ACCEPT,True,True,ACCEPT
case57,482,ACCEPT,True,True,ACCEPT
case57,483,ACCEPT,True,True,ACCEPT
case57,484,ACCEPT,True,True,ACCEPT
case57,485,ACCEPT,True,True,ACCEPT
case57,486,ACCEPT,True,True,ACCEPT
case57,487,ACCEPT,True,True,ACCEPT
case57,488,ACCEPT,True,True,ACCEPT
case57,489,ACCEPT,True,True,ACCEPT
case57,490,ACCEPT,True,True,ACCEPT
case57,491,ACCEPT,True,True,ACCEPT
case57,492,ACCEPT,True,True,ACCEPT
case57,493,ACCEPT,True,True,ACCEPT
case57,494,ACCEPT,True,True,ACCEPT
case57,495,ACCEPT,True,True,ACCEPT
case57,496,ACCEPT,True,True,ACCEPT
case57,497,ACCEPT,True,True,ACCEPT
case57,498,ACCEPT,True,True,ACCEPT
case57,499,ACCEPT,True,True,ACCEPT
case57,500,ACCEPT,True,True,ACCEPT
case57,501,ACCEPT,True,True,ACCEPT
case57,502,ACCEPT,True,True,ACCEPT
case57,503,ACCEPT,True,True,ACCEPT
case57,504,ACCEPT,True,True,ACCEPT
case57,505,ACCEPT,True,True,ACCEPT
case57,506,ACCEPT,True,True,ACCEPT
case57,507,ACCEPT,True,True,ACCEPT
case57,508,ACCEPT,True,True,ACCEPT
case57,509,ACCEPT,True,True,ACCEPT
case57,510,ACCEPT,True,True,ACCEPT
case57,511,ACCEPT,True,True,ACCEPT
case57,512,ACCEPT,True,True,ACCEPT
case57,513,ACCEPT,True,True,ACCEPT
case57,514,ACCEPT,True,True,ACCEPT
case57,515,ACCEPT,True,True,ACCEPT
case57,516,ACCEPT,True,True,ACCEPT
case57,517,ACCEPT,True,True,ACCEPT
case57,518,ACCEPT,True,True,ACCEPT
case57,519,ACCEPT,True,True,ACCEPT
case57,520,ACCEPT,True,True,ACCEPT
case57,521,ACCEPT,True,True,ACCEPT
case57,522,ACCEPT,True,True,ACCEPT
case57,523,ACCEPT,True,True,ACCEPT
case57,524,ACCEPT,True,True,ACCEPT
case57,525,ACCEPT,True,True,ACCEPT
case57,526,ACCEPT,True,True,ACCEPT
case57,527,ACCEPT,True,True,ACCEPT
case57,528,ACCEPT,True,True,ACCEPT
case57,529,ACCEPT,True,True,ACCEPT
case57,530,ACCEPT,True,True,ACCEPT
case57,531,ACCEPT,True,True,ACCEPT
case57,532,ACCEPT,True,True,ACCEPT
case57,533,ACCEPT,True,True,ACCEPT
case57,534,ACCEPT,True,True,ACCEPT
case57,535,ACCEPT,True,True,ACCEPT
case57,536,ACCEPT,True,True,ACCEPT
case57,537,ACCEPT,True,True,ACCEPT
case57,538,ACCEPT,True,True,ACCEPT
case57,539,ACCEPT,True,True,ACCEPT
case57,540,ACCEPT,True,True,ACCEPT
case57,541,ACCEPT,True,True,ACCEPT
case57,542,ACCEPT,True,True,ACCEPT
case57,543,ACCEPT,True,True,ACCEPT
case57,544,ACCEPT,True,True,ACCEPT
case57,545,ACCEPT,True,True,ACCEPT
case57,546,ACCEPT,True,True,ACCEPT
case57,547,ACCEPT,True,True,ACCEPT
case57,548,ACCEPT,True,True,ACCEPT
case57,549,ACCEPT,True,True,ACCEPT
case57,550,ACCEPT,True,True,ACCEPT
case57,551,ACCEPT,True,True,ACCEPT
case57,552,ACCEPT,True,True,ACCEPT
case57,553,ACCEPT,True,True,ACCEPT
case57,554,ACCEPT,True,True,ACCEPT
case57,555,ACCEPT,True,True,ACCEPT
case57,556,ACCEPT,True,True,ACCEPT
case57,557,ACCEPT,True,True,ACCEPT
case57,558,ACCEPT,True,True,ACCEPT
case57,559,ACCEPT,True,True,ACCEPT
case57,560,ACCEPT,True,True,ACCEPT
case57,561,ACCEPT,True,True,ACCEPT
case57,562,ACCEPT,True,True,ACCEPT
case57,563,ACCEPT,True,True,ACCEPT
case57,564,ACCEPT,True,True,ACCEPT
case57,565,ACCEPT,True,True,ACCEPT
case57,566,ACCEPT,True,True,ACCEPT
case57,567,ACCEPT,True,True,ACCEPT
case57,568,ACCEPT,True,True,ACCEPT
case57,569,ACCEPT,True,True,ACCEPT
case57,570,ACCEPT,True,True,ACCEPT
case57,571,ACCEPT,True,True,ACCEPT
case57,572,ACCEPT,True,True,ACCEPT
case57,573,ACCEPT,True,True,ACCEPT
case57,574,ACCEPT,True,True,ACCEPT
case57,575,ACCEPT,True,True,ACCEPT
case57,576,ACCEPT,True,True,ACCEPT
case57,577,ACCEPT,True,True,ACCEPT
case57,578,ACCEPT,True,True,ACCEPT
case57,579,ACCEPT,True,True,ACCEPT
case57,580,ACCEPT,True,True,ACCEPT
case57,581,ACCEPT,True,True,ACCEPT
case57,582,ACCEPT,True,True,ACCEPT
case57,583,ACCEPT,True,True,ACCEPT
case57,584,ACCEPT,True,True,ACCEPT
case57,585,ACCEPT,True,True,ACCEPT
case57,586,ACCEPT,True,True,ACCEPT
case57,587,ACCEPT,True,True,ACCEPT
case57,588,ACCEPT,True,True,ACCEPT
case57,589,ACCEPT,True,True,ACCEPT
case57,590,ACCEPT,True,True,ACCEPT
case57,591,ACCEPT,True,True,ACCEPT
case57,592,ACCEPT,True,True,ACCEPT
case57,593,ACCEPT,True,True,ACCEPT
case57,594,ACCEPT,True,True,ACCEPT
case57,595,ACCEPT,True,True,ACCEPT
case57,596,ACCEPT,True,True,ACCEPT
case57,597,ACCEPT,True,True,ACCEPT
case57,598,ACCEPT,True,True,ACCEPT
case57,599,ACCEPT,True,True,ACCEPT
case57,600,ACCEPT,True,True,ACCEPT
case57,601,ACCEPT,True,True,ACCEPT
case57,602,ACCEPT,True,True,ACCEPT
case57,603,ACCEPT,True,True,ACCEPT
case57,604,ACCEPT,True,True,ACCEPT
case57,605,ACCEPT,True,True,ACCEPT
case57,606,ACCEPT,True,True,ACCEPT
case57,607,ACCEPT,True,True,ACCEPT
case57,608,ACCEPT,True,True,ACCEPT
case57,609,ACCEPT,True,True,ACCEPT
case57,610,ACCEPT,True,True,ACCEPT
case57,611,ACCEPT,True,True,ACCEPT
case57,612,ACCEPT,True,True,ACCEPT
case57,613,ACCEPT,True,True,ACCEPT
case57,614,ACCEPT,True,True,ACCEPT
case57,615,ACCEPT,True,True,ACCEPT
case57,616,ACCEPT,True,True,ACCEPT
case57,617,ACCEPT,True,True,ACCEPT
case57,618,ACCEPT,True,True,ACCEPT
case57,619,ACCEPT,True,True,ACCEPT
case57,620,ACCEPT,True,True,ACCEPT
case57,621,ACCEPT,True,True,ACCEPT
case57,622,ACCEPT,True,True,ACCEPT
case57,623,ACCEPT,True,True,ACCEPT
case57,624,ACCEPT,True,True,ACCEPT
case57,625,ACCEPT,True,True,ACCEPT
case57,626,ACCEPT,True,True,ACCEPT
case57,627,ACCEPT,True,True,ACCEPT
case57,628,ACCEPT,True,True,ACCEPT
case57,629,ACCEPT,True,True,ACCEPT
case57,630,ACCEPT,True,True,ACCEPT
case57,631,ACCEPT,True,True,ACCEPT
case57,632,ACCEPT,True,True,ACCEPT
case57,633,ACCEPT,True,True,ACCEPT
case57,634,ACCEPT,True,True,ACCEPT
case57,635,ACCEPT,True,True,ACCEPT
case57,636,ACCEPT,True,True,ACCEPT
case57,637,ACCEPT,True,True,ACCEPT
case57,638,ACCEPT,True,True,ACCEPT
case57,639,ACCEPT,True,True,ACCEPT
case57,640,ACCEPT,True,True,ACCEPT
case57,641,ACCEPT,True,True,ACCEPT
case57,642,ACCEPT,True,True,ACCEPT
case57,643,ACCEPT,True,True,ACCEPT
case57,644,ACCEPT,True,True,ACCEPT
case57,645,ACCEPT,True,True,ACCEPT
case57,646,ACCEPT,True,True,ACCEPT
case57,647,ACCEPT,True,True,ACCEPT
case57,648,ACCEPT,True,True,ACCEPT
case57,649,ACCEPT,True,True,ACCEPT
case57,650,ACCEPT,True,True,ACCEPT
case57,651,ACCEPT,True,True,ACCEPT
case57,652,ACCEPT,True,True,ACCEPT
case57,653,ACCEPT,True,True,ACCEPT
case57,654,ACCEPT,True,True,ACCEPT
case57,655,ACCEPT,True,True,ACCEPT
case57,656,ACCEPT,True,True,ACCEPT
case57,657,ACCEPT,True,True,ACCEPT
case57,658,ACCEPT,True,True,ACCEPT
case57,659,ACCEPT,True,True,ACCEPT
case57,660,ACCEPT,True,True,ACCEPT
case57,661,ACCEPT,True,True,ACCEPT
case57,662,ACCEPT,True,True,ACCEPT
case57,663,ACCEPT,True,True,ACCEPT
case57,664,ACCEPT,True,True,ACCEPT
case57,665,ACCEPT,True,True,ACCEPT
case57,666,ACCEPT,True,True,ACCEPT
case57,667,ACCEPT,True,True,ACCEPT
case57,668,ACCEPT,True,True,ACCEPT
case57,669,ACCEPT,True,True,ACCEPT
case57,670,ACCEPT,True,True,ACCEPT
case57,671,ACCEPT,True,True,ACCEPT
case57,672,ACCEPT,True,True,ACCEPT
case57,673,ACCEPT,True,True,ACCEPT
case57,674,ACCEPT,True,True,ACCEPT
case57,675,ACCEPT,True,True,ACCEPT
case57,676,ACCEPT,True,True,ACCEPT
case57,677,ACCEPT,True,True,ACCEPT
case57,678,ACCEPT,True,True,ACCEPT
case57,679,ACCEPT,True,True,ACCEPT
case57,680,ACCEPT,True,True,ACCEPT
case57,681,ACCEPT,True,True,ACCEPT
case57,682,ACCEPT,True,True,ACCEPT
case57,683,ACCEPT,True,True,ACCEPT
case57,684,ACCEPT,True,True,ACCEPT
case57,685,ACCEPT,True,True,ACCEPT
case57,686,ACCEPT,True,True,ACCEPT
case57,687,ACCEPT,True,True,ACCEPT
case57,688,ACCEPT,True,True,ACCEPT
case57,689,ACCEPT,True,True,ACCEPT
case57,690,ACCEPT,True,True,ACCEPT
case57,691,ACCEPT,True,True,ACCEPT
case57,692,ACCEPT,True,True,ACCEPT
case57,693,ACCEPT,True,True,ACCEPT
case57,694,ACCEPT,True,True,ACCEPT
case57,695,ACCEPT,True,True,ACCEPT
case57,696,ACCEPT,True,True,ACCEPT
case57,697,ACCEPT,True,True,ACCEPT
case57,698,ACCEPT,True,True,ACCEPT
case57,699,ACCEPT,True,True,ACCEPT
case57,700,ACCEPT,True,True,ACCEPT
case57,701,ACCEPT,True,True,ACCEPT
case57,702,ACCEPT,True,True,ACCEPT
case57,703,ACCEPT,True,True,ACCEPT
case57,704,ACCEPT,True,True,ACCEPT
case57,705,ACCEPT,True,True,ACCEPT
case57,706,ACCEPT,True,True,ACCEPT
case57,707,ACCEPT,True,True,ACCEPT
case57,708,ACCEPT,True,True,ACCEPT
case57,709,ACCEPT,True,True,ACCEPT
case57,710,ACCEPT,True,True,ACCEPT
case57,711,ACCEPT,True,True,ACCEPT
case57,712,ACCEPT,True,True,ACCEPT
case57,713,ACCEPT,True,True,ACCEPT
case57,714,ACCEPT,True,True,ACCEPT
case57,715,ACCEPT,True,True,ACCEPT
case57,716,ACCEPT,True,True,ACCEPT
case57,717,ACCEPT,True,True,ACCEPT
case57,718,ACCEPT,True,True,ACCEPT
case57,719,ACCEPT,True,True,ACCEPT
case57,720,ACCEPT,True,True,ACCEPT
case57,721,ACCEPT,True,True,ACCEPT
case57,722,ACCEPT,True,True,ACCEPT
case57,723,ACCEPT,True,True,ACCEPT
case57,724,ACCEPT,True,True,ACCEPT
case57,725,ACCEPT,True,True,ACCEPT
case57,726,ACCEPT,True,True,ACCEPT
case57,727,ACCEPT,True,True,ACCEPT
case57,728,ACCEPT,True,True,ACCEPT
case57,729,ACCEPT,True,True,ACCEPT
case57,730,ACCEPT,True,True,ACCEPT
case57,731,ACCEPT,True,True,ACCEPT
case57,732,ACCEPT,True,True,ACCEPT
case57,733,ACCEPT,True,True,ACCEPT
case57,734,ACCEPT,True,True,ACCEPT
case57,735,ACCEPT,True,True,ACCEPT
case57,736,ACCEPT,True,True,ACCEPT
case57,737,ACCEPT,True,True,ACCEPT
case57,738,ACCEPT,True,True,ACCEPT
case57,739,ACCEPT,True,True,ACCEPT
case57,740,ACCEPT,True,True,ACCEPT
case57,741,ACCEPT,True,True,ACCEPT
case57,742,ACCEPT,True,True,ACCEPT
case57,743,ACCEPT,True,True,ACCEPT
case57,744,ACCEPT,True,True,ACCEPT
case57,745,ACCEPT,True,True,ACCEPT
case57,746,ACCEPT,True,True,ACCEPT
case57,747,ACCEPT,True,True,ACCEPT
case57,748,ACCEPT,True,True,ACCEPT
case57,749,ACCEPT,True,True,ACCEPT
case57,750,ACCEPT,True,True,ACCEPT
case57,751,ACCEPT,True,True,ACCEPT
case57,752,ACCEPT,True,True,ACCEPT
case57,753,ACCEPT,True,True,ACCEPT
case57,754,ACCEPT,True,True,ACCEPT
case57,755,ACCEPT,True,True,ACCEPT
case57,756,ACCEPT,True,True,ACCEPT
case57,757,ACCEPT,True,True,ACCEPT
case57,758,ACCEPT,True,True,ACCEPT
case57,759,ACCEPT,True,True,ACCEPT
case57,760,ACCEPT,True,True,ACCEPT
case57,761,ACCEPT,True,True,ACCEPT
case57,762,ACCEPT,True,True,ACCEPT
case57,763,ACCEPT,True,True,ACCEPT
case57,764,ACCEPT,True,True,ACCEPT
case57,765,ACCEPT,True,True,ACCEPT
case57,766,ACCEPT,True,True,ACCEPT
case57,767,ACCEPT,True,True,ACCEPT
case57,768,ACCEPT,True,True,ACCEPT
case57,769,ACCEPT,True,True,ACCEPT
case57,770,ACCEPT,True,True,ACCEPT
case57,771,ACCEPT,True,True,ACCEPT
case57,772,ACCEPT,True,True,ACCEPT
case57,773,ACCEPT,True,True,ACCEPT
case57,774,ACCEPT,True,True,ACCEPT
case57,775,ACCEPT,True,True,ACCEPT
case57,776,ACCEPT,True,True,ACCEPT
case57,777,ACCEPT,True,True,ACCEPT
case57,778,ACCEPT,True,True,ACCEPT
case57,779,ACCEPT,True,True,ACCEPT
case57,780,ACCEPT,True,True,ACCEPT
case57,781,ACCEPT,True,True,ACCEPT
case57,782,ACCEPT,True,True,ACCEPT
case57,783,ACCEPT,True,True,ACCEPT
case57,784,ACCEPT,True,True,ACCEPT
case57,785,ACCEPT,True,True,ACCEPT
case57,786,ACCEPT,True,True,ACCEPT
case57,787,ACCEPT,True,True,ACCEPT
case57,788,ACCEPT,True,True,ACCEPT
case57,789,ACCEPT,True,True,ACCEPT
case57,790,ACCEPT,True,True,ACCEPT
case57,791,ACCEPT,True,True,ACCEPT
case57,792,ACCEPT,True,True,ACCEPT
case57,793,ACCEPT,True,True,ACCEPT
case57,794,ACCEPT,True,True,ACCEPT
case57,795,ACCEPT,True,True,ACCEPT
case57,796,ACCEPT,True,True,ACCEPT
case57,797,ACCEPT,True,True,ACCEPT
case57,798,ACCEPT,True,True,ACCEPT
case57,799,ACCEPT,True,True,ACCEPT
case57,800,ACCEPT,True,True,ACCEPT
case57,801,ACCEPT,True,True,ACCEPT
case57,802,ACCEPT,True,True,ACCEPT
case57,803,ACCEPT,True,True,ACCEPT
case57,804,ACCEPT,True,True,ACCEPT
case57,805,ACCEPT,True,True,ACCEPT
case57,806,ACCEPT,True,True,ACCEPT
case57,807,ACCEPT,True,True,ACCEPT
case57,808,ACCEPT,True,True,ACCEPT
case57,809,ACCEPT,True,True,ACCEPT
case57,810,ACCEPT,True,True,ACCEPT
case57,811,ACCEPT,True,True,ACCEPT
case57,812,ACCEPT,True,True,ACCEPT
case57,813,ACCEPT,True,True,ACCEPT
case57,814,ACCEPT,True,True,ACCEPT
case57,815,ACCEPT,True,True,ACCEPT
case57,816,ACCEPT,True,True,ACCEPT
case57,817,ACCEPT,True,True,ACCEPT
case57,818,ACCEPT,True,True,ACCEPT
case57,819,ACCEPT,True,True,ACCEPT
case57,820,ACCEPT,True,True,ACCEPT
case57,821,ACCEPT,True,True,ACCEPT
case57,822,ACCEPT,True,True,ACCEPT
case57,823,ACCEPT,True,True,ACCEPT
case57,824,ACCEPT,True,True,ACCEPT
case57,825,ACCEPT,True,True,ACCEPT
case57,826,ACCEPT,True,True,ACCEPT
case57,827,ACCEPT,True,True,ACCEPT
case57,828,ACCEPT,True,True,ACCEPT
case57,829,ACCEPT,True,True,ACCEPT
case57,830,ACCEPT,True,True,ACCEPT
case57,831,ACCEPT,True,True,ACCEPT
case57,832,ACCEPT,True,True,ACCEPT
case57,833,ACCEPT,True,True,ACCEPT
case57,834,ACCEPT,True,True,ACCEPT
case57,835,ACCEPT,True,True,ACCEPT
case57,836,ACCEPT,True,True,ACCEPT
case57,837,ACCEPT,True,True,ACCEPT
case57,838,ACCEPT,True,True,ACCEPT
case57,839,ACCEPT,True,True,ACCEPT
case57,840,ACCEPT,True,True,ACCEPT
case57,841,ACCEPT,True,True,ACCEPT
case57,842,ACCEPT,True,True,ACCEPT
case57,843,ACCEPT,True,True,ACCEPT
case57,844,ACCEPT,True,True,ACCEPT
case57,845,ACCEPT,True,True,ACCEPT
case57,846,ACCEPT,True,True,ACCEPT
case57,847,ACCEPT,True,True,ACCEPT
case57,848,ACCEPT,True,True,ACCEPT
case57,849,ACCEPT,True,True,ACCEPT
case57,850,ACCEPT,True,True,ACCEPT
case57,851,ACCEPT,True,True,ACCEPT
case57,852,ACCEPT,True,True,ACCEPT
case57,853,ACCEPT,True,True,ACCEPT
case57,854,ACCEPT,True,True,ACCEPT
case57,855,ACCEPT,True,True,ACCEPT
case57,856,ACCEPT,True,True,ACCEPT
case57,857,ACCEPT,True,True,ACCEPT
case57,858,ACCEPT,True,True,ACCEPT
case57,859,ACCEPT,True,True,ACCEPT
case57,860,ACCEPT,True,True,ACCEPT
case57,861,ACCEPT,True,True,ACCEPT
case57,862,ACCEPT,True,True,ACCEPT
case57,863,ACCEPT,True,True,ACCEPT
case57,864,ACCEPT,True,True,ACCEPT
case57,865,ACCEPT,True,True,ACCEPT
case57,866,ACCEPT,True,True,ACCEPT
case57,867,ACCEPT,True,True,ACCEPT
case57,868,ACCEPT,True,True,ACCEPT
case57,869,ACCEPT,True,True,ACCEPT
case57,870,ACCEPT,True,True,ACCEPT
case57,871,ACCEPT,True,True,ACCEPT
case57,872,ACCEPT,True,True,ACCEPT
case57,873,ACCEPT,True,True,ACCEPT
case57,874,ACCEPT,True,True,ACCEPT
case57,875,ACCEPT,True,True,ACCEPT
case57,876,ACCEPT,True,True,ACCEPT
case57,877,ACCEPT,True,True,ACCEPT
case57,878,ACCEPT,True,True,ACCEPT
case57,879,ACCEPT,True,True,ACCEPT
case57,880,ACCEPT,True,True,ACCEPT
case57,881,ACCEPT,True,True,ACCEPT
case57,882,ACCEPT,True,True,ACCEPT
case57,883,ACCEPT,True,True,ACCEPT
case57,884,ACCEPT,True,True,ACCEPT
case57,885,ACCEPT,True,True,ACCEPT
case57,886,ACCEPT,True,True,ACCEPT
case57,887,ACCEPT,True,True,ACCEPT
case57,888,ACCEPT,True,True,ACCEPT
case57,889,ACCEPT,True,True,ACCEPT
case57,890,ACCEPT,True,True,ACCEPT
case57,891,ACCEPT,True,True,ACCEPT
case57,892,ACCEPT,True,True,ACCEPT
case57,893,ACCEPT,True,True,ACCEPT
case57,894,ACCEPT,True,True,ACCEPT
case57,895,ACCEPT,True,True,ACCEPT
case57,896,ACCEPT,True,True,ACCEPT
case57,897,ACCEPT,True,True,ACCEPT
case57,898,ACCEPT,True,True,ACCEPT
case57,899,ACCEPT,True,True,ACCEPT
case57,900,ACCEPT,True,True,ACCEPT
case57,901,ACCEPT,True,True,ACCEPT
case57,902,ACCEPT,True,True,ACCEPT
case57,903,ACCEPT,True,True,ACCEPT
case57,904,ACCEPT,True,True,ACCEPT
case57,905,ACCEPT,True,True,ACCEPT
case57,906,ACCEPT,True,True,ACCEPT
case57,907,ACCEPT,True,True,ACCEPT
case57,908,ACCEPT,True,True,ACCEPT
case57,909,ACCEPT,True,True,ACCEPT
case57,910,ACCEPT,True,True,ACCEPT
case57,911,ACCEPT,True,True,ACCEPT
case57,912,ACCEPT,True,True,ACCEPT
case57,913,ACCEPT,True,True,ACCEPT
case57,914,ACCEPT,True,True,ACCEPT
case57,915,ACCEPT,True,True,ACCEPT
case57,916,ACCEPT,True,True,ACCEPT
case57,917,ACCEPT,True,True,ACCEPT
case57,918,ACCEPT,True,True,ACCEPT
case57,919,ACCEPT,True,True,ACCEPT
case57,920,ACCEPT,True,True,ACCEPT
case57,921,ACCEPT,True,True,ACCEPT
case57,922,ACCEPT,True,True,ACCEPT
case57,923,ACCEPT,True,True,ACCEPT
case57,924,ACCEPT,True,True,ACCEPT
case57,925,ACCEPT,True,True,ACCEPT
case57,926,ACCEPT,True,True,ACCEPT
case57,927,ACCEPT,True,True,ACCEPT
case57,928,ACCEPT,True,True,ACCEPT
case57,929,ACCEPT,True,True,ACCEPT
case57,930,ACCEPT,True,True,ACCEPT
case57,931,ACCEPT,True,True,ACCEPT
case57,932,ACCEPT,True,True,ACCEPT
case57,933,ACCEPT,True,True,ACCEPT
case57,934,ACCEPT,True,True,ACCEPT
case57,935,ACCEPT,True,True,ACCEPT
case57,936,ACCEPT,True,True,ACCEPT
case57,937,ACCEPT,True,True,ACCEPT
case57,938,ACCEPT,True,True,ACCEPT
case57,939,ACCEPT,True,True,ACCEPT
case57,940,ACCEPT,True,True,ACCEPT
case57,941,ACCEPT,True,True,ACCEPT
case57,942,ACCEPT,True,True,ACCEPT
case57,943,ACCEPT,True,True,ACCEPT
case57,944,ACCEPT,True,True,ACCEPT
case57,945,ACCEPT,True,True,ACCEPT
case57,946,ACCEPT,True,True,ACCEPT
case57,947,ACCEPT,True,True,ACCEPT
case57,948,ACCEPT,True,True,ACCEPT
case57,949,ACCEPT,True,True,ACCEPT
case57,950,ACCEPT,True,True,ACCEPT
case57,951,ACCEPT,True,True,ACCEPT
case57,952,ACCEPT,True,True,ACCEPT
case57,953,ACCEPT,True,True,ACCEPT
case57,954,ACCEPT,True,True,ACCEPT
case57,955,ACCEPT,True,True,ACCEPT
case57,956,ACCEPT,True,True,ACCEPT
case57,957,ACCEPT,True,True,ACCEPT
case57,958,ACCEPT,True,True,ACCEPT
case57,959,ACCEPT,True,True,ACCEPT
case57,960,ACCEPT,True,True,ACCEPT
case57,961,ACCEPT,True,True,ACCEPT
case57,962,ACCEPT,True,True,ACCEPT
case57,963,ACCEPT,True,True,ACCEPT
case57,964,ACCEPT,True,True,ACCEPT
case57,965,ACCEPT,True,True,ACCEPT
case57,966,ACCEPT,True,True,ACCEPT
case57,967,ACCEPT,True,True,ACCEPT
case57,968,ACCEPT,True,True,ACCEPT
case57,969,ACCEPT,True,True,ACCEPT
case57,970,ACCEPT,True,True,ACCEPT
case57,971,ACCEPT,True,True,ACCEPT
case57,972,ACCEPT,True,True,ACCEPT
case57,973,ACCEPT,True,True,ACCEPT
case57,974,ACCEPT,True,True,ACCEPT
case57,975,ACCEPT,True,True,ACCEPT
case57,976,ACCEPT,True,True,ACCEPT
case57,977,ACCEPT,True,True,ACCEPT
case57,978,ACCEPT,True,True,ACCEPT
case57,979,ACCEPT,True,True,ACCEPT
case57,980,ACCEPT,True,True,ACCEPT
case57,981,ACCEPT,True,True,ACCEPT
case57,982,ACCEPT,True,True,ACCEPT
case57,983,ACCEPT,True,True,ACCEPT
case57,984,ACCEPT,True,True,ACCEPT
case57,985,ACCEPT,True,True,ACCEPT
case57,986,ACCEPT,True,True,ACCEPT
case57,987,ACCEPT,True,True,ACCEPT
case57,988,ACCEPT,True,True,ACCEPT
case57,989,ACCEPT,True,True,ACCEPT
case57,990,ACCEPT,True,True,ACCEPT
case57,991,ACCEPT,True,True,ACCEPT
case57,992,ACCEPT,True,True,ACCEPT
case57,993,ACCEPT,True,True,ACCEPT
case57,994,ACCEPT,True,True,ACCEPT
case57,995,ACCEPT,True,True,ACCEPT
case57,996,ACCEPT,True,True,ACCEPT
case57,997,ACCEPT,True,True,ACCEPT
case57,998,ACCEPT,True,True,ACCEPT
case57,999,ACCEPT,True,True,ACCEPT
