scenario_id,case,seed,n_bus,n_load,load_min,converged,min_vm_pu,max_line_loading_percent,pf_error,lawful_split_decision,lawful_split_reason,feature_only_merge_decision,feature_only_merge_reason,numeric_merge_conservation_error
public-case14-0000,case14,20260801,14,11,263.34944153055363,True,1.0099999999999993,1.5261032628271565,,ACCEPT,,REJECT_INCONSISTENT,identity_equivalence_unproven,0.0
public-case14-0001,case14,20260802,14,11,257.02354582917906,True,1.0099999999999998,1.4897659948072424,,ACCEPT,,REJECT_INCONSISTENT,identity_equivalence_unproven,0.0
public-case14-0002,case14,20260803,14,11,258.79034187023785,True,1.01,1.5067766716677389,,ACCEPT,,REJECT_INCONSISTENT,identity_equivalence_unproven,0.0
public-case14-0003,case14,20260804,14,11,250.48348626429697,True,1.01,1.4272581857772426,,ACCEPT,,REJECT_INCONSISTENT,identity_equivalence_unproven,0.0
public-case14-0004,case14,20260805,14,11,274.54300280187994,True,1.01,1.6251413662423955,,ACCEPT,,REJECT_INCONSISTENT,identity_equivalence_unproven,0.0
public-case14-0005,case14,20260806,14,11,248.66430106015656,True,1.01,1.4297394433268698,,ACCEPT,,REJECT_INCONSISTENT,identity_equivalence_unproven,0.0
public-case14-0006,case14,20260807,14,11,243.0279674145438,True,1.01,1.3787179633269677,,ACCEPT,,REJECT_INCONSISTENT,identity_equivalence_unproven,0.0
public-case14-0007,case14,20260808,14,11,272.89601827436996,True,1.0099999999999998,1.6145892329336726,,ACCEPT,,REJECT_INCONSISTENT,identity_equivalence_unproven,0.0
public-case14-0008,case14,20260809,14,11,257.6167435953629,True,1.01,1.49493286095603,,ACCEPT,,REJECT_INCONSISTENT,identity_equivalence_unproven,0.0
public-case14-0009,case14,20260810,14,11,273.3594307183619,True,1.01,1.616994316759417,,ACCEPT,,REJECT_INCONSISTENT,identity_equivalence_unproven,0.0
public-case14-0010,case14,20260811,14,11,260.2495796593523,True,1.01,1.5059255301845609,,ACCEPT,,REJECT_INCONSISTENT,identity_equivalence_unproven,0.0
public-case14-0011,case14,20260812,14,11,260.61796151424295,True,1.0099999999999998,1.5326354808374378,,ACCEPT,,REJECT_INCONSISTENT,identity_equivalence_unproven,0.0
public-case14-0012,case14,20260813,14,11,246.51274742738062,True,1.0099999999999998,1.4175101029356671,,ACCEPT,,REJECT_INCONSISTENT,identity_equivalence_unproven,0.0
public-case14-0013,case14,20260814,14,11,253.51201077935897,True,1.01,1.456482783593302,,ACCEPT,,REJECT_INCONSISTENT,identity_equivalence_unproven,0.0
public-case14-0014,case14,20260815,14,11,267.92873963585595,True,1.01,1.5789677882836268,,ACCEPT,,REJECT_INCONSISTENT,identity_equivalence_unproven,0.0
public-case14-0015,case14,20260816,14,11,273.10057406136247,True,1.01,1.6171923369470793,,ACCEPT,,REJECT_INCONSISTENT,identity_equivalence_unproven,0.0
public-case14-0016,case14,20260817,14,11,274.9181444299646,True,1.0100000000000002,1.6303566188408856,,ACCEPT,,REJECT_INCONSISTENT,identity_equivalence_unproven,0.0
public-case14-0017,case14,20260818,14,11,250.08507720429247,True,1.0099999999999998,1.4408715642312673,,ACCEPT,,REJECT_INCONSISTENT,identity_equivalence_unproven,0.0
public-case14-0018,case14,20260819,14,11,261.4790168682135,True,1.0100000000000002,1.520665534823011,,ACCEPT,,REJECT_INCONSISTENT,identity_equivalence_unproven,0.0
public-case14-0019,case14,20260820,14,11,233.90335242305582,True,1.01,1.3114348626675578,,ACCEPT,,REJECT_INCONSISTENT,identity_equivalence_unproven,0.0
public-case14-0020,case14,20260821,14,11,271.4493866415272,True,1.01,1.605114072085598,,ACCEPT,,REJECT_INCONSISTENT,identity_equivalence_unproven,0.0
public-case14-0021,case14,20260822,14,11,245.25811345630848,True,1.01,1.3988684510430476,,ACCEPT,,REJECT_INCONSISTENT,identity_equivalence_unproven,0.0
public-case14-0022,case14,20260823,14,11,240.57373623429746,True,1.0099999999999998,1.3555401641213911,,ACCEPT,,REJECT_INCONSISTENT,identity_equivalence_unproven,0.0
public-case14-0023,case14,20260824,14,11,247.38750444998144,True,1.01,1.4221154247686063,,ACCEPT,,REJECT_INCONSISTENT,identity_equivalence_unproven,0.0
public-case14-0024,case14,20260825,14,11,256.4211124455505,True,1.0100000000000002,1.493299179406322,,ACCEPT,,REJECT_INCONSISTENT,identity_equivalence_unproven,0.0
public-case14-0025,case14,20260826,14,11,252.26535941818636,True,1.0099999999999998,1.4514194354699463,,ACCEPT,,REJECT_INCONSISTENT,identity_equivalence_unproven,0.0
public-case14-0026,case14,20260827,14,11,269.6093139913402,True,1.01,1.5887900266710022,,ACCEPT,,REJECT_INCONSISTENT,identity_equivalence_unproven,0.0
public-case14-0027,case14,20260828,14,11,255.7697859349746,True,1.01,1.4839468719789837,,ACCEPT,,REJECT_INCONSISTENT,identity_equivalence_unproven,0.0
public-case14-0028,case14,20260829,14,11,260.0935382513358,True,1.01,1.5146847710756628,,ACCEPT,,REJECT_INCONSISTENT,identity_equivalence_unproven,0.0
public-case14-0029,case14,20260830,14,11,252.33543216210603,True,1.01,1.4547936942421216,,ACCEPT,,REJECT_INCONSISTENT,identity_equivalence_unproven,0.0
public-case14-0030,case14,20260831,14,11,276.6667898938241,True,1.0099999999999998,1.637217005664414,,ACCEPT,,REJECT_INCONSISTENT,identity_equivalence_unproven,0.0
public-case14-0031,case14,20260832,14,11,254.07337600112203,True,1.01,1.4745285995384705,,ACCEPT,,REJECT_INCONSISTENT,identity_equivalence_unproven,0.0
public-case14-0032,case14,20260833,14,11,265.7110612076978,True,1.01,1.5731786769332206,,ACCEPT,,REJECT_INCONSISTENT,identity_equivalence_unproven,0.0
public-case14-0033,case14,20260834,14,11,238.3486634225999,True,1.01,1.3476113070057756,,ACCEPT,,REJECT_INCONSISTENT,identity_equivalence_unproven,0.0
public-case14-0034,case14,20260835,14,11,259.7962856653197,True,1.0099999999999998,1.5179711956271178,,ACCEPT,,REJECT_INCONSISTENT,identity_equivalence_unproven,0.0
public-case14-0035,case14,20260836,14,11,279.774808613695,True,1.0099999999999998,1.6754898015231594,,ACCEPT,,REJECT_INCONSISTENT,identity_equivalence_unproven,0.0
public-case14-0036,case14,20260837,14,11,269.67284381132316,True,1.01,1.5937626235347349,,ACCEPT,,REJECT_INCONSISTENT,identity_equivalence_unproven,0.0
public-case14-0037,case14,20260838,14,11,267.8608719147413,True,1.01,1.5767892117869664,,ACCEPT,,REJECT_INCONSISTENT,identity_equivalence_unproven,0.0
public-case14-0038,case14,20260839,14,11,246.49629070574102,True,1.0099999999999996,1.3991920243093237,,ACCEPT,,REJECT_INCONSISTENT,identity_equivalence_unproven,0.0
public-case14-0039,case14,20260840,14,11,245.45293591510378,True,1.0100000000000002,1.406040162745383,,ACCEPT,,REJECT_INCONSISTENT,identity_equivalence_unproven,0.0
public-case14-0040,case14,20260841,14,11,283.83146167222907,True,1.0100000000000002,1.6996151514844835,,ACCEPT,,REJECT_INCONSISTENT,identity_equivalence_unproven,0.0
public-case14-0041,case14,20260842,14,11,249.38266808028843,True,1.01,1.4275151434114814,,ACCEPT,,REJECT_INCONSISTENT,identity_equivalence_unproven,0.0
public-case14-0042,case14,20260843,14,11,259.16845507953803,True,1.01,1.511642827732925,,ACCEPT,,REJECT_INCONSISTENT,identity_equivalence_unproven,0.0
public-case14-0043,case14,20260844,14,11,264.1015654973155,True,1.01,1.549276488400503,,ACCEPT,,REJECT_INCONSISTENT,identity_equivalence_unproven,0.0
public-case14-0044,case14,20260845,14,11,273.4205633093939,True,1.01,1.6231802032260656,,ACCEPT,,REJECT_INCONSISTENT,identity_equivalence_unproven,0.0
public-case14-0045,case14,20260846,14,11,283.1446687717114,True,1.0099999999999998,1.7042378342829896,,ACCEPT,,REJECT_INCONSISTENT,identity_equivalence_unproven,0.0
public-case14-0046,case14,20260847,14,11,260.14654494259935,True,1.01,1.5201005461534516,,ACCEPT,,REJECT_INCONSISTENT,identity_equivalence_unproven,0.0
public-case14-0047,case14,20260848,14,11,268.9585374898169,True,1.01,1.5919015766443378,,ACCEPT,,REJECT_INCONSISTENT,identity_equivalence_unproven,0.0
public-case14-0048,case14,20260849,14,11,259.9176488872183,True,1.0099999999999998,1.5123226056412342,,ACCEPT,,REJECT_INCONSISTENT,identity_equivalence_unproven,0.0
public-case14-0049,case14,20260850,14,11,256.5573360976161,True,1.0099999999999998,1.4777916794643455,,ACCEPT,,REJECT_INCONSISTENT,identity_equivalence_unproven,0.0
public-case14-0050,case14,20260851,14,11,272.2008118025092,True,1.01,1.6018639292199572,,ACCEPT,,REJECT_INCONSISTENT,identity_equivalence_unproven,0.0
public-case14-0051,case14,20260852,14,11,258.5999319370901,True,1.01,1.5045996078136548,,ACCEPT,,REJECT_INCONSISTENT,identity_equivalence_unproven,0.0
public-case14-0052,case14,20260853,14,11,268.2717978560528,True,1.01,1.5883591417918845,,ACCEPT,,REJECT_INCONSISTENT,identity_equivalence_unproven,0.0
public-case14-0053,case14,20260854,14,11,248.74373845648765,True,1.01,1.425460560782443,,ACCEPT,,REJECT_INCONSISTENT,identity_equivalence_unproven,0.0
public-case14-0054,case14,20260855,14,11,255.15284701160462,True,1.01,1.4773922210531487,,ACCEPT,,REJECT_INCONSISTENT,identity_equivalence_unproven,0.0
public-case14-0055,case14,20260856,14,11,268.11011478084464,True,1.0100000000000002,1.584254924215383,,ACCEPT,,REJECT_INCONSISTENT,identity_equivalence_unproven,0.0
public-case14-0056,case14,20260857,14,11,240.40919063136346,True,1.0100000000000002,1.3507032238573717,,ACCEPT,,REJECT_INCONSISTENT,identity_equivalence_unproven,0.0
public-case14-0057,case14,20260858,14,11,263.88445694519066,True,1.0100000000000002,1.5358973398591504,,ACCEPT,,REJECT_INCONSISTENT,identity_equivalence_unproven,0.0
public-case14-0058,case14,20260859,14,11,257.88029236202885,True,1.01,1.5011727712228353,,ACCEPT,,REJECT_INCONSISTENT,identity_equivalence_unproven,0.0
public-case14-0059,case14,20260860,14,11,265.2272068126637,True,1.0099999999999998,1.5602029210972843,,ACCEPT,,REJECT_INCONSISTENT,identity_equivalence_unproven,0.0
public-case14-0060,case14,20260861,14,11,249.50526697799484,True,1.0100000000000002,1.4173359307799798,,ACCEPT,,REJECT_INCONSISTENT,identity_equivalence_unproven,0.0
public-case14-0061,case14,20260862,14,11,274.2563390265767,True,1.0100000000000005,1.628805664155148,,ACCEPT,,REJECT_INCONSISTENT,identity_equivalence_unproven,0.0
public-case14-0062,case14,20260863,14,11,266.196899013846,True,1.01,1.573873432727443,,ACCEPT,,REJECT_INCONSISTENT,identity_equivalence_unproven,0.0
public-case14-0063,case14,20260864,14,11,275.70758134516615,True,1.0099999999999998,1.649386299082746,,ACCEPT,,REJECT_INCONSISTENT,identity_equivalence_unproven,0.0
public-case14-0064,case14,20260865,14,11,255.8682030627986,True,1.01,1.488308673090472,,ACCEPT,,REJECT_INCONSISTENT,identity_equivalence_unproven,0.0
public-case14-0065,case14,20260866,14,11,261.65638348065283,True,1.0099999999999998,1.5241864969677916,,ACCEPT,,REJECT_INCONSISTENT,identity_equivalence_unproven,0.0
public-case14-0066,case14,20260867,14,11,255.4457992524489,True,1.01,1.4794913820369744,,ACCEPT,,REJECT_INCONSISTENT,identity_equivalence_unproven,0.0
public-case14-0067,case14,20260868,14,11,273.49263587698323,True,1.0100000000000002,1.616789038670546,,ACCEPT,,REJECT_INCONSISTENT,identity_equivalence_unproven,0.0
public-case14-0068,case14,20260869,14,11,285.56945375892866,True,1.0099999999999998,1.7168118088479019,,ACCEPT,,REJECT_INCONSISTENT,identity_equivalence_unproven,0.0
public-case14-0069,case14,20260870,14,11,252.77226831395328,True,1.0099999999999996,1.458684901757906,,ACCEPT,,REJECT_INCONSISTENT,identity_equivalence_unproven,0.0
public-case14-0070,case14,20260871,14,11,271.3840193653156,True,1.0099999999999998,1.6126253884486024,,ACCEPT,,REJECT_INCONSISTENT,identity_equivalence_unproven,0.0
public-case14-0071,case14,20260872,14,11,257.1856968715162,True,1.01,1.4969470859844487,,ACCEPT,,REJECT_INCONSISTENT,identity_equivalence_unproven,0.0
public-case14-0072,case14,20260873,14,11,257.5093656637597,True,1.01,1.498370145706349,,ACCEPT,,REJECT_INCONSISTENT,identity_equivalence_unproven,0.0
public-case14-0073,case14,20260874,14,11,270.9566854673929,True,1.01,1.5909729304315925,,ACCEPT,,REJECT_INCONSISTENT,identity_equivalence_unproven,0.0
public-case14-0074,case14,20260875,14,11,283.1693707449713,True,1.01,1.6884606254426153,,ACCEPT,,REJECT_INCONSISTENT,identity_equivalence_unproven,0.0
public-case14-0075,case14,20260876,14,11,274.1209379166783,True,1.01,1.6357484285611943,,ACCEPT,,REJECT_INCONSISTENT,identity_equivalence_unproven,0.0
public-case14-0076,case14,20260877,14,11,275.0827586087346,True,1.01,1.631864936590317,,ACCEPT,,REJECT_INCONSISTENT,identity_equivalence_unproven,0.0
public-case14-0077,case14,20260878,14,11,258.6113906309359,True,1.0099999999999998,1.501188190969064,,ACCEPT,,REJECT_INCONSISTENT,identity_equivalence_unproven,0.0
public-case14-0078,case14,20260879,14,11,237.1754669874149,True,1.01,1.337064670862068,,ACCEPT,,REJECT_INCONSISTENT,identity_equivalence_unproven,0.0
public-case14-0079,case14,20260880,14,11,267.94409435008464,True,1.0099999999999998,1.5775933683360481,,ACCEPT,,REJECT_INCONSISTENT,identity_equivalence_unproven,0.0
public-case14-0080,case14,20260881,14,11,260.62025162813177,True,1.0100000000000002,1.5294249871531163,,ACCEPT,,REJECT_INCONSISTENT,identity_equivalence_unproven,0.0
public-case14-0081,case14,20260882,14,11,276.8270184924595,True,1.01,1.6474772517035028,,ACCEPT,,REJECT_INCONSISTENT,identity_equivalence_unproven,0.0
public-case14-0082,case14,20260883,14,11,280.2249938552844,True,1.01,1.6803634896905788,,ACCEPT,,REJECT_INCONSISTENT,identity_equivalence_unproven,0.0
public-case14-0083,case14,20260884,14,11,259.41388432875016,True,1.01,1.5182360454758563,,ACCEPT,,REJECT_INCONSISTENT,identity_equivalence_unproven,0.0
public-case14-0084,case14,20260885,14,11,255.39598367680654,True,1.0100000000000002,1.4771980166245682,,ACCEPT,,REJECT_INCONSISTENT,identity_equivalence_unproven,0.0
public-case14-0085,case14,20260886,14,11,239.00707817556884,True,1.01,1.3515124465199067,,ACCEPT,,REJECT_INCONSISTENT,identity_equivalence_unproven,0.0
public-case14-0086,case14,20260887,14,11,249.53710228420098,True,1.01,1.4288416921799099,,ACCEPT,,REJECT_INCONSISTENT,identity_equivalence_unproven,0.0
public-case14-0087,case14,20260888,14,11,281.42479536469375,True,1.01,1.689918200905506,,ACCEPT,,REJECT_INCONSISTENT,identity_equivalence_unproven,0.0
public-case14-0088,case14,20260889,14,11,260.5349729023037,True,1.0100000000000002,1.5198922217168487,,ACCEPT,,REJECT_INCONSISTENT,identity_equivalence_unproven,0.0
public-case14-0089,case14,20260890,14,11,260.595511445555,True,1.01,1.5211381707290301,,ACCEPT,,REJECT_INCONSISTENT,identity_equivalence_unproven,0.0
public-case14-0090,case14,20260891,14,11,246.7804653872161,True,1.01,1.4209881476212893,,ACCEPT,,REJECT_INCONSISTENT,identity_equivalence_unproven,0.0
public-case14-0091,case14,20260892,14,11,259.88328505133734,True,1.0100000000000002,1.532100008844629,,ACCEPT,,REJECT_INCONSISTENT,identity_equivalence_unproven,0.0
public-case14-0092,case14,20260893,14,11,254.8483934571787,True,1.01,1.4870518945541706,,ACCEPT,,REJECT_INCONSISTENT,identity_equivalence_unproven,0.0
public-case14-0093,case14,20260894,14,11,262.92437045158033,True,1.0099999999999998,1.5376664676639866,,ACCEPT,,REJECT_INCONSISTENT,identity_equivalence_unproven,0.0
public-case14-0094,case14,20260895,14,11,277.22682733499124,True,1.01,1.6538684084762552,,ACCEPT,,REJECT_INCONSISTENT,identity_equivalence_unproven,0.0
public-case14-0095,case14,20260896,14,11,240.702878295385,True,1.0099999999999998,1.3703073403162835,,ACCEPT,,REJECT_INCONSISTENT,identity_equivalence_unproven,0.0
public-case14-0096,case14,20260897,14,11,232.19876493997165,True,1.01,1.2999535689192463,,ACCEPT,,REJECT_INCONSISTENT,identity_equivalence_unproven,0.0
public-case14-0097,case14,20260898,14,11,279.8059685606383,True,1.01,1.6776957014227414,,ACCEPT,,REJECT_INCONSISTENT,identity_equivalence_unproven,0.0
public-case14-0098,case14,20260899,14,11,270.81652001558587,True,1.01,1.5964483031375352,,ACCEPT,,REJECT_INCONSISTENT,identity_equivalence_unproven,0.0
public-case14-0099,case14,20260900,14,11,264.9316019631493,True,1.01,1.5526255837516232,,ACCEPT,,REJECT_INCONSISTENT,identity_equivalence_unproven,0.0
public-case14-0100,case14,20260901,14,11,253.33789063118763,True,1.0100000000000002,1.4730643878054628,,ACCEPT,,REJECT_INCONSISTENT,identity_equivalence_unproven,0.0
public-case14-0101,case14,20260902,14,11,266.57734350266077,True,1.0100000000000002,1.570646688824636,,ACCEPT,,REJECT_INCONSISTENT,identity_equivalence_unproven,0.0
public-case14-0102,case14,20260903,14,11,245.07111482398182,True,1.01,1.3968549514499362,,ACCEPT,,REJECT_INCONSISTENT,identity_equivalence_unproven,0.0
public-case14-0103,case14,20260904,14,11,276.3374233780064,True,1.0099999999999998,1.6515910742699338,,ACCEPT,,REJECT_INCONSISTENT,identity_equivalence_unproven,0.0
public-case14-0104,case14,20260905,14,11,280.766373543182,True,1.01,1.6836951406450167,,ACCEPT,,REJECT_INCONSISTENT,identity_equivalence_unproven,0.0
public-case14-0105,case14,20260906,14,11,267.49870459722774,True,1.01,1.5702673558788527,,ACCEPT,,REJECT_INCONSISTENT,identity_equivalence_unproven,0.0
public-case14-0106,case14,20260907,14,11,258.89796233511504,True,1.01,1.5026824680039,,ACCEPT,,REJECT_INCONSISTENT,identity_equivalence_unproven,0.0
public-case14-0107,case14,20260908,14,11,266.6253155898426,True,1.01,1.5739389906264591,,ACCEPT,,REJECT_INCONSISTENT,identity_equivalence_unproven,0.0
public-case14-0108,case14,20260909,14,11,246.28521076678345,True,1.0099999999999998,1.4216297046587985,,ACCEPT,,REJECT_INCONSISTENT,identity_equivalence_unproven,0.0
public-case14-0109,case14,20260910,14,11,275.90113567531074,True,1.01,1.6422042474656557,,ACCEPT,,REJECT_INCONSISTENT,identity_equivalence_unproven,0.0
public-case14-0110,case14,20260911,14,11,261.0692872810712,True,1.0100000000000002,1.5212513002624928,,ACCEPT,,REJECT_INCONSISTENT,identity_equivalence_unproven,0.0
public-case14-0111,case14,20260912,14,11,270.5396584777115,True,1.0099999999999998,1.6055834338319555,,ACCEPT,,REJECT_INCONSISTENT,identity_equivalence_unproven,0.0
public-case14-0112,case14,20260913,14,11,248.51888309693996,True,1.01,1.4233859831345865,,ACCEPT,,REJECT_INCONSISTENT,identity_equivalence_unproven,0.0
public-case14-0113,case14,20260914,14,11,262.9812580802114,True,1.0100000000000002,1.5308649406917758,,ACCEPT,,REJECT_INCONSISTENT,identity_equivalence_unproven,0.0
public-case14-0114,case14,20260915,14,11,256.12931304700015,True,1.0099999999999996,1.4935358446014155,,ACCEPT,,REJECT_INCONSISTENT,identity_equivalence_unproven,0.0
public-case14-0115,case14,20260916,14,11,247.5563114389153,True,1.01,1.4150188838817916,,ACCEPT,,REJECT_INCONSISTENT,identity_equivalence_unproven,0.0
public-case14-0116,case14,20260917,14,11,244.1510864667512,True,1.0099999999999998,1.390506347130126,,ACCEPT,,REJECT_INCONSISTENT,identity_equivalence_unproven,0.0
public-case14-0117,case14,20260918,14,11,262.4076830985709,True,1.0099999999999996,1.5200049393380337,,ACCEPT,,REJECT_INCONSISTENT,identity_equivalence_unproven,0.0
public-case14-0118,case14,20260919,14,11,274.8694418762748,True,1.0099999999999998,1.6330950510687263,,ACCEPT,,REJECT_INCONSISTENT,identity_equivalence_unproven,0.0
public-case14-0119,case14,20260920,14,11,243.24296952416955,True,1.01,1.3719572734608112,,ACCEPT,,REJECT_INCONSISTENT,identity_equivalence_unproven,0.0
public-case14-0120,case14,20260921,14,11,256.52473999876275,True,1.01,1.483499677005054,,ACCEPT,,REJECT_INCONSISTENT,identity_equivalence_unproven,0.0
public-case14-0121,case14,20260922,14,11,281.2883055254083,True,1.0099999999999998,1.689848250774521,,ACCEPT,,REJECT_INCONSISTENT,identity_equivalence_unproven,0.0
public-case14-0122,case14,20260923,14,11,274.6481747034978,True,1.0100000000000002,1.6285698342626431,,ACCEPT,,REJECT_INCONSISTENT,identity_equivalence_unproven,0.0
public-case14-0123,case14,20260924,14,11,243.03110367737438,True,1.01,1.3753675996775545,,ACCEPT,,REJECT_INCONSISTENT,identity_equivalence_unproven,0.0
public-case14-0124,case14,20260925,14,11,238.217902818366,True,1.01,1.3432370254370893,,ACCEPT,,REJECT_INCONSISTENT,identity_equivalence_unproven,0.0
public-case14-0125,case14,20260926,14,11,277.6493606090661,True,1.0100000000000002,1.6587365069965463,,ACCEPT,,REJECT_INCONSISTENT,identity_equivalence_unproven,0.0
public-case14-0126,case14,20260927,14,11,249.70716419700832,True,1.01,1.431649893763038,,ACCEPT,,REJECT_INCONSISTENT,identity_equivalence_unproven,0.0
public-case14-0127,case14,20260928,14,11,233.65955145986152,True,1.01,1.3096938552662771,,ACCEPT,,REJECT_INCONSISTENT,identity_equivalence_unproven,0.0
public-case14-0128,case14,20260929,14,11,263.64261862740034,True,1.0099999999999998,1.5529531739216942,,ACCEPT,,REJECT_INCONSISTENT,identity_equivalence_unproven,0.0
public-case14-0129,case14,20260930,14,11,246.92876102708718,True,1.01,1.4149019274582564,,ACCEPT,,REJECT_INCONSISTENT,identity_equivalence_unproven,0.0
public-case14-0130,case14,20260931,14,11,256.21799325659,True,1.0099999999999998,1.4819237449779148,,ACCEPT,,REJECT_INCONSISTENT,identity_equivalence_unproven,0.0
public-case14-0131,case14,20260932,14,11,251.27967548791705,True,1.01,1.44621559731229,,ACCEPT,,REJECT_INCONSISTENT,identity_equivalence_unproven,0.0
public-case14-0132,case14,20260933,14,11,256.16857127442944,True,1.0099999999999998,1.478469184470916,,ACCEPT,,REJECT_INCONSISTENT,identity_equivalence_unproven,0.0
public-case14-0133,case14,20260934,14,11,269.75555140026137,True,1.0099999999999998,1.5969700327921257,,ACCEPT,,REJECT_INCONSISTENT,identity_equivalence_unproven,0.0
public-case14-0134,case14,20260935,14,11,259.26745640080117,True,1.01,1.4915739478868952,,ACCEPT,,REJECT_INCONSISTENT,identity_equivalence_unproven,0.0
public-case14-0135,case14,20260936,14,11,265.2078067925441,True,1.0100000000000002,1.5530476430720763,,ACCEPT,,REJECT_INCONSISTENT,identity_equivalence_unproven,0.0
public-case14-0136,case14,20260937,14,11,259.7437508795118,True,1.0100000000000007,1.5280894608467879,,ACCEPT,,REJECT_INCONSISTENT,identity_equivalence_unproven,0.0
public-case14-0137,case14,20260938,14,11,243.46425788909525,True,1.01,1.3734219464269666,,ACCEPT,,REJECT_INCONSISTENT,identity_equivalence_unproven,0.0
public-case14-0138,case14,20260939,14,11,250.07686980866455,True,1.01,1.423853353044404,,ACCEPT,,REJECT_INCONSISTENT,identity_equivalence_unproven,0.0
public-case14-0139,case14,20260940,14,11,246.84837966700536,True,1.01,1.4159327897424134,,ACCEPT,,REJECT_INCONSISTENT,identity_equivalence_unproven,0.0
public-case14-0140,case14,20260941,14,11,237.16045535927148,True,1.01,1.3340707115879733,,ACCEPT,,REJECT_INCONSISTENT,identity_equivalence_unproven,0.0
public-case14-0141,case14,20260942,14,11,288.0960487586053,True,1.0100000000000002,1.7336124020862924,,ACCEPT,,REJECT_INCONSISTENT,identity_equivalence_unproven,0.0
public-case14-0142,case14,20260943,14,11,257.04841355634215,True,1.01,1.4761494189406072,,ACCEPT,,REJECT_INCONSISTENT,identity_equivalence_unproven,0.0
public-case14-0143,case14,20260944,14,11,260.5995229689917,True,1.01,1.5114333325162055,,ACCEPT,,REJECT_INCONSISTENT,identity_equivalence_unproven,0.0
public-case14-0144,case14,20260945,14,11,237.78454670429355,True,1.01,1.3420003897840806,,ACCEPT,,REJECT_INCONSISTENT,identity_equivalence_unproven,0.0
public-case14-0145,case14,20260946,14,11,254.37677646790465,True,1.0099999999999998,1.4721215753607262,,ACCEPT,,REJECT_INCONSISTENT,identity_equivalence_unproven,0.0
public-case14-0146,case14,20260947,14,11,263.6160334805831,True,1.01,1.545806208388803,,ACCEPT,,REJECT_INCONSISTENT,identity_equivalence_unproven,0.0
public-case14-0147,case14,20260948,14,11,257.45044064314754,True,1.01,1.5076099970098578,,ACCEPT,,REJECT_INCONSISTENT,identity_equivalence_unproven,0.0
public-case14-0148,case14,20260949,14,11,263.0824543572578,True,1.01,1.529630991484367,,ACCEPT,,REJECT_INCONSISTENT,identity_equivalence_unproven,0.0
public-case14-0149,case14,20260950,14,11,254.82259079667256,True,1.01,1.477868539393431,,ACCEPT,,REJECT_INCONSISTENT,identity_equivalence_unproven,0.0
public-case14-0150,case14,20260951,14,11,253.08943876146904,True,1.01,1.4695971623458661,,ACCEPT,,REJECT_INCONSISTENT,identity_equivalence_unproven,0.0
public-case14-0151,case14,20260952,14,11,255.39633269233232,True,1.0099999999999998,1.4840345980080079,,ACCEPT,,REJECT_INCONSISTENT,identity_equivalence_unproven,0.0
public-case14-0152,case14,20260953,14,11,246.83896441658484,True,1.01,1.4242020889097073,,ACCEPT,,REJECT_INCONSISTENT,identity_equivalence_unproven,0.0
public-case14-0153,case14,20260954,14,11,255.64196978028534,True,1.0099999999999993,1.4624325039191297,,ACCEPT,,REJECT_INCONSISTENT,identity_equivalence_unproven,0.0
public-case14-0154,case14,20260955,14,11,244.80685349212462,True,1.01,1.3949243093124344,,ACCEPT,,REJECT_INCONSISTENT,identity_equivalence_unproven,0.0
public-case14-0155,case14,20260956,14,11,278.5435317171459,True,1.01,1.6610693379288302,,ACCEPT,,REJECT_INCONSISTENT,identity_equivalence_unproven,0.0
public-case14-0156,case14,20260957,14,11,260.5193798968907,True,1.0099999999999996,1.5272442220958746,,ACCEPT,,REJECT_INCONSISTENT,identity_equivalence_unproven,0.0
public-case14-0157,case14,20260958,14,11,247.14778540235685,True,1.01,1.4197662884321176,,ACCEPT,,REJECT_INCONSISTENT,identity_equivalence_unproven,0.0
public-case14-0158,case14,20260959,14,11,264.0227594921351,True,1.0100000000000002,1.5444087386899839,,ACCEPT,,REJECT_INCONSISTENT,identity_equivalence_unproven,0.0
public-case14-0159,case14,20260960,14,11,278.3307759388531,True,1.01,1.667816956600438,,ACCEPT,,REJECT_INCONSISTENT,identity_equivalence_unproven,0.0
public-case14-0160,case14,20260961,14,11,267.03893543493876,True,1.01,1.5763680951422043,,ACCEPT,,REJECT_INCONSISTENT,identity_equivalence_unproven,0.0
public-case14-0161,case14,20260962,14,11,285.82415987803984,True,1.01,1.7281271711708877,,ACCEPT,,REJECT_INCONSISTENT,identity_equivalence_unproven,0.0
public-case14-0162,case14,20260963,14,11,242.04801949452127,True,1.0099999999999996,1.3843780122541887,,ACCEPT,,REJECT_INCONSISTENT,identity_equivalence_unproven,0.0
public-case14-0163,case14,20260964,14,11,260.4539469003319,True,1.01,1.5187373426264477,,ACCEPT,,REJECT_INCONSISTENT,identity_equivalence_unproven,0.0
public-case14-0164,case14,20260965,14,11,258.96029755835656,True,1.01,1.501990214758507,,ACCEPT,,REJECT_INCONSISTENT,identity_equivalence_unproven,0.0
public-case14-0165,case14,20260966,14,11,249.14467803475634,True,1.0100000000000002,1.4385745712055982,,ACCEPT,,REJECT_INCONSISTENT,identity_equivalence_unproven,0.0
public-case14-0166,case14,20260967,14,11,244.58930733554055,True,1.0100000000000002,1.4018369437688174,,ACCEPT,,REJECT_INCONSISTENT,identity_equivalence_unproven,0.0
public-case14-0167,case14,20260968,14,11,234.73944366490704,True,1.0099999999999998,1.3188808133124215,,ACCEPT,,REJECT_INCONSISTENT,identity_equivalence_unproven,0.0
public-case14-0168,case14,20260969,14,11,260.80228873642346,True,1.0099999999999998,1.5285229964129816,,ACCEPT,,REJECT_INCONSISTENT,identity_equivalence_unproven,0.0
public-case14-0169,case14,20260970,14,11,288.2018777341812,True,1.0099999999999998,1.738964623287821,,ACCEPT,,REJECT_INCONSISTENT,identity_equivalence_unproven,0.0
public-case14-0170,case14,20260971,14,11,257.31176896874393,True,1.01,1.4780171918076033,,ACCEPT,,REJECT_INCONSISTENT,identity_equivalence_unproven,0.0
public-case14-0171,case14,20260972,14,11,284.32459489730445,True,1.0099999999999998,1.717245625224834,,ACCEPT,,REJECT_INCONSISTENT,identity_equivalence_unproven,0.0
public-case14-0172,case14,20260973,14,11,255.8784133095281,True,1.01,1.4814046656133217,,ACCEPT,,REJECT_INCONSISTENT,identity_equivalence_unproven,0.0
public-case14-0173,case14,20260974,14,11,276.42217709321073,True,1.01,1.6476187203834765,,ACCEPT,,REJECT_INCONSISTENT,identity_equivalence_unproven,0.0
public-case14-0174,case14,20260975,14,11,266.8688564670697,True,1.0099999999999998,1.5764465855202223,,ACCEPT,,REJECT_INCONSISTENT,identity_equivalence_unproven,0.0
public-case14-0175,case14,20260976,14,11,243.35048471030643,True,1.01,1.3873512481261892,,ACCEPT,,REJECT_INCONSISTENT,identity_equivalence_unproven,0.0
public-case14-0176,case14,20260977,14,11,241.11226911903265,True,1.01,1.3785301236558616,,ACCEPT,,REJECT_INCONSISTENT,identity_equivalence_unproven,0.0
public-case14-0177,case14,20260978,14,11,277.80988690847465,True,1.01,1.6581446032796678,,ACCEPT,,REJECT_INCONSISTENT,identity_equivalence_unproven,0.0
public-case14-0178,case14,20260979,14,11,255.03510076036846,True,1.0099999999999998,1.4730717714188764,,ACCEPT,,REJECT_INCONSISTENT,identity_equivalence_unproven,0.0
public-case14-0179,case14,20260980,14,11,268.900349836759,True,1.0100000000000002,1.5813747364339061,,ACCEPT,,REJECT_INCONSISTENT,identity_equivalence_unproven,0.0
public-case14-0180,case14,20260981,14,11,264.9626129280653,True,1.01,1.567318760447644,,ACCEPT,,REJECT_INCONSISTENT,identity_equivalence_unproven,0.0
public-case14-0181,case14,20260982,14,11,249.45636958705373,True,1.01,1.4406875311353242,,ACCEPT,,REJECT_INCONSISTENT,identity_equivalence_unproven,0.0
public-case14-0182,case14,20260983,14,11,281.26836557809816,True,1.0099999999999998,1.6936561567706625,,ACCEPT,,REJECT_INCONSISTENT,identity_equivalence_unproven,0.0
public-case14-0183,case14,20260984,14,11,252.16332782653325,True,1.0099999999999998,1.4678028519932,,ACCEPT,,REJECT_INCONSISTENT,identity_equivalence_unproven,0.0
public-case14-0184,case14,20260985,14,11,262.5806241949469,True,1.01,1.5566709367418268,,ACCEPT,,REJECT_INCONSISTENT,identity_equivalence_unproven,0.0
public-case14-0185,case14,20260986,14,11,247.9954499413811,True,1.0099999999999998,1.4239180164789889,,ACCEPT,,REJECT_INCONSISTENT,identity_equivalence_unproven,0.0
public-case14-0186,case14,20260987,14,11,258.7786428967864,True,1.0099999999999998,1.5084180826437157,,ACCEPT,,REJECT_INCONSISTENT,identity_equivalence_unproven,0.0
public-case14-0187,case14,20260988,14,11,254.77991419044287,True,1.0100000000000002,1.4650799659562392,,ACCEPT,,REJECT_INCONSISTENT,identity_equivalence_unproven,0.0
public-case14-0188,case14,20260989,14,11,256.94524456451774,True,1.0099999999999998,1.4902008763893524,,ACCEPT,,REJECT_INCONSISTENT,identity_equivalence_unproven,0.0
public-case14-0189,case14,20260990,14,11,280.58013263460657,True,1.01,1.6752399076600188,,ACCEPT,,REJECT_INCONSISTENT,identity_equivalence_unproven,0.0
public-case14-0190,case14,20260991,14,11,252.69855198578335,True,1.0100000000000002,1.4607278067690055,,ACCEPT,,REJECT_INCONSISTENT,identity_equivalence_unproven,0.0
public-case14-0191,case14,20260992,14,11,253.93097854044925,True,1.01,1.463189216742366,,ACCEPT,,REJECT_INCONSISTENT,identity_equivalence_unproven,0.0
public-case14-0192,case14,20260993,14,11,259.67642613107853,True,1.0099999999999998,1.5113366860597939,,ACCEPT,,REJECT_INCONSISTENT,identity_equivalence_unproven,0.0
public-case14-0193,case14,20260994,14,11,246.64543149718182,True,1.0099999999999998,1.3955248703074459,,ACCEPT,,REJECT_INCONSISTENT,identity_equivalence_unproven,0.0
public-case14-0194,case14,20260995,14,11,246.16215111109398,True,1.01,1.4150663005642417,,ACCEPT,,REJECT_INCONSISTENT,identity_equivalence_unproven,0.0
public-case14-0195,case14,20260996,14,11,272.60971327305435,True,1.0099999999999998,1.630371148119288,,ACCEPT,,REJECT_INCONSISTENT,identity_equivalence_unproven,0.0
public-case14-0196,case14,20260997,14,11,244.2195343906481,True,1.01,1.3885776407918604,,ACCEPT,,REJECT_INCONSISTENT,identity_equivalence_unproven,0.0
public-case14-0197,case14,20260998,14,11,250.20147948770529,True,1.0100000000000002,1.436087350448236,,ACCEPT,,REJECT_INCONSISTENT,identity_equivalence_unproven,0.0
public-case14-0198,case14,20260999,14,11,264.7019950970563,True,1.01,1.5552939004762016,,ACCEPT,,REJECT_INCONSISTENT,identity_equivalence_unproven,0.0
public-case14-0199,case14,20261000,14,11,255.12870595294277,True,1.01,1.4810718336851934,,ACCEPT,,REJECT_INCONSISTENT,identity_equivalence_unproven,0.0
public-case14-0200,case14,20261001,14,11,263.56871612753304,True,1.01,1.5535667523176306,,ACCEPT,,REJECT_INCONSISTENT,identity_equivalence_unproven,0.0
public-case14-0201,case14,20261002,14,11,240.83034482293456,True,1.01,1.3555008062613578,,ACCEPT,,REJECT_INCONSISTENT,identity_equivalence_unproven,0.0
public-case14-0202,case14,20261003,14,11,258.6258460321903,True,1.01,1.5068683669356095,,ACCEPT,,REJECT_INCONSISTENT,identity_equivalence_unproven,0.0
public-case14-0203,case14,20261004,14,11,258.98230997527764,True,1.01,1.4971861286316708,,ACCEPT,,REJECT_INCONSISTENT,identity_equivalence_unproven,0.0
public-case14-0204,case14,20261005,14,11,250.1799484523516,True,1.0099999999999998,1.4382274987061885,,ACCEPT,,REJECT_INCONSISTENT,identity_equivalence_unproven,0.0
public-case14-0205,case14,20261006,14,11,261.5881352403429,True,1.01,1.5231761085273343,,ACCEPT,,REJECT_INCONSISTENT,identity_equivalence_unproven,0.0
public-case14-0206,case14,20261007,14,11,268.8983850724506,True,1.01,1.59584804189506,,ACCEPT,,REJECT_INCONSISTENT,identity_equivalence_unproven,0.0
public-case14-0207,case14,20261008,14,11,283.3996719084483,True,1.01,1.699999126973683,,ACCEPT,,REJECT_INCONSISTENT,identity_equivalence_unproven,0.0
public-case14-0208,case14,20261009,14,11,261.9879128607719,True,1.01,1.5248548751329911,,ACCEPT,,REJECT_INCONSISTENT,identity_equivalence_unproven,0.0
public-case14-0209,case14,20261010,14,11,228.94942557074,True,1.01,1.2792546552069157,,ACCEPT,,REJECT_INCONSISTENT,identity_equivalence_unproven,0.0
public-case14-0210,case14,20261011,14,11,233.5685748008274,True,1.01,1.30534557236853,,ACCEPT,,REJECT_INCONSISTENT,identity_equivalence_unproven,0.0
public-case14-0211,case14,20261012,14,11,268.19749795703285,True,1.01,1.5723510991393872,,ACCEPT,,REJECT_INCONSISTENT,identity_equivalence_unproven,0.0
public-case14-0212,case14,20261013,14,11,245.46179705201712,True,1.01,1.3990419722245921,,ACCEPT,,REJECT_INCONSISTENT,identity_equivalence_unproven,0.0
public-case14-0213,case14,20261014,14,11,253.49853537418005,True,1.01,1.4694540748277558,,ACCEPT,,REJECT_INCONSISTENT,identity_equivalence_unproven,0.0
public-case14-0214,case14,20261015,14,11,264.61031406280335,True,1.0100000000000002,1.5494498609372593,,ACCEPT,,REJECT_INCONSISTENT,identity_equivalence_unproven,0.0
public-case14-0215,case14,20261016,14,11,259.2266850628992,True,1.01,1.5090121352170849,,ACCEPT,,REJECT_INCONSISTENT,identity_equivalence_unproven,0.0
public-case14-0216,case14,20261017,14,11,271.4812089813646,True,1.0099999999999998,1.6020013184877255,,ACCEPT,,REJECT_INCONSISTENT,identity_equivalence_unproven,0.0
public-case14-0217,case14,20261018,14,11,257.9971972146875,True,1.0100000000000002,1.4986374052270535,,ACCEPT,,REJECT_INCONSISTENT,identity_equivalence_unproven,0.0
public-case14-0218,case14,20261019,14,11,265.55938176495073,True,1.0100000000000002,1.5613453257765677,,ACCEPT,,REJECT_INCONSISTENT,identity_equivalence_unproven,0.0
public-case14-0219,case14,20261020,14,11,263.21244315351623,True,1.01,1.5280101249339335,,ACCEPT,,REJECT_INCONSISTENT,identity_equivalence_unproven,0.0
public-case14-0220,case14,20261021,14,11,227.35789334982715,True,1.0099999999999996,1.260616296084893,,ACCEPT,,REJECT_INCONSISTENT,identity_equivalence_unproven,0.0
public-case14-0221,case14,20261022,14,11,226.61961337132195,True,1.0099999999999998,1.253900116418839,,ACCEPT,,REJECT_INCONSISTENT,identity_equivalence_unproven,0.0
public-case14-0222,case14,20261023,14,11,268.42936324674474,True,1.01,1.5775875346470185,,ACCEPT,,REJECT_INCONSISTENT,identity_equivalence_unproven,0.0
public-case14-0223,case14,20261024,14,11,256.7771455541448,True,1.0100000000000005,1.4941345750625832,,ACCEPT,,REJECT_INCONSISTENT,identity_equivalence_unproven,0.0
public-case14-0224,case14,20261025,14,11,241.31150419176925,True,1.01,1.3625066369862688,,ACCEPT,,REJECT_INCONSISTENT,identity_equivalence_unproven,0.0
public-case14-0225,case14,20261026,14,11,272.4766418752324,True,1.0100000000000005,1.6149271491452941,,ACCEPT,,REJECT_INCONSISTENT,identity_equivalence_unproven,0.0
public-case14-0226,case14,20261027,14,11,263.44972681564604,True,1.01,1.5660465034634918,,ACCEPT,,REJECT_INCONSISTENT,identity_equivalence_unproven,0.0
public-case14-0227,case14,20261028,14,11,237.71580300585202,True,1.01,1.3377876114742553,,ACCEPT,,REJECT_INCONSISTENT,identity_equivalence_unproven,0.0
public-case14-0228,case14,20261029,14,11,286.02089885172364,True,1.01,1.721642243366381,,ACCEPT,,REJECT_INCONSISTENT,identity_equivalence_unproven,0.0
public-case14-0229,case14,20261030,14,11,253.77827212802674,True,1.01,1.4735897007782697,,ACCEPT,,REJECT_INCONSISTENT,identity_equivalence_unproven,0.0
public-case14-0230,case14,20261031,14,11,261.7441011427401,True,1.01,1.526560131379099,,ACCEPT,,REJECT_INCONSISTENT,identity_equivalence_unproven,0.0
public-case14-0231,case14,20261032,14,11,277.98219010002964,True,1.0100000000000002,1.6543292775832723,,ACCEPT,,REJECT_INCONSISTENT,identity_equivalence_unproven,0.0
public-case14-0232,case14,20261033,14,11,247.43140811858487,True,1.0099999999999998,1.4215463770307932,,ACCEPT,,REJECT_INCONSISTENT,identity_equivalence_unproven,0.0
public-case14-0233,case14,20261034,14,11,243.38833930299026,True,1.0099999999999998,1.3839822654032556,,ACCEPT,,REJECT_INCONSISTENT,identity_equivalence_unproven,0.0
public-case14-0234,case14,20261035,14,11,252.36078519870966,True,1.01,1.4537882063184306,,ACCEPT,,REJECT_INCONSISTENT,identity_equivalence_unproven,0.0
public-case14-0235,case14,20261036,14,11,255.35288160094018,True,1.0100000000000002,1.4871720341596617,,ACCEPT,,REJECT_INCONSISTENT,identity_equivalence_unproven,0.0
public-case14-0236,case14,20261037,14,11,261.05123200371236,True,1.0100000000000002,1.5219025607700545,,ACCEPT,,REJECT_INCONSISTENT,identity_equivalence_unproven,0.0
public-case14-0237,case14,20261038,14,11,256.07957329783136,True,1.01,1.4893260431545865,,ACCEPT,,REJECT_INCONSISTENT,identity_equivalence_unproven,0.0
public-case14-0238,case14,20261039,14,11,254.8238979191603,True,1.01,1.4651961101685587,,ACCEPT,,REJECT_INCONSISTENT,identity_equivalence_unproven,0.0
public-case14-0239,case14,20261040,14,11,273.084056207938,True,1.0099999999999998,1.6113919889143866,,ACCEPT,,REJECT_INCONSISTENT,identity_equivalence_unproven,0.0
public-case14-0240,case14,20261041,14,11,235.98134891898496,True,1.01,1.3182343485838053,,ACCEPT,,REJECT_INCONSISTENT,identity_equivalence_unproven,0.0
public-case14-0241,case14,20261042,14,11,235.1927161787735,True,1.01,1.319188699390216,,ACCEPT,,REJECT_INCONSISTENT,identity_equivalence_unproven,0.0
public-case14-0242,case14,20261043,14,11,262.3310441812524,True,1.01,1.5478774834728801,,ACCEPT,,REJECT_INCONSISTENT,identity_equivalence_unproven,0.0
public-case14-0243,case14,20261044,14,11,265.0934723778878,True,1.0099999999999998,1.5687038057329157,,ACCEPT,,REJECT_INCONSISTENT,identity_equivalence_unproven,0.0
public-case14-0244,case14,20261045,14,11,279.9138015378695,True,1.01,1.6863670804883102,,ACCEPT,,REJECT_INCONSISTENT,identity_equivalence_unproven,0.0
public-case14-0245,case14,20261046,14,11,282.6677002427551,True,1.0099999999999998,1.695551622339554,,ACCEPT,,REJECT_INCONSISTENT,identity_equivalence_unproven,0.0
public-case14-0246,case14,20261047,14,11,270.5693076825429,True,1.01,1.60751283754157,,ACCEPT,,REJECT_INCONSISTENT,identity_equivalence_unproven,0.0
public-case14-0247,case14,20261048,14,11,256.34737018767674,True,1.01,1.4840291409676405,,ACCEPT,,REJECT_INCONSISTENT,identity_equivalence_unproven,0.0
public-case14-0248,case14,20261049,14,11,243.36010575937146,True,1.01,1.3813938131087946,,ACCEPT,,REJECT_INCONSISTENT,identity_equivalence_unproven,0.0
public-case14-0249,case14,20261050,14,11,249.36099396604945,True,1.0100000000000002,1.4222321475966098,,ACCEPT,,REJECT_INCONSISTENT,identity_equivalence_unproven,0.0
public-case14-0250,case14,20261051,14,11,255.93918775359975,True,1.0099999999999998,1.4795861474633587,,ACCEPT,,REJECT_INCONSISTENT,identity_equivalence_unproven,0.0
public-case14-0251,case14,20261052,14,11,268.26709634425026,True,1.01,1.5895730334659033,,ACCEPT,,REJECT_INCONSISTENT,identity_equivalence_unproven,0.0
public-case14-0252,case14,20261053,14,11,245.37764723873286,True,1.0099999999999998,1.3979734416523808,,ACCEPT,,REJECT_INCONSISTENT,identity_equivalence_unproven,0.0
public-case14-0253,case14,20261054,14,11,245.7095221461023,True,1.01,1.3966225297373431,,ACCEPT,,REJECT_INCONSISTENT,identity_equivalence_unproven,0.0
public-case14-0254,case14,20261055,14,11,251.9689589469905,True,1.01,1.4523005328762972,,ACCEPT,,REJECT_INCONSISTENT,identity_equivalence_unproven,0.0
public-case14-0255,case14,20261056,14,11,233.70175021331895,True,1.0099999999999998,1.3089971797038022,,ACCEPT,,REJECT_INCONSISTENT,identity_equivalence_unproven,0.0
public-case14-0256,case14,20261057,14,11,261.66718610324915,True,1.0100000000000002,1.526068256613849,,ACCEPT,,REJECT_INCONSISTENT,identity_equivalence_unproven,0.0
public-case14-0257,case14,20261058,14,11,273.73001622096376,True,1.01,1.6313011929234127,,ACCEPT,,REJECT_INCONSISTENT,identity_equivalence_unproven,0.0
public-case14-0258,case14,20261059,14,11,256.4510821102941,True,1.01,1.4957091648876588,,ACCEPT,,REJECT_INCONSISTENT,identity_equivalence_unproven,0.0
public-case14-0259,case14,20261060,14,11,252.23869629797613,True,1.01,1.4542366171619965,,ACCEPT,,REJECT_INCONSISTENT,identity_equivalence_unproven,0.0
public-case14-0260,case14,20261061,14,11,259.5709735791987,True,1.01,1.523621812063337,,ACCEPT,,REJECT_INCONSISTENT,identity_equivalence_unproven,0.0
public-case14-0261,case14,20261062,14,11,236.3230949266069,True,1.01,1.323367093875796,,ACCEPT,,REJECT_INCONSISTENT,identity_equivalence_unproven,0.0
public-case14-0262,case14,20261063,14,11,265.23786016883196,True,1.0099999999999998,1.5561812333641116,,ACCEPT,,REJECT_INCONSISTENT,identity_equivalence_unproven,0.0
public-case14-0263,case14,20261064,14,11,253.59562364577732,True,1.0100000000000002,1.4610940392331473,,ACCEPT,,REJECT_INCONSISTENT,identity_equivalence_unproven,0.0
public-case14-0264,case14,20261065,14,11,260.10883879454155,True,1.01,1.5266342599267082,,ACCEPT,,REJECT_INCONSISTENT,identity_equivalence_unproven,0.0
public-case14-0265,case14,20261066,14,11,234.0169440326407,True,1.01,1.3125586314626951,,ACCEPT,,REJECT_INCONSISTENT,identity_equivalence_unproven,0.0
public-case14-0266,case14,20261067,14,11,280.9429055607653,True,1.01,1.6826295938369793,,ACCEPT,,REJECT_INCONSISTENT,identity_equivalence_unproven,0.0
public-case14-0267,case14,20261068,14,11,276.2115108334217,True,1.01,1.647063877536801,,ACCEPT,,REJECT_INCONSISTENT,identity_equivalence_unproven,0.0
public-case14-0268,case14,20261069,14,11,261.52367986710925,True,1.01,1.5234592085448428,,ACCEPT,,REJECT_INCONSISTENT,identity_equivalence_unproven,0.0
public-case14-0269,case14,20261070,14,11,240.36909985985912,True,1.0099999999999998,1.3599817546288995,,ACCEPT,,REJECT_INCONSISTENT,identity_equivalence_unproven,0.0
public-case14-0270,case14,20261071,14,11,262.9595509002284,True,1.01,1.5440526439583702,,ACCEPT,,REJECT_INCONSISTENT,identity_equivalence_unproven,0.0
public-case14-0271,case14,20261072,14,11,251.9339154790214,True,1.0099999999999996,1.4511537260433511,,ACCEPT,,REJECT_INCONSISTENT,identity_equivalence_unproven,0.0
public-case14-0272,case14,20261073,14,11,259.2706306877854,True,1.01,1.5108175936030463,,ACCEPT,,REJECT_INCONSISTENT,identity_equivalence_unproven,0.0
public-case14-0273,case14,20261074,14,11,254.13255494731655,True,1.0099999999999998,1.452404756146795,,ACCEPT,,REJECT_INCONSISTENT,identity_equivalence_unproven,0.0
public-case14-0274,case14,20261075,14,11,253.63787316046307,True,1.01,1.4626201155850833,,ACCEPT,,REJECT_INCONSISTENT,identity_equivalence_unproven,0.0
public-case14-0275,case14,20261076,14,11,247.36485143640766,True,1.01,1.4185297490739406,,ACCEPT,,REJECT_INCONSISTENT,identity_equivalence_unproven,0.0
public-case14-0276,case14,20261077,14,11,269.6510091959653,True,1.0099999999999996,1.5935790686130262,,ACCEPT,,REJECT_INCONSISTENT,identity_equivalence_unproven,0.0
public-case14-0277,case14,20261078,14,11,268.10348108465695,True,1.01,1.5786671018797513,,ACCEPT,,REJECT_INCONSISTENT,identity_equivalence_unproven,0.0
public-case14-0278,case14,20261079,14,11,250.7393968938512,True,1.0100000000000002,1.4299665870447569,,ACCEPT,,REJECT_INCONSISTENT,identity_equivalence_unproven,0.0
public-case14-0279,case14,20261080,14,11,253.50792544263987,True,1.01,1.4665401939001177,,ACCEPT,,REJECT_INCONSISTENT,identity_equivalence_unproven,0.0
public-case14-0280,case14,20261081,14,11,257.1839702251575,True,1.01,1.5007609560645347,,ACCEPT,,REJECT_INCONSISTENT,identity_equivalence_unproven,0.0
public-case14-0281,case14,20261082,14,11,269.03219828339945,True,1.01,1.5926140949280871,,ACCEPT,,REJECT_INCONSISTENT,identity_equivalence_unproven,0.0
public-case14-0282,case14,20261083,14,11,275.3505028800793,True,1.01,1.6453997033995311,,ACCEPT,,REJECT_INCONSISTENT,identity_equivalence_unproven,0.0
public-case14-0283,case14,20261084,14,11,253.422265456265,True,1.0099999999999998,1.46144993068905,,ACCEPT,,REJECT_INCONSISTENT,identity_equivalence_unproven,0.0
public-case14-0284,case14,20261085,14,11,232.0757297916983,True,1.0100000000000002,1.2911853052156577,,ACCEPT,,REJECT_INCONSISTENT,identity_equivalence_unproven,0.0
public-case14-0285,case14,20261086,14,11,269.5041065161536,True,1.01,1.5850844995761455,,ACCEPT,,REJECT_INCONSISTENT,identity_equivalence_unproven,0.0
public-case14-0286,case14,20261087,14,11,245.5423739309624,True,1.01,1.4055520458993493,,ACCEPT,,REJECT_INCONSISTENT,identity_equivalence_unproven,0.0
public-case14-0287,case14,20261088,14,11,233.82511573863917,True,1.01,1.3049722912968449,,ACCEPT,,REJECT_INCONSISTENT,identity_equivalence_unproven,0.0
public-case14-0288,case14,20261089,14,11,247.22729519816997,True,1.01,1.4145681379903357,,ACCEPT,,REJECT_INCONSISTENT,identity_equivalence_unproven,0.0
public-case14-0289,case14,20261090,14,11,284.2659242768747,True,1.0099999999999998,1.7084432639321456,,ACCEPT,,REJECT_INCONSISTENT,identity_equivalence_unproven,0.0
public-case14-0290,case14,20261091,14,11,252.18103752558255,True,1.01,1.4467913330833537,,ACCEPT,,REJECT_INCONSISTENT,identity_equivalence_unproven,0.0
public-case14-0291,case14,20261092,14,11,254.74065815576856,True,1.0099999999999998,1.472366068447327,,ACCEPT,,REJECT_INCONSISTENT,identity_equivalence_unproven,0.0
public-case14-0292,case14,20261093,14,11,231.90230221951168,True,1.0099999999999996,1.3030934211822018,,ACCEPT,,REJECT_INCONSISTENT,identity_equivalence_unproven,0.0
public-case14-0293,case14,20261094,14,11,283.85689733015437,True,1.0099999999999998,1.7079086694027774,,ACCEPT,,REJECT_INCONSISTENT,identity_equivalence_unproven,0.0
public-case14-0294,case14,20261095,14,11,254.96838747061105,True,1.01,1.4730880242324622,,ACCEPT,,REJECT_INCONSISTENT,identity_equivalence_unproven,0.0
public-case14-0295,case14,20261096,14,11,253.88823098609012,True,1.0100000000000002,1.4632760452056646,,ACCEPT,,REJECT_INCONSISTENT,identity_equivalence_unproven,0.0
public-case14-0296,case14,20261097,14,11,274.1831842483289,True,1.01,1.629430441581484,,ACCEPT,,REJECT_INCONSISTENT,identity_equivalence_unproven,0.0
public-case14-0297,case14,20261098,14,11,250.3279023631353,True,1.01,1.4337865177187088,,ACCEPT,,REJECT_INCONSISTENT,identity_equivalence_unproven,0.0
public-case14-0298,case14,20261099,14,11,252.95308823480954,True,1.01,1.458462679813492,,ACCEPT,,REJECT_INCONSISTENT,identity_equivalence_unproven,0.0
public-case14-0299,case14,20261100,14,11,257.81632764308125,True,1.01,1.4988921096730679,,ACCEPT,,REJECT_INCONSISTENT,identity_equivalence_unproven,0.0
public-case14-0300,case14,20261101,14,11,245.82348344405463,True,1.01,1.4087874811665706,,ACCEPT,,REJECT_INCONSISTENT,identity_equivalence_unproven,0.0
public-case14-0301,case14,20261102,14,11,262.6681544522116,True,1.0099999999999998,1.533279174502742,,ACCEPT,,REJECT_INCONSISTENT,identity_equivalence_unproven,0.0
public-case14-0302,case14,20261103,14,11,279.31966959833426,True,1.0099999999999998,1.6717928401374622,,ACCEPT,,REJECT_INCONSISTENT,identity_equivalence_unproven,0.0
public-case14-0303,case14,20261104,14,11,277.9143707743844,True,1.01,1.6653598880855682,,ACCEPT,,REJECT_INCONSISTENT,identity_equivalence_unproven,0.0
public-case14-0304,case14,20261105,14,11,283.81316520575297,True,1.01,1.7099392742923714,,ACCEPT,,REJECT_INCONSISTENT,identity_equivalence_unproven,0.0
public-case14-0305,case14,20261106,14,11,257.12552582943397,True,1.01,1.4929317931376969,,ACCEPT,,REJECT_INCONSISTENT,identity_equivalence_unproven,0.0
public-case14-0306,case14,20261107,14,11,259.3694389047664,True,1.0099999999999998,1.5216319717842333,,ACCEPT,,REJECT_INCONSISTENT,identity_equivalence_unproven,0.0
public-case14-0307,case14,20261108,14,11,242.94405894812493,True,1.01,1.3836885107563006,,ACCEPT,,REJECT_INCONSISTENT,identity_equivalence_unproven,0.0
public-case14-0308,case14,20261109,14,11,279.4546489595222,True,1.01,1.664414202480285,,ACCEPT,,REJECT_INCONSISTENT,identity_equivalence_unproven,0.0
public-case14-0309,case14,20261110,14,11,249.5606324056253,True,1.01,1.4269872612009193,,ACCEPT,,REJECT_INCONSISTENT,identity_equivalence_unproven,0.0
public-case14-0310,case14,20261111,14,11,281.7472573511603,True,1.0099999999999998,1.6942746068361818,,ACCEPT,,REJECT_INCONSISTENT,identity_equivalence_unproven,0.0
public-case14-0311,case14,20261112,14,11,236.8862478183588,True,1.01,1.3386136368614974,,ACCEPT,,REJECT_INCONSISTENT,identity_equivalence_unproven,0.0
public-case14-0312,case14,20261113,14,11,264.021746952573,True,1.0099999999999998,1.5550594536179336,,ACCEPT,,REJECT_INCONSISTENT,identity_equivalence_unproven,0.0
public-case14-0313,case14,20261114,14,11,252.24194213108905,True,1.01,1.4509301923763231,,ACCEPT,,REJECT_INCONSISTENT,identity_equivalence_unproven,0.0
public-case14-0314,case14,20261115,14,11,253.47182156821552,True,1.0099999999999998,1.4606933233203847,,ACCEPT,,REJECT_INCONSISTENT,identity_equivalence_unproven,0.0
public-case14-0315,case14,20261116,14,11,240.7882717557896,True,1.01,1.3707680859185563,,ACCEPT,,REJECT_INCONSISTENT,identity_equivalence_unproven,0.0
public-case14-0316,case14,20261117,14,11,271.01509551248796,True,1.01,1.6028272667591432,,ACCEPT,,REJECT_INCONSISTENT,identity_equivalence_unproven,0.0
public-case14-0317,case14,20261118,14,11,257.7878159889852,True,1.0100000000000002,1.4993447971615692,,ACCEPT,,REJECT_INCONSISTENT,identity_equivalence_unproven,0.0
public-case14-0318,case14,20261119,14,11,248.64799652778262,True,1.01,1.4201331289897052,,ACCEPT,,REJECT_INCONSISTENT,identity_equivalence_unproven,0.0
public-case14-0319,case14,20261120,14,11,253.4380015256873,True,1.01,1.456805487382124,,ACCEPT,,REJECT_INCONSISTENT,identity_equivalence_unproven,0.0
public-case14-0320,case14,20261121,14,11,279.2270944863511,True,1.0100000000000002,1.6751078702025537,,ACCEPT,,REJECT_INCONSISTENT,identity_equivalence_unproven,0.0
public-case14-0321,case14,20261122,14,11,268.34101661889736,True,1.01,1.5747299818908982,,ACCEPT,,REJECT_INCONSISTENT,identity_equivalence_unproven,0.0
public-case14-0322,case14,20261123,14,11,238.30495666814932,True,1.0100000000000002,1.3431059774491108,,ACCEPT,,REJECT_INCONSISTENT,identity_equivalence_unproven,0.0
public-case14-0323,case14,20261124,14,11,280.91381742947493,True,1.0100000000000002,1.690793451951687,,ACCEPT,,REJECT_INCONSISTENT,identity_equivalence_unproven,0.0
public-case14-0324,case14,20261125,14,11,226.73289297966642,True,1.01,1.2578132427397593,,ACCEPT,,REJECT_INCONSISTENT,identity_equivalence_unproven,0.0
public-case14-0325,case14,20261126,14,11,245.38019926371848,True,1.01,1.3962122513503474,,ACCEPT,,REJECT_INCONSISTENT,identity_equivalence_unproven,0.0
public-case14-0326,case14,20261127,14,11,241.40608505154503,True,1.0100000000000002,1.3659290475351475,,ACCEPT,,REJECT_INCONSISTENT,identity_equivalence_unproven,0.0
public-case14-0327,case14,20261128,14,11,280.5259100789367,True,1.0099999999999998,1.6756779654436404,,ACCEPT,,REJECT_INCONSISTENT,identity_equivalence_unproven,0.0
public-case14-0328,case14,20261129,14,11,240.9730867482301,True,1.01,1.360575769622287,,ACCEPT,,REJECT_INCONSISTENT,identity_equivalence_unproven,0.0
public-case14-0329,case14,20261130,14,11,256.71585085100565,True,1.01,1.4862656310081042,,ACCEPT,,REJECT_INCONSISTENT,identity_equivalence_unproven,0.0
public-case14-0330,case14,20261131,14,11,265.24883929318065,True,1.01,1.554661079604789,,ACCEPT,,REJECT_INCONSISTENT,identity_equivalence_unproven,0.0
public-case14-0331,case14,20261132,14,11,269.9234529576857,True,1.0099999999999998,1.5972377058455995,,ACCEPT,,REJECT_INCONSISTENT,identity_equivalence_unproven,0.0
public-case14-0332,case14,20261133,14,11,271.8766955426267,True,1.0099999999999998,1.6173333709279487,,ACCEPT,,REJECT_INCONSISTENT,identity_equivalence_unproven,0.0
public-case14-0333,case14,20261134,14,11,267.4996748490872,True,1.0099999999999998,1.578146178439264,,ACCEPT,,REJECT_INCONSISTENT,identity_equivalence_unproven,0.0
public-case14-0334,case14,20261135,14,11,239.20476696546743,True,1.0099999999999998,1.34946066558345,,ACCEPT,,REJECT_INCONSISTENT,identity_equivalence_unproven,0.0
public-case14-0335,case14,20261136,14,11,262.5188361115137,True,1.01,1.5233569486696295,,ACCEPT,,REJECT_INCONSISTENT,identity_equivalence_unproven,0.0
public-case14-0336,case14,20261137,14,11,261.2246802055642,True,1.01,1.5276503240768684,,ACCEPT,,REJECT_INCONSISTENT,identity_equivalence_unproven,0.0
public-case14-0337,case14,20261138,14,11,282.1601320100811,True,1.0100000000000002,1.6836363305213973,,ACCEPT,,REJECT_INCONSISTENT,identity_equivalence_unproven,0.0
public-case14-0338,case14,20261139,14,11,257.20660404749015,True,1.0099999999999998,1.5097716257277776,,ACCEPT,,REJECT_INCONSISTENT,identity_equivalence_unproven,0.0
public-case14-0339,case14,20261140,14,11,246.27722043509544,True,1.0099999999999998,1.4121983692791462,,ACCEPT,,REJECT_INCONSISTENT,identity_equivalence_unproven,0.0
public-case14-0340,case14,20261141,14,11,282.5375852786279,True,1.01,1.699903922196834,,ACCEPT,,REJECT_INCONSISTENT,identity_equivalence_unproven,0.0
public-case14-0341,case14,20261142,14,11,247.50024702480147,True,1.01,1.4150189576064647,,ACCEPT,,REJECT_INCONSISTENT,identity_equivalence_unproven,0.0
public-case14-0342,case14,20261143,14,11,263.609478466316,True,1.0100000000000002,1.5471345367474005,,ACCEPT,,REJECT_INCONSISTENT,identity_equivalence_unproven,0.0
public-case14-0343,case14,20261144,14,11,256.97667841785744,True,1.0099999999999998,1.4882952314380653,,ACCEPT,,REJECT_INCONSISTENT,identity_equivalence_unproven,0.0
public-case14-0344,case14,20261145,14,11,265.171847845439,True,1.0100000000000002,1.5736507515661147,,ACCEPT,,REJECT_INCONSISTENT,identity_equivalence_unproven,0.0
public-case14-0345,case14,20261146,14,11,248.73490393129026,True,1.0100000000000002,1.4247935822217106,,ACCEPT,,REJECT_INCONSISTENT,identity_equivalence_unproven,0.0
public-case14-0346,case14,20261147,14,11,252.25078869133273,True,1.01,1.4619850520951934,,ACCEPT,,REJECT_INCONSISTENT,identity_equivalence_unproven,0.0
public-case14-0347,case14,20261148,14,11,266.623418021364,True,1.0099999999999998,1.5706505089357,,ACCEPT,,REJECT_INCONSISTENT,identity_equivalence_unproven,0.0
public-case14-0348,case14,20261149,14,11,283.2089117937347,True,1.01,1.7003437570939905,,ACCEPT,,REJECT_INCONSISTENT,identity_equivalence_unproven,0.0
public-case14-0349,case14,20261150,14,11,255.5066611196383,True,1.01,1.4762440736652314,,ACCEPT,,REJECT_INCONSISTENT,identity_equivalence_unproven,0.0
public-case14-0350,case14,20261151,14,11,247.9018176205391,True,1.01,1.4239014643924357,,ACCEPT,,REJECT_INCONSISTENT,identity_equivalence_unproven,0.0
public-case14-0351,case14,20261152,14,11,245.09008282406836,True,1.01,1.3929745413269574,,ACCEPT,,REJECT_INCONSISTENT,identity_equivalence_unproven,0.0
public-case14-0352,case14,20261153,14,11,262.42841395986034,True,1.01,1.542606361409635,,ACCEPT,,REJECT_INCONSISTENT,identity_equivalence_unproven,0.0
public-case14-0353,case14,20261154,14,11,252.8242218703594,True,1.01,1.463675433838527,,ACCEPT,,REJECT_INCONSISTENT,identity_equivalence_unproven,0.0
public-case14-0354,case14,20261155,14,11,254.83054814443707,True,1.0099999999999998,1.474912872144617,,ACCEPT,,REJECT_INCONSISTENT,identity_equivalence_unproven,0.0
public-case14-0355,case14,20261156,14,11,282.4728323751076,True,1.01,1.703944686204328,,ACCEPT,,REJECT_INCONSISTENT,identity_equivalence_unproven,0.0
public-case14-0356,case14,20261157,14,11,261.7319712423222,True,1.0100000000000005,1.5193738497803722,,ACCEPT,,REJECT_INCONSISTENT,identity_equivalence_unproven,0.0
public-case14-0357,case14,20261158,14,11,245.78598958155519,True,1.01,1.39528062872112,,ACCEPT,,REJECT_INCONSISTENT,identity_equivalence_unproven,0.0
public-case14-0358,case14,20261159,14,11,242.96246242257288,True,1.0100000000000002,1.3728012454264777,,ACCEPT,,REJECT_INCONSISTENT,identity_equivalence_unproven,0.0
public-case14-0359,case14,20261160,14,11,254.29734773226525,True,1.0099999999999998,1.4789443246297829,,ACCEPT,,REJECT_INCONSISTENT,identity_equivalence_unproven,0.0
public-case14-0360,case14,20261161,14,11,274.1237759783656,True,1.0100000000000002,1.63207453366649,,ACCEPT,,REJECT_INCONSISTENT,identity_equivalence_unproven,0.0
public-case14-0361,case14,20261162,14,11,270.80103564153245,True,1.0099999999999998,1.6098822882486534,,ACCEPT,,REJECT_INCONSISTENT,identity_equivalence_unproven,0.0
public-case14-0362,case14,20261163,14,11,265.7482634805381,True,1.01,1.5637029478768616,,ACCEPT,,REJECT_INCONSISTENT,identity_equivalence_unproven,0.0
public-case14-0363,case14,20261164,14,11,247.93002583880732,True,1.01,1.4141890801531474,,ACCEPT,,REJECT_INCONSISTENT,identity_equivalence_unproven,0.0
public-case14-0364,case14,20261165,14,11,271.05212200240055,True,1.01,1.6101038395457445,,ACCEPT,,REJECT_INCONSISTENT,identity_equivalence_unproven,0.0
public-case14-0365,case14,20261166,14,11,255.2631218360615,True,1.01,1.472254861175235,,ACCEPT,,REJECT_INCONSISTENT,identity_equivalence_unproven,0.0
public-case14-0366,case14,20261167,14,11,286.8978354794758,True,1.0100000000000005,1.7347072293590622,,ACCEPT,,REJECT_INCONSISTENT,identity_equivalence_unproven,0.0
public-case14-0367,case14,20261168,14,11,243.92343573693063,True,1.01,1.3878896884687126,,ACCEPT,,REJECT_INCONSISTENT,identity_equivalence_unproven,0.0
public-case14-0368,case14,20261169,14,11,263.07375210056097,True,1.0099999999999998,1.5304425746857573,,ACCEPT,,REJECT_INCONSISTENT,identity_equivalence_unproven,0.0
public-case14-0369,case14,20261170,14,11,253.36194235356538,True,1.01,1.4602872501252284,,ACCEPT,,REJECT_INCONSISTENT,identity_equivalence_unproven,0.0
public-case14-0370,case14,20261171,14,11,264.58928665387106,True,1.0099999999999998,1.5536229560159494,,ACCEPT,,REJECT_INCONSISTENT,identity_equivalence_unproven,0.0
public-case14-0371,case14,20261172,14,11,244.56029764685067,True,1.0100000000000002,1.3902500725159246,,ACCEPT,,REJECT_INCONSISTENT,identity_equivalence_unproven,0.0
public-case14-0372,case14,20261173,14,11,266.0613992493341,True,1.01,1.559700592023137,,ACCEPT,,REJECT_INCONSISTENT,identity_equivalence_unproven,0.0
public-case14-0373,case14,20261174,14,11,270.866392320613,True,1.0100000000000002,1.5999301979331724,,ACCEPT,,REJECT_INCONSISTENT,identity_equivalence_unproven,0.0
public-case14-0374,case14,20261175,14,11,271.2067917102003,True,1.0099999999999998,1.60293729736395,,ACCEPT,,REJECT_INCONSISTENT,identity_equivalence_unproven,0.0
public-case14-0375,case14,20261176,14,11,287.42768118791565,True,1.0100000000000002,1.7335658128301388,,ACCEPT,,REJECT_INCONSISTENT,identity_equivalence_unproven,0.0
public-case14-0376,case14,20261177,14,11,260.1848131581244,True,1.0100000000000002,1.5341944891173032,,ACCEPT,,REJECT_INCONSISTENT,identity_equivalence_unproven,0.0
public-case14-0377,case14,20261178,14,11,257.51906438986146,True,1.01,1.4862959234384716,,ACCEPT,,REJECT_INCONSISTENT,identity_equivalence_unproven,0.0
public-case14-0378,case14,20261179,14,11,267.06765658083145,True,1.01,1.5583698071187668,,ACCEPT,,REJECT_INCONSISTENT,identity_equivalence_unproven,0.0
public-case14-0379,case14,20261180,14,11,268.7546073918269,True,1.0100000000000002,1.5786180426613676,,ACCEPT,,REJECT_INCONSISTENT,identity_equivalence_unproven,0.0
public-case14-0380,case14,20261181,14,11,271.5918994568607,True,1.0099999999999998,1.6015051128369484,,ACCEPT,,REJECT_INCONSISTENT,identity_equivalence_unproven,0.0
public-case14-0381,case14,20261182,14,11,254.6923804258269,True,1.01,1.467688510062707,,ACCEPT,,REJECT_INCONSISTENT,identity_equivalence_unproven,0.0
public-case14-0382,case14,20261183,14,11,257.50917601552,True,1.0100000000000002,1.5009400429521564,,ACCEPT,,REJECT_INCONSISTENT,identity_equivalence_unproven,0.0
public-case14-0383,case14,20261184,14,11,280.22890120522993,True,1.0099999999999998,1.6782833634406795,,ACCEPT,,REJECT_INCONSISTENT,identity_equivalence_unproven,0.0
public-case14-0384,case14,20261185,14,11,278.5957149536631,True,1.0099999999999998,1.669562915227742,,ACCEPT,,REJECT_INCONSISTENT,identity_equivalence_unproven,0.0
public-case14-0385,case14,20261186,14,11,262.3514180930778,True,1.0100000000000002,1.531114723332725,,ACCEPT,,REJECT_INCONSISTENT,identity_equivalence_unproven,0.0
public-case14-0386,case14,20261187,14,11,278.7529836313445,True,1.01,1.6648557463113702,,ACCEPT,,REJECT_INCONSISTENT,identity_equivalence_unproven,0.0
public-case14-0387,case14,20261188,14,11,268.9691429214826,True,1.01,1.5931705868484733,,ACCEPT,,REJECT_INCONSISTENT,identity_equivalence_unproven,0.0
public-case14-0388,case14,20261189,14,11,242.021094809398,True,1.0100000000000002,1.3718890194232096,,ACCEPT,,REJECT_INCONSISTENT,identity_equivalence_unproven,0.0
public-case14-0389,case14,20261190,14,11,261.0773840627711,True,1.01,1.5303020780771224,,ACCEPT,,REJECT_INCONSISTENT,identity_equivalence_unproven,0.0
public-case14-0390,case14,20261191,14,11,261.3771031872715,True,1.0100000000000002,1.5045397392920776,,ACCEPT,,REJECT_INCONSISTENT,identity_equivalence_unproven,0.0
public-case14-0391,case14,20261192,14,11,244.3881687730234,True,1.01,1.3991010814617229,,ACCEPT,,REJECT_INCONSISTENT,identity_equivalence_unproven,0.0
public-case14-0392,case14,20261193,14,11,259.9916007481344,True,1.01,1.5144653525418952,,ACCEPT,,REJECT_INCONSISTENT,identity_equivalence_unproven,0.0
public-case14-0393,case14,20261194,14,11,241.4697035754361,True,1.0099999999999998,1.3711650332119178,,ACCEPT,,REJECT_INCONSISTENT,identity_equivalence_unproven,0.0
public-case14-0394,case14,20261195,14,11,247.69896937892943,True,1.01,1.4204042925015727,,ACCEPT,,REJECT_INCONSISTENT,identity_equivalence_unproven,0.0
public-case14-0395,case14,20261196,14,11,283.0316482312856,True,1.01,1.7024255306350724,,ACCEPT,,REJECT_INCONSISTENT,identity_equivalence_unproven,0.0
public-case14-0396,case14,20261197,14,11,252.33640807376347,True,1.01,1.457305600542147,,ACCEPT,,REJECT_INCONSISTENT,identity_equivalence_unproven,0.0
public-case14-0397,case14,20261198,14,11,264.49295323250783,True,1.01,1.5599247273585561,,ACCEPT,,REJECT_INCONSISTENT,identity_equivalence_unproven,0.0
public-case14-0398,case14,20261199,14,11,252.88553675963544,True,1.0100000000000002,1.4515704796536733,,ACCEPT,,REJECT_INCONSISTENT,identity_equivalence_unproven,0.0
public-case14-0399,case14,20261200,14,11,274.2017040457738,True,1.01,1.6212402870150509,,ACCEPT,,REJECT_INCONSISTENT,identity_equivalence_unproven,0.0
public-case14-0400,case14,20261201,14,11,233.83888256769004,True,1.0100000000000002,1.3126315976645522,,ACCEPT,,REJECT_INCONSISTENT,identity_equivalence_unproven,0.0
public-case14-0401,case14,20261202,14,11,235.11101117875268,True,1.0099999999999998,1.3210440101632077,,ACCEPT,,REJECT_INCONSISTENT,identity_equivalence_unproven,0.0
public-case14-0402,case14,20261203,14,11,253.85904076733382,True,1.01,1.478896661077104,,ACCEPT,,REJECT_INCONSISTENT,identity_equivalence_unproven,0.0
public-case14-0403,case14,20261204,14,11,268.0487262575817,True,1.01,1.586933290737287,,ACCEPT,,REJECT_INCONSISTENT,identity_equivalence_unproven,0.0
public-case14-0404,case14,20261205,14,11,250.68043769031593,True,1.01,1.441020788955117,,ACCEPT,,REJECT_INCONSISTENT,identity_equivalence_unproven,0.0
public-case14-0405,case14,20261206,14,11,257.4377778643212,True,1.01,1.4922786771786924,,ACCEPT,,REJECT_INCONSISTENT,identity_equivalence_unproven,0.0
public-case14-0406,case14,20261207,14,11,259.29623977569037,True,1.01,1.5168530921551289,,ACCEPT,,REJECT_INCONSISTENT,identity_equivalence_unproven,0.0
public-case14-0407,case14,20261208,14,11,251.41829807353616,True,1.01,1.4570156652634703,,ACCEPT,,REJECT_INCONSISTENT,identity_equivalence_unproven,0.0
public-case14-0408,case14,20261209,14,11,241.52617921499927,True,1.01,1.3773804875249114,,ACCEPT,,REJECT_INCONSISTENT,identity_equivalence_unproven,0.0
public-case14-0409,case14,20261210,14,11,240.6435949155619,True,1.0099999999999998,1.3575400628746142,,ACCEPT,,REJECT_INCONSISTENT,identity_equivalence_unproven,0.0
public-case14-0410,case14,20261211,14,11,253.4325582382833,True,1.01,1.4562292000430184,,ACCEPT,,REJECT_INCONSISTENT,identity_equivalence_unproven,0.0
public-case14-0411,case14,20261212,14,11,270.29144485401383,True,1.01,1.5913020089372298,,ACCEPT,,REJECT_INCONSISTENT,identity_equivalence_unproven,0.0
public-case14-0412,case14,20261213,14,11,232.50195817955483,True,1.0099999999999998,1.3023521245862308,,ACCEPT,,REJECT_INCONSISTENT,identity_equivalence_unproven,0.0
public-case14-0413,case14,20261214,14,11,270.8605341619531,True,1.01,1.6119028428941948,,ACCEPT,,REJECT_INCONSISTENT,identity_equivalence_unproven,0.0
public-case14-0414,case14,20261215,14,11,247.45749860971645,True,1.0100000000000002,1.4079093921486712,,ACCEPT,,REJECT_INCONSISTENT,identity_equivalence_unproven,0.0
public-case14-0415,case14,20261216,14,11,252.93724755306783,True,1.0099999999999998,1.4480544525227348,,ACCEPT,,REJECT_INCONSISTENT,identity_equivalence_unproven,0.0
public-case14-0416,case14,20261217,14,11,253.88981224013355,True,1.01,1.4641113888315997,,ACCEPT,,REJECT_INCONSISTENT,identity_equivalence_unproven,0.0
public-case14-0417,case14,20261218,14,11,254.1575921834467,True,1.0100000000000002,1.4654077811319326,,ACCEPT,,REJECT_INCONSISTENT,identity_equivalence_unproven,0.0
public-case14-0418,case14,20261219,14,11,263.7793949287694,True,1.01,1.5470578097317895,,ACCEPT,,REJECT_INCONSISTENT,identity_equivalence_unproven,0.0
public-case14-0419,case14,20261220,14,11,258.1747766428655,True,1.01,1.4889114279254132,,ACCEPT,,REJECT_INCONSISTENT,identity_equivalence_unproven,0.0
public-case14-0420,case14,20261221,14,11,254.78072771399084,True,1.0100000000000002,1.4697764789530638,,ACCEPT,,REJECT_INCONSISTENT,identity_equivalence_unproven,0.0
public-case14-0421,case14,20261222,14,11,254.3521530349601,True,1.01,1.4761694365278213,,ACCEPT,,REJECT_INCONSISTENT,identity_equivalence_unproven,0.0
public-case14-0422,case14,20261223,14,11,284.8499932442543,True,1.0099999999999998,1.709463111464759,,ACCEPT,,REJECT_INCONSISTENT,identity_equivalence_unproven,0.0
public-case14-0423,case14,20261224,14,11,262.69171023094754,True,1.01,1.5424373097864301,,ACCEPT,,REJECT_INCONSISTENT,identity_equivalence_unproven,0.0
public-case14-0424,case14,20261225,14,11,290.3136594529961,True,1.01,1.760044247021493,,ACCEPT,,REJECT_INCONSISTENT,identity_equivalence_unproven,0.0
public-case14-0425,case14,20261226,14,11,262.5859971311962,True,1.01,1.5523305224089101,,ACCEPT,,REJECT_INCONSISTENT,identity_equivalence_unproven,0.0
public-case14-0426,case14,20261227,14,11,263.9119401202154,True,1.0100000000000002,1.5363623069004133,,ACCEPT,,REJECT_INCONSISTENT,identity_equivalence_unproven,0.0
public-case14-0427,case14,20261228,14,11,283.49664849783915,True,1.0099999999999998,1.700166742031536,,ACCEPT,,REJECT_INCONSISTENT,identity_equivalence_unproven,0.0
public-case14-0428,case14,20261229,14,11,283.12731575324995,True,1.01,1.7006438659566727,,ACCEPT,,REJECT_INCONSISTENT,identity_equivalence_unproven,0.0
public-case14-0429,case14,20261230,14,11,273.8678477835523,True,1.01,1.635191332545363,,ACCEPT,,REJECT_INCONSISTENT,identity_equivalence_unproven,0.0
public-case14-0430,case14,20261231,14,11,248.77444956354717,True,1.01,1.4246801755048333,,ACCEPT,,REJECT_INCONSISTENT,identity_equivalence_unproven,0.0
public-case14-0431,case14,20261232,14,11,233.79443554667623,True,1.01,1.3108554823809007,,ACCEPT,,REJECT_INCONSISTENT,identity_equivalence_unproven,0.0
public-case14-0432,case14,20261233,14,11,257.7964423704175,True,1.01,1.4902687483993584,,ACCEPT,,REJECT_INCONSISTENT,identity_equivalence_unproven,0.0
public-case14-0433,case14,20261234,14,11,283.61282635583217,True,1.01,1.70355315198355,,ACCEPT,,REJECT_INCONSISTENT,identity_equivalence_unproven,0.0
public-case14-0434,case14,20261235,14,11,280.1445368985396,True,1.01,1.686049045199051,,ACCEPT,,REJECT_INCONSISTENT,identity_equivalence_unproven,0.0
public-case14-0435,case14,20261236,14,11,240.61404510784337,True,1.0100000000000002,1.3614235514189104,,ACCEPT,,REJECT_INCONSISTENT,identity_equivalence_unproven,0.0
public-case14-0436,case14,20261237,14,11,264.8165513366383,True,1.01,1.5459068636739883,,ACCEPT,,REJECT_INCONSISTENT,identity_equivalence_unproven,0.0
public-case14-0437,case14,20261238,14,11,278.02909036945823,True,1.01,1.6568247856095568,,ACCEPT,,REJECT_INCONSISTENT,identity_equivalence_unproven,0.0
public-case14-0438,case14,20261239,14,11,259.95326364980224,True,1.01,1.5307427683232153,,ACCEPT,,REJECT_INCONSISTENT,identity_equivalence_unproven,0.0
public-case14-0439,case14,20261240,14,11,243.78847182246665,True,1.01,1.389723412134846,,ACCEPT,,REJECT_INCONSISTENT,identity_equivalence_unproven,0.0
public-case14-0440,case14,20261241,14,11,278.16558841134366,True,1.01,1.6469426057647736,,ACCEPT,,REJECT_INCONSISTENT,identity_equivalence_unproven,0.0
public-case14-0441,case14,20261242,14,11,288.27837660738567,True,1.0100000000000002,1.74204056854426,,ACCEPT,,REJECT_INCONSISTENT,identity_equivalence_unproven,0.0
public-case14-0442,case14,20261243,14,11,251.5690100617666,True,1.0099999999999998,1.4294615930927492,,ACCEPT,,REJECT_INCONSISTENT,identity_equivalence_unproven,0.0
public-case14-0443,case14,20261244,14,11,252.18957794503817,True,1.01,1.4514227879041135,,ACCEPT,,REJECT_INCONSISTENT,identity_equivalence_unproven,0.0
public-case14-0444,case14,20261245,14,11,284.87945239044797,True,1.0099999999999998,1.7082545458377765,,ACCEPT,,REJECT_INCONSISTENT,identity_equivalence_unproven,0.0
public-case14-0445,case14,20261246,14,11,252.36377269113433,True,1.01,1.4611914443790242,,ACCEPT,,REJECT_INCONSISTENT,identity_equivalence_unproven,0.0
public-case14-0446,case14,20261247,14,11,250.25906196673935,True,1.01,1.4376937399452165,,ACCEPT,,REJECT_INCONSISTENT,identity_equivalence_unproven,0.0
public-case14-0447,case14,20261248,14,11,231.2595672924374,True,1.01,1.2865406796855838,,ACCEPT,,REJECT_INCONSISTENT,identity_equivalence_unproven,0.0
public-case14-0448,case14,20261249,14,11,256.647279693597,True,1.01,1.4852762801018196,,ACCEPT,,REJECT_INCONSISTENT,identity_equivalence_unproven,0.0
public-case14-0449,case14,20261250,14,11,251.14056926789695,True,1.01,1.4377909207271014,,ACCEPT,,REJECT_INCONSISTENT,identity_equivalence_unproven,0.0
public-case14-0450,case14,20261251,14,11,277.83625299249996,True,1.0100000000000002,1.6591423857557093,,ACCEPT,,REJECT_INCONSISTENT,identity_equivalence_unproven,0.0
public-case14-0451,case14,20261252,14,11,250.6520054557372,True,1.0100000000000002,1.455319676236406,,ACCEPT,,REJECT_INCONSISTENT,identity_equivalence_unproven,0.0
public-case14-0452,case14,20261253,14,11,263.5413125955756,True,1.01,1.5505761880645708,,ACCEPT,,REJECT_INCONSISTENT,identity_equivalence_unproven,0.0
public-case14-0453,case14,20261254,14,11,245.15136533491275,True,1.01,1.3925839850713229,,ACCEPT,,REJECT_INCONSISTENT,identity_equivalence_unproven,0.0
public-case14-0454,case14,20261255,14,11,251.77150263011225,True,1.01,1.4586823091358356,,ACCEPT,,REJECT_INCONSISTENT,identity_equivalence_unproven,0.0
public-case14-0455,case14,20261256,14,11,268.392231985421,True,1.0100000000000005,1.593546795199386,,ACCEPT,,REJECT_INCONSISTENT,identity_equivalence_unproven,0.0
public-case14-0456,case14,20261257,14,11,263.18735376822826,True,1.0099999999999998,1.5329567141576654,,ACCEPT,,REJECT_INCONSISTENT,identity_equivalence_unproven,0.0
public-case14-0457,case14,20261258,14,11,263.7268587649418,True,1.01,1.5527593755152942,,ACCEPT,,REJECT_INCONSISTENT,identity_equivalence_unproven,0.0
public-case14-0458,case14,20261259,14,11,243.680686345376,True,1.0099999999999998,1.3746032824416046,,ACCEPT,,REJECT_INCONSISTENT,identity_equivalence_unproven,0.0
public-case14-0459,case14,20261260,14,11,258.10097399319477,True,1.0099999999999998,1.505716123159363,,ACCEPT,,REJECT_INCONSISTENT,identity_equivalence_unproven,0.0
public-case14-0460,case14,20261261,14,11,268.315740984562,True,1.01,1.5840919221759682,,ACCEPT,,REJECT_INCONSISTENT,identity_equivalence_unproven,0.0
public-case14-0461,case14,20261262,14,11,253.08466440987735,True,1.01,1.4578728125595324,,ACCEPT,,REJECT_INCONSISTENT,identity_equivalence_unproven,0.0
public-case14-0462,case14,20261263,14,11,244.4236612887822,True,1.0099999999999998,1.3926741085916565,,ACCEPT,,REJECT_INCONSISTENT,identity_equivalence_unproven,0.0
public-case14-0463,case14,20261264,14,11,235.77657545862237,True,1.01,1.3187256055322276,,ACCEPT,,REJECT_INCONSISTENT,identity_equivalence_unproven,0.0
public-case14-0464,case14,20261265,14,11,267.7259037318813,True,1.01,1.5903719899843762,,ACCEPT,,REJECT_INCONSISTENT,identity_equivalence_unproven,0.0
public-case14-0465,case14,20261266,14,11,241.4163568593545,True,1.0100000000000005,1.36191322487694,,ACCEPT,,REJECT_INCONSISTENT,identity_equivalence_unproven,0.0
public-case14-0466,case14,20261267,14,11,270.4868909246816,True,1.01,1.602585033009684,,ACCEPT,,REJECT_INCONSISTENT,identity_equivalence_unproven,0.0
public-case14-0467,case14,20261268,14,11,264.89080929012965,True,1.01,1.5563824625813203,,ACCEPT,,REJECT_INCONSISTENT,identity_equivalence_unproven,0.0
public-case14-0468,case14,20261269,14,11,235.47053599471909,True,1.01,1.3246946744916084,,ACCEPT,,REJECT_INCONSISTENT,identity_equivalence_unproven,0.0
public-case14-0469,case14,20261270,14,11,259.59621048424304,True,1.0100000000000005,1.5139996986593642,,ACCEPT,,REJECT_INCONSISTENT,identity_equivalence_unproven,0.0
public-case14-0470,case14,20261271,14,11,284.5415517457846,True,1.01,1.7097639336901136,,ACCEPT,,REJECT_INCONSISTENT,identity_equivalence_unproven,0.0
public-case14-0471,case14,20261272,14,11,263.5688784356071,True,1.01,1.552791027841835,,ACCEPT,,REJECT_INCONSISTENT,identity_equivalence_unproven,0.0
public-case14-0472,case14,20261273,14,11,246.5247779977316,True,1.0099999999999998,1.411582398082087,,ACCEPT,,REJECT_INCONSISTENT,identity_equivalence_unproven,0.0
public-case14-0473,case14,20261274,14,11,232.30660047722571,True,1.01,1.3035765513551152,,ACCEPT,,REJECT_INCONSISTENT,identity_equivalence_unproven,0.0
public-case14-0474,case14,20261275,14,11,269.82419678855825,True,1.01,1.5937871844662488,,ACCEPT,,REJECT_INCONSISTENT,identity_equivalence_unproven,0.0
public-case14-0475,case14,20261276,14,11,250.06473558335605,True,1.01,1.4471827660247696,,ACCEPT,,REJECT_INCONSISTENT,identity_equivalence_unproven,0.0
public-case14-0476,case14,20261277,14,11,278.48727967904387,True,1.0100000000000002,1.6668416433759496,,ACCEPT,,REJECT_INCONSISTENT,identity_equivalence_unproven,0.0
public-case14-0477,case14,20261278,14,11,235.3167012984586,True,1.01,1.321674436123136,,ACCEPT,,REJECT_INCONSISTENT,identity_equivalence_unproven,0.0
public-case14-0478,case14,20261279,14,11,242.34687311700037,True,1.01,1.364300349592236,,ACCEPT,,REJECT_INCONSISTENT,identity_equivalence_unproven,0.0
public-case14-0479,case14,20261280,14,11,237.82686524896013,True,1.01,1.3406513671987113,,ACCEPT,,REJECT_INCONSISTENT,identity_equivalence_unproven,0.0
public-case14-0480,case14,20261281,14,11,246.31407032212027,True,1.0099999999999998,1.4050877996899656,,ACCEPT,,REJECT_INCONSISTENT,identity_equivalence_unproven,0.0
public-case14-0481,case14,20261282,14,11,282.7050657634172,True,1.0100000000000002,1.6973552997538148,,ACCEPT,,REJECT_INCONSISTENT,identity_equivalence_unproven,0.0
public-case14-0482,case14,20261283,14,11,250.44059071839456,True,1.01,1.4426763144572097,,ACCEPT,,REJECT_INCONSISTENT,identity_equivalence_unproven,0.0
public-case14-0483,case14,20261284,14,11,248.81126355038356,True,1.0100000000000002,1.413503168722484,,ACCEPT,,REJECT_INCONSISTENT,identity_equivalence_unproven,0.0
public-case14-0484,case14,20261285,14,11,250.47996061025376,True,1.01,1.4492728575752138,,ACCEPT,,REJECT_INCONSISTENT,identity_equivalence_unproven,0.0
public-case14-0485,case14,20261286,14,11,267.5410999788883,True,1.01,1.5846073322264425,,ACCEPT,,REJECT_INCONSISTENT,identity_equivalence_unproven,0.0
public-case14-0486,case14,20261287,14,11,245.30105093329973,True,1.01,1.3916847506391943,,ACCEPT,,REJECT_INCONSISTENT,identity_equivalence_unproven,0.0
public-case14-0487,case14,20261288,14,11,280.56570159790675,True,1.01,1.684369991157385,,ACCEPT,,REJECT_INCONSISTENT,identity_equivalence_unproven,0.0
public-case14-0488,case14,20261289,14,11,248.28389762142737,True,1.01,1.4314382882037808,,ACCEPT,,REJECT_INCONSISTENT,identity_equivalence_unproven,0.0
public-case14-0489,case14,20261290,14,11,253.05571347572982,True,1.01,1.4631943788932251,,ACCEPT,,REJECT_INCONSISTENT,identity_equivalence_unproven,0.0
public-case14-0490,case14,20261291,14,11,263.2776092989317,True,1.0099999999999998,1.5427594446233721,,ACCEPT,,REJECT_INCONSISTENT,identity_equivalence_unproven,0.0
public-case14-0491,case14,20261292,14,11,287.049995551632,True,1.0099999999999998,1.7289576464284486,,ACCEPT,,REJECT_INCONSISTENT,identity_equivalence_unproven,0.0
public-case14-0492,case14,20261293,14,11,256.10657614385076,True,1.0100000000000005,1.487918962337886,,ACCEPT,,REJECT_INCONSISTENT,identity_equivalence_unproven,0.0
public-case14-0493,case14,20261294,14,11,255.81274816875322,True,1.01,1.4847515594660827,,ACCEPT,,REJECT_INCONSISTENT,identity_equivalence_unproven,0.0
public-case14-0494,case14,20261295,14,11,264.05838818235213,True,1.01,1.5328630613733412,,ACCEPT,,REJECT_INCONSISTENT,identity_equivalence_unproven,0.0
public-case14-0495,case14,20261296,14,11,268.913880577578,True,1.0100000000000002,1.5916118203291478,,ACCEPT,,REJECT_INCONSISTENT,identity_equivalence_unproven,0.0
public-case14-0496,case14,20261297,14,11,249.7774779675651,True,1.01,1.4356253996304484,,ACCEPT,,REJECT_INCONSISTENT,identity_equivalence_unproven,0.0
public-case14-0497,case14,20261298,14,11,258.60510946569286,True,1.01,1.518149089306111,,ACCEPT,,REJECT_INCONSISTENT,identity_equivalence_unproven,0.0
public-case14-0498,case14,20261299,14,11,276.35486062487587,True,1.01,1.6393116228752058,,ACCEPT,,REJECT_INCONSISTENT,identity_equivalence_unproven,0.0
public-case14-0499,case14,20261300,14,11,250.1402110111712,True,1.01,1.4289607298693772,,ACCEPT,,REJECT_INCONSISTENT,identity_equivalence_unproven,0.0
public-case14-0500,case14,20261301,14,11,253.63946756712738,True,1.01,1.4709891853150256,,ACCEPT,,REJECT_INCONSISTENT,identity_equivalence_unproven,0.0
public-case14-0501,case14,20261302,14,11,250.8409711225295,True,1.01,1.4340729630787028,,ACCEPT,,REJECT_INCONSISTENT,identity_equivalence_unproven,0.0
public-case14-0502,case14,20261303,14,11,251.5015880607022,True,1.0100000000000002,1.4426476175943317,,ACCEPT,,REJECT_INCONSISTENT,identity_equivalence_unproven,0.0
public-case14-0503,case14,20261304,14,11,252.18625667806768,True,1.01,1.4515837784780627,,ACCEPT,,REJECT_INCONSISTENT,identity_equivalence_unproven,0.0
public-case14-0504,case14,20261305,14,11,250.2168039552798,True,1.0099999999999998,1.434546488906888,,ACCEPT,,REJECT_INCONSISTENT,identity_equivalence_unproven,0.0
public-case14-0505,case14,20261306,14,11,250.3222033478683,True,1.0100000000000002,1.439404882550496,,ACCEPT,,REJECT_INCONSISTENT,identity_equivalence_unproven,0.0
public-case14-0506,case14,20261307,14,11,247.3057794061707,True,1.0099999999999998,1.4030533465886204,,ACCEPT,,REJECT_INCONSISTENT,identity_equivalence_unproven,0.0
public-case14-0507,case14,20261308,14,11,272.0962547411804,True,1.01,1.6074673531033443,,ACCEPT,,REJECT_INCONSISTENT,identity_equivalence_unproven,0.0
public-case14-0508,case14,20261309,14,11,292.6029963075636,True,1.01,1.774426427000282,,ACCEPT,,REJECT_INCONSISTENT,identity_equivalence_unproven,0.0
public-case14-0509,case14,20261310,14,11,242.94792662861624,True,1.0100000000000005,1.379643923018505,,ACCEPT,,REJECT_INCONSISTENT,identity_equivalence_unproven,0.0
public-case14-0510,case14,20261311,14,11,235.7254914938928,True,1.01,1.325904355647573,,ACCEPT,,REJECT_INCONSISTENT,identity_equivalence_unproven,0.0
public-case14-0511,case14,20261312,14,11,273.3988800506123,True,1.0099999999999998,1.617498764249713,,ACCEPT,,REJECT_INCONSISTENT,identity_equivalence_unproven,0.0
public-case14-0512,case14,20261313,14,11,256.93352489957766,True,1.01,1.4780690379502353,,ACCEPT,,REJECT_INCONSISTENT,identity_equivalence_unproven,0.0
public-case14-0513,case14,20261314,14,11,265.36600781804844,True,1.0100000000000002,1.558808090770316,,ACCEPT,,REJECT_INCONSISTENT,identity_equivalence_unproven,0.0
public-case14-0514,case14,20261315,14,11,276.8787890112469,True,1.01,1.6547145937400896,,ACCEPT,,REJECT_INCONSISTENT,identity_equivalence_unproven,0.0
public-case14-0515,case14,20261316,14,11,270.09317198569187,True,1.01,1.5930626380703417,,ACCEPT,,REJECT_INCONSISTENT,identity_equivalence_unproven,0.0
public-case14-0516,case14,20261317,14,11,268.1230984222375,True,1.01,1.580788121242193,,ACCEPT,,REJECT_INCONSISTENT,identity_equivalence_unproven,0.0
public-case14-0517,case14,20261318,14,11,245.59812481512242,True,1.01,1.4116433928643892,,ACCEPT,,REJECT_INCONSISTENT,identity_equivalence_unproven,0.0
public-case14-0518,case14,20261319,14,11,269.1102977426411,True,1.01,1.590298667978396,,ACCEPT,,REJECT_INCONSISTENT,identity_equivalence_unproven,0.0
public-case14-0519,case14,20261320,14,11,269.78115480111967,True,1.0100000000000005,1.6033872701067036,,ACCEPT,,REJECT_INCONSISTENT,identity_equivalence_unproven,0.0
public-case14-0520,case14,20261321,14,11,253.285809939313,True,1.01,1.4777606997434796,,ACCEPT,,REJECT_INCONSISTENT,identity_equivalence_unproven,0.0
public-case14-0521,case14,20261322,14,11,252.75566145872287,True,1.01,1.4510431548408165,,ACCEPT,,REJECT_INCONSISTENT,identity_equivalence_unproven,0.0
public-case14-0522,case14,20261323,14,11,254.23493017295,True,1.01,1.4603876846835442,,ACCEPT,,REJECT_INCONSISTENT,identity_equivalence_unproven,0.0
public-case14-0523,case14,20261324,14,11,257.27660930499326,True,1.0100000000000002,1.506918933655024,,ACCEPT,,REJECT_INCONSISTENT,identity_equivalence_unproven,0.0
public-case14-0524,case14,20261325,14,11,270.5754264802909,True,1.0100000000000002,1.6060099265729721,,ACCEPT,,REJECT_INCONSISTENT,identity_equivalence_unproven,0.0
public-case14-0525,case14,20261326,14,11,259.6385815621441,True,1.01,1.5116660979105174,,ACCEPT,,REJECT_INCONSISTENT,identity_equivalence_unproven,0.0
public-case14-0526,case14,20261327,14,11,281.66456016019737,True,1.0100000000000005,1.6895289753362317,,ACCEPT,,REJECT_INCONSISTENT,identity_equivalence_unproven,0.0
public-case14-0527,case14,20261328,14,11,260.964377434745,True,1.01,1.534869499543448,,ACCEPT,,REJECT_INCONSISTENT,identity_equivalence_unproven,0.0
public-case14-0528,case14,20261329,14,11,278.25167003522324,True,1.01,1.649697277362322,,ACCEPT,,REJECT_INCONSISTENT,identity_equivalence_unproven,0.0
public-case14-0529,case14,20261330,14,11,258.0099802547659,True,1.01,1.4999549288848006,,ACCEPT,,REJECT_INCONSISTENT,identity_equivalence_unproven,0.0
public-case14-0530,case14,20261331,14,11,271.52516898980264,True,1.01,1.6075078220614325,,ACCEPT,,REJECT_INCONSISTENT,identity_equivalence_unproven,0.0
public-case14-0531,case14,20261332,14,11,243.49419947199254,True,1.01,1.3819800729260527,,ACCEPT,,REJECT_INCONSISTENT,identity_equivalence_unproven,0.0
public-case14-0532,case14,20261333,14,11,269.13765918253733,True,1.0099999999999998,1.604442403731799,,ACCEPT,,REJECT_INCONSISTENT,identity_equivalence_unproven,0.0
public-case14-0533,case14,20261334,14,11,238.23629540031678,True,1.01,1.3421862798053839,,ACCEPT,,REJECT_INCONSISTENT,identity_equivalence_unproven,0.0
public-case14-0534,case14,20261335,14,11,268.01443380081935,True,1.01,1.5874219215391863,,ACCEPT,,REJECT_INCONSISTENT,identity_equivalence_unproven,0.0
public-case14-0535,case14,20261336,14,11,265.3518535844665,True,1.0100000000000002,1.5502029979761347,,ACCEPT,,REJECT_INCONSISTENT,identity_equivalence_unproven,0.0
public-case14-0536,case14,20261337,14,11,263.9089894424822,True,1.0099999999999996,1.5596516653789203,,ACCEPT,,REJECT_INCONSISTENT,identity_equivalence_unproven,0.0
public-case14-0537,case14,20261338,14,11,256.1936235083207,True,1.0099999999999998,1.4953098895022854,,ACCEPT,,REJECT_INCONSISTENT,identity_equivalence_unproven,0.0
public-case14-0538,case14,20261339,14,11,275.57915609036195,True,1.01,1.643607922968154,,ACCEPT,,REJECT_INCONSISTENT,identity_equivalence_unproven,0.0
public-case14-0539,case14,20261340,14,11,265.5380186828498,True,1.0100000000000002,1.5615011370528922,,ACCEPT,,REJECT_INCONSISTENT,identity_equivalence_unproven,0.0
public-case14-0540,case14,20261341,14,11,264.4660858135572,True,1.0100000000000002,1.5460998354436213,,ACCEPT,,REJECT_INCONSISTENT,identity_equivalence_unproven,0.0
public-case14-0541,case14,20261342,14,11,249.05412598347797,True,1.01,1.4223488404564257,,ACCEPT,,REJECT_INCONSISTENT,identity_equivalence_unproven,0.0
public-case14-0542,case14,20261343,14,11,263.4039584253994,True,1.0099999999999998,1.5409520705984494,,ACCEPT,,REJECT_INCONSISTENT,identity_equivalence_unproven,0.0
public-case14-0543,case14,20261344,14,11,254.0707547819659,True,1.01,1.463988395745625,,ACCEPT,,REJECT_INCONSISTENT,identity_equivalence_unproven,0.0
public-case14-0544,case14,20261345,14,11,241.17674916740185,True,1.01,1.3611483905879715,,ACCEPT,,REJECT_INCONSISTENT,identity_equivalence_unproven,0.0
public-case14-0545,case14,20261346,14,11,250.43459194678647,True,1.01,1.4296060613172896,,ACCEPT,,REJECT_INCONSISTENT,identity_equivalence_unproven,0.0
public-case14-0546,case14,20261347,14,11,265.79304032771665,True,1.0100000000000002,1.56543534654079,,ACCEPT,,REJECT_INCONSISTENT,identity_equivalence_unproven,0.0
public-case14-0547,case14,20261348,14,11,250.86051416532632,True,1.0099999999999998,1.4376192484970078,,ACCEPT,,REJECT_INCONSISTENT,identity_equivalence_unproven,0.0
public-case14-0548,case14,20261349,14,11,246.98325280426008,True,1.01,1.405012075227272,,ACCEPT,,REJECT_INCONSISTENT,identity_equivalence_unproven,0.0
public-case14-0549,case14,20261350,14,11,243.1927526364772,True,1.01,1.3758876495053343,,ACCEPT,,REJECT_INCONSISTENT,identity_equivalence_unproven,0.0
public-case14-0550,case14,20261351,14,11,288.1874269604564,True,1.01,1.7441706306740232,,ACCEPT,,REJECT_INCONSISTENT,identity_equivalence_unproven,0.0
public-case14-0551,case14,20261352,14,11,277.4346085236794,True,1.01,1.656626000803554,,ACCEPT,,REJECT_INCONSISTENT,identity_equivalence_unproven,0.0
public-case14-0552,case14,20261353,14,11,232.69280115473623,True,1.01,1.3014778852605302,,ACCEPT,,REJECT_INCONSISTENT,identity_equivalence_unproven,0.0
public-case14-0553,case14,20261354,14,11,265.579645390805,True,1.0100000000000005,1.5752517732804374,,ACCEPT,,REJECT_INCONSISTENT,identity_equivalence_unproven,0.0
public-case14-0554,case14,20261355,14,11,253.5269228346434,True,1.0099999999999996,1.4602661520264437,,ACCEPT,,REJECT_INCONSISTENT,identity_equivalence_unproven,0.0
public-case14-0555,case14,20261356,14,11,273.08710639382514,True,1.0100000000000002,1.6191413715274532,,ACCEPT,,REJECT_INCONSISTENT,identity_equivalence_unproven,0.0
public-case14-0556,case14,20261357,14,11,276.4637416368277,True,1.0100000000000005,1.64908021398427,,ACCEPT,,REJECT_INCONSISTENT,identity_equivalence_unproven,0.0
public-case14-0557,case14,20261358,14,11,245.91649516820704,True,1.0099999999999998,1.399139297990267,,ACCEPT,,REJECT_INCONSISTENT,identity_equivalence_unproven,0.0
public-case14-0558,case14,20261359,14,11,275.674112810448,True,1.01,1.6367221798603,,ACCEPT,,REJECT_INCONSISTENT,identity_equivalence_unproven,0.0
public-case14-0559,case14,20261360,14,11,280.25325509965734,True,1.0100000000000002,1.675551429214062,,ACCEPT,,REJECT_INCONSISTENT,identity_equivalence_unproven,0.0
public-case14-0560,case14,20261361,14,11,237.59054442498217,True,1.0099999999999998,1.3324899443423166,,ACCEPT,,REJECT_INCONSISTENT,identity_equivalence_unproven,0.0
public-case14-0561,case14,20261362,14,11,273.3505058108803,True,1.0099999999999998,1.6225169338249474,,ACCEPT,,REJECT_INCONSISTENT,identity_equivalence_unproven,0.0
public-case14-0562,case14,20261363,14,11,267.75562166026316,True,1.0100000000000002,1.5788406401841384,,ACCEPT,,REJECT_INCONSISTENT,identity_equivalence_unproven,0.0
public-case14-0563,case14,20261364,14,11,272.2262804676527,True,1.01,1.623357808413137,,ACCEPT,,REJECT_INCONSISTENT,identity_equivalence_unproven,0.0
public-case14-0564,case14,20261365,14,11,254.1002034496508,True,1.01,1.458640718478351,,ACCEPT,,REJECT_INCONSISTENT,identity_equivalence_unproven,0.0
public-case14-0565,case14,20261366,14,11,252.2289049892816,True,1.01,1.4469805033765986,,ACCEPT,,REJECT_INCONSISTENT,identity_equivalence_unproven,0.0
public-case14-0566,case14,20261367,14,11,257.12182346066623,True,1.01,1.4921897077499227,,ACCEPT,,REJECT_INCONSISTENT,identity_equivalence_unproven,0.0
public-case14-0567,case14,20261368,14,11,231.71575152851275,True,1.0100000000000007,1.2897025034174963,,ACCEPT,,REJECT_INCONSISTENT,identity_equivalence_unproven,0.0
public-case14-0568,case14,20261369,14,11,250.64977024446802,True,1.01,1.4299999418449807,,ACCEPT,,REJECT_INCONSISTENT,identity_equivalence_unproven,0.0
public-case14-0569,case14,20261370,14,11,265.65438088906853,True,1.01,1.5601808350143376,,ACCEPT,,REJECT_INCONSISTENT,identity_equivalence_unproven,0.0
public-case14-0570,case14,20261371,14,11,268.21381928732916,True,1.01,1.5661762578528668,,ACCEPT,,REJECT_INCONSISTENT,identity_equivalence_unproven,0.0
public-case14-0571,case14,20261372,14,11,230.83822990954224,True,1.0099999999999998,1.2932031376527442,,ACCEPT,,REJECT_INCONSISTENT,identity_equivalence_unproven,0.0
public-case14-0572,case14,20261373,14,11,243.30940205584997,True,1.01,1.3861946646536114,,ACCEPT,,REJECT_INCONSISTENT,identity_equivalence_unproven,0.0
public-case14-0573,case14,20261374,14,11,259.8884168010104,True,1.01,1.51252009994931,,ACCEPT,,REJECT_INCONSISTENT,identity_equivalence_unproven,0.0
public-case14-0574,case14,20261375,14,11,273.8925308079408,True,1.01,1.6278038280365181,,ACCEPT,,REJECT_INCONSISTENT,identity_equivalence_unproven,0.0
public-case14-0575,case14,20261376,14,11,253.50877203158913,True,1.01,1.4608844740652538,,ACCEPT,,REJECT_INCONSISTENT,identity_equivalence_unproven,0.0
public-case14-0576,case14,20261377,14,11,264.06122067203654,True,1.0099999999999998,1.5415603566453198,,ACCEPT,,REJECT_INCONSISTENT,identity_equivalence_unproven,0.0
public-case14-0577,case14,20261378,14,11,247.37459912601196,True,1.0099999999999998,1.4129797646025395,,ACCEPT,,REJECT_INCONSISTENT,identity_equivalence_unproven,0.0
public-case14-0578,case14,20261379,14,11,259.9615440517221,True,1.0100000000000002,1.5137374202194025,,ACCEPT,,REJECT_INCONSISTENT,identity_equivalence_unproven,0.0
public-case14-0579,case14,20261380,14,11,242.92544948104867,True,1.0099999999999998,1.378086347585429,,ACCEPT,,REJECT_INCONSISTENT,identity_equivalence_unproven,0.0
public-case14-0580,case14,20261381,14,11,248.62660933055645,True,1.01,1.4251866134484175,,ACCEPT,,REJECT_INCONSISTENT,identity_equivalence_unproven,0.0
public-case14-0581,case14,20261382,14,11,233.16637235124355,True,1.01,1.3089750221969825,,ACCEPT,,REJECT_INCONSISTENT,identity_equivalence_unproven,0.0
public-case14-0582,case14,20261383,14,11,273.4504992812517,True,1.0099999999999998,1.6218393414686445,,ACCEPT,,REJECT_INCONSISTENT,identity_equivalence_unproven,0.0
public-case14-0583,case14,20261384,14,11,264.46486660293925,True,1.01,1.555103614762988,,ACCEPT,,REJECT_INCONSISTENT,identity_equivalence_unproven,0.0
public-case14-0584,case14,20261385,14,11,244.03264899605668,True,1.01,1.3912082179228817,,ACCEPT,,REJECT_INCONSISTENT,identity_equivalence_unproven,0.0
public-case14-0585,case14,20261386,14,11,268.1210978639671,True,1.0100000000000002,1.5771109442151015,,ACCEPT,,REJECT_INCONSISTENT,identity_equivalence_unproven,0.0
public-case14-0586,case14,20261387,14,11,272.8608159994647,True,1.01,1.6110601446027057,,ACCEPT,,REJECT_INCONSISTENT,identity_equivalence_unproven,0.0
public-case14-0587,case14,20261388,14,11,265.0331972848006,True,1.0100000000000002,1.564607162396247,,ACCEPT,,REJECT_INCONSISTENT,identity_equivalence_unproven,0.0
public-case14-0588,case14,20261389,14,11,270.33030808772077,True,1.01,1.6034652167170191,,ACCEPT,,REJECT_INCONSISTENT,identity_equivalence_unproven,0.0
public-case14-0589,case14,20261390,14,11,257.43000320614954,True,1.01,1.4976328153545158,,ACCEPT,,REJECT_INCONSISTENT,identity_equivalence_unproven,0.0
public-case14-0590,case14,20261391,14,11,264.07116506031275,True,1.0100000000000002,1.5562348065006404,,ACCEPT,,REJECT_INCONSISTENT,identity_equivalence_unproven,0.0
public-case14-0591,case14,20261392,14,11,251.93055651880366,True,1.01,1.4439007504979597,,ACCEPT,,REJECT_INCONSISTENT,identity_equivalence_unproven,0.0
public-case14-0592,case14,20261393,14,11,266.634001909657,True,1.01,1.5832571356367893,,ACCEPT,,REJECT_INCONSISTENT,identity_equivalence_unproven,0.0
public-case14-0593,case14,20261394,14,11,271.6165718302296,True,1.01,1.6217343461180584,,ACCEPT,,REJECT_INCONSISTENT,identity_equivalence_unproven,0.0
public-case14-0594,case14,20261395,14,11,261.23369263276317,True,1.01,1.5338295964322248,,ACCEPT,,REJECT_INCONSISTENT,identity_equivalence_unproven,0.0
public-case14-0595,case14,20261396,14,11,265.17250366087893,True,1.0099999999999998,1.549836797910868,,ACCEPT,,REJECT_INCONSISTENT,identity_equivalence_unproven,0.0
public-case14-0596,case14,20261397,14,11,264.5499530982588,True,1.01,1.553718670112565,,ACCEPT,,REJECT_INCONSISTENT,identity_equivalence_unproven,0.0
public-case14-0597,case14,20261398,14,11,254.03788352367852,True,1.01,1.4667297498520402,,ACCEPT,,REJECT_INCONSISTENT,identity_equivalence_unproven,0.0
public-case14-0598,case14,20261399,14,11,273.9633101043659,True,1.0099999999999998,1.624371217552852,,ACCEPT,,REJECT_INCONSISTENT,identity_equivalence_unproven,0.0
public-case14-0599,case14,20261400,14,11,259.5931710787321,True,1.01,1.5190441998103352,,ACCEPT,,REJECT_INCONSISTENT,identity_equivalence_unproven,0.0
public-case14-0600,case14,20261401,14,11,255.70900162376338,True,1.0100000000000005,1.4730898166020323,,ACCEPT,,REJECT_INCONSISTENT,identity_equivalence_unproven,0.0
public-case14-0601,case14,20261402,14,11,262.3652108918974,True,1.0099999999999993,1.5347165298439687,,ACCEPT,,REJECT_INCONSISTENT,identity_equivalence_unproven,0.0
public-case14-0602,case14,20261403,14,11,243.50025608287368,True,1.0099999999999998,1.38013077536352,,ACCEPT,,REJECT_INCONSISTENT,identity_equivalence_unproven,0.0
public-case14-0603,case14,20261404,14,11,254.15313958033266,True,1.0099999999999998,1.453495743490475,,ACCEPT,,REJECT_INCONSISTENT,identity_equivalence_unproven,0.0
public-case14-0604,case14,20261405,14,11,269.7654771120186,True,1.0099999999999998,1.6012661803994952,,ACCEPT,,REJECT_INCONSISTENT,identity_equivalence_unproven,0.0
public-case14-0605,case14,20261406,14,11,280.62160052816563,True,1.0100000000000002,1.6774228351631406,,ACCEPT,,REJECT_INCONSISTENT,identity_equivalence_unproven,0.0
public-case14-0606,case14,20261407,14,11,262.9692166816868,True,1.01,1.5449228388942626,,ACCEPT,,REJECT_INCONSISTENT,identity_equivalence_unproven,0.0
public-case14-0607,case14,20261408,14,11,240.23865547276915,True,1.0100000000000005,1.353025303680004,,ACCEPT,,REJECT_INCONSISTENT,identity_equivalence_unproven,0.0
public-case14-0608,case14,20261409,14,11,270.9534357310619,True,1.01,1.5882706335167271,,ACCEPT,,REJECT_INCONSISTENT,identity_equivalence_unproven,0.0
public-case14-0609,case14,20261410,14,11,264.77831760975613,True,1.0099999999999996,1.5467898055451297,,ACCEPT,,REJECT_INCONSISTENT,identity_equivalence_unproven,0.0
public-case14-0610,case14,20261411,14,11,259.16073580537227,True,1.0099999999999998,1.4989088472265149,,ACCEPT,,REJECT_INCONSISTENT,identity_equivalence_unproven,0.0
public-case14-0611,case14,20261412,14,11,265.90052707533783,True,1.01,1.5686774059211563,,ACCEPT,,REJECT_INCONSISTENT,identity_equivalence_unproven,0.0
public-case14-0612,case14,20261413,14,11,272.29451725579486,True,1.0099999999999998,1.6175345714913556,,ACCEPT,,REJECT_INCONSISTENT,identity_equivalence_unproven,0.0
public-case14-0613,case14,20261414,14,11,254.01579524205678,True,1.0099999999999998,1.4847201063894204,,ACCEPT,,REJECT_INCONSISTENT,identity_equivalence_unproven,0.0
public-case14-0614,case14,20261415,14,11,270.13780742104655,True,1.01,1.5950193554199743,,ACCEPT,,REJECT_INCONSISTENT,identity_equivalence_unproven,0.0
public-case14-0615,case14,20261416,14,11,252.11295127553396,True,1.01,1.4553625368380352,,ACCEPT,,REJECT_INCONSISTENT,identity_equivalence_unproven,0.0
public-case14-0616,case14,20261417,14,11,233.46129825119735,True,1.0100000000000002,1.3061942094008105,,ACCEPT,,REJECT_INCONSISTENT,identity_equivalence_unproven,0.0
public-case14-0617,case14,20261418,14,11,255.90631787821144,True,1.0099999999999998,1.4736332672033041,,ACCEPT,,REJECT_INCONSISTENT,identity_equivalence_unproven,0.0
public-case14-0618,case14,20261419,14,11,280.1618985042756,True,1.01,1.674864032795232,,ACCEPT,,REJECT_INCONSISTENT,identity_equivalence_unproven,0.0
public-case14-0619,case14,20261420,14,11,253.45972156306584,True,1.01,1.451358479419251,,ACCEPT,,REJECT_INCONSISTENT,identity_equivalence_unproven,0.0
public-case14-0620,case14,20261421,14,11,267.9635559628155,True,1.0099999999999998,1.5711678984942505,,ACCEPT,,REJECT_INCONSISTENT,identity_equivalence_unproven,0.0
public-case14-0621,case14,20261422,14,11,247.71098044355531,True,1.0099999999999998,1.4155556612097422,,ACCEPT,,REJECT_INCONSISTENT,identity_equivalence_unproven,0.0
public-case14-0622,case14,20261423,14,11,251.51976264369836,True,1.0099999999999998,1.4500667627322605,,ACCEPT,,REJECT_INCONSISTENT,identity_equivalence_unproven,0.0
public-case14-0623,case14,20261424,14,11,276.19642918457333,True,1.01,1.6487074529066985,,ACCEPT,,REJECT_INCONSISTENT,identity_equivalence_unproven,0.0
public-case14-0624,case14,20261425,14,11,286.8988187133253,True,1.01,1.730979318754377,,ACCEPT,,REJECT_INCONSISTENT,identity_equivalence_unproven,0.0
public-case14-0625,case14,20261426,14,11,263.62759956675455,True,1.0100000000000002,1.5392462637969955,,ACCEPT,,REJECT_INCONSISTENT,identity_equivalence_unproven,0.0
public-case14-0626,case14,20261427,14,11,252.01992165563925,True,1.01,1.4520400126945336,,ACCEPT,,REJECT_INCONSISTENT,identity_equivalence_unproven,0.0
public-case14-0627,case14,20261428,14,11,271.3601003789118,True,1.01,1.6099665190274108,,ACCEPT,,REJECT_INCONSISTENT,identity_equivalence_unproven,0.0
public-case14-0628,case14,20261429,14,11,249.21297552841938,True,1.01,1.431690832038319,,ACCEPT,,REJECT_INCONSISTENT,identity_equivalence_unproven,0.0
public-case14-0629,case14,20261430,14,11,268.7745324735978,True,1.0100000000000002,1.603079523493636,,ACCEPT,,REJECT_INCONSISTENT,identity_equivalence_unproven,0.0
public-case14-0630,case14,20261431,14,11,258.7650230598756,True,1.0099999999999996,1.5147005064003276,,ACCEPT,,REJECT_INCONSISTENT,identity_equivalence_unproven,0.0
public-case14-0631,case14,20261432,14,11,248.62320068086572,True,1.01,1.4202589909903527,,ACCEPT,,REJECT_INCONSISTENT,identity_equivalence_unproven,0.0
public-case14-0632,case14,20261433,14,11,251.86015542927936,True,1.01,1.4627275416840808,,ACCEPT,,REJECT_INCONSISTENT,identity_equivalence_unproven,0.0
public-case14-0633,case14,20261434,14,11,253.91646027351436,True,1.0100000000000002,1.4697926443508604,,ACCEPT,,REJECT_INCONSISTENT,identity_equivalence_unproven,0.0
public-case14-0634,case14,20261435,14,11,278.1625881958173,True,1.0099999999999998,1.6644840297317962,,ACCEPT,,REJECT_INCONSISTENT,identity_equivalence_unproven,0.0
public-case14-0635,case14,20261436,14,11,257.412193576362,True,1.0099999999999998,1.4983363067853706,,ACCEPT,,REJECT_INCONSISTENT,identity_equivalence_unproven,0.0
public-case14-0636,case14,20261437,14,11,275.56443188913147,True,1.01,1.6419834321695335,,ACCEPT,,REJECT_INCONSISTENT,identity_equivalence_unproven,0.0
public-case14-0637,case14,20261438,14,11,246.75125147986273,True,1.01,1.401869373649431,,ACCEPT,,REJECT_INCONSISTENT,identity_equivalence_unproven,0.0
public-case14-0638,case14,20261439,14,11,242.27620617024934,True,1.01,1.3753608041801806,,ACCEPT,,REJECT_INCONSISTENT,identity_equivalence_unproven,0.0
public-case14-0639,case14,20261440,14,11,265.7309537195945,True,1.0100000000000002,1.5701735912115777,,ACCEPT,,REJECT_INCONSISTENT,identity_equivalence_unproven,0.0
public-case14-0640,case14,20261441,14,11,272.79534668293957,True,1.0099999999999998,1.621663461067566,,ACCEPT,,REJECT_INCONSISTENT,identity_equivalence_unproven,0.0
public-case14-0641,case14,20261442,14,11,249.24521526508028,True,1.01,1.443537698364421,,ACCEPT,,REJECT_INCONSISTENT,identity_equivalence_unproven,0.0
public-case14-0642,case14,20261443,14,11,277.4333100367818,True,1.0100000000000002,1.6550311508927606,,ACCEPT,,REJECT_INCONSISTENT,identity_equivalence_unproven,0.0
public-case14-0643,case14,20261444,14,11,237.24264293189995,True,1.01,1.3478659898333616,,ACCEPT,,REJECT_INCONSISTENT,identity_equivalence_unproven,0.0
public-case14-0644,case14,20261445,14,11,276.62118474154795,True,1.01,1.6508811238345986,,ACCEPT,,REJECT_INCONSISTENT,identity_equivalence_unproven,0.0
public-case14-0645,case14,20261446,14,11,262.0742992793983,True,1.01,1.533905430128165,,ACCEPT,,REJECT_INCONSISTENT,identity_equivalence_unproven,0.0
public-case14-0646,case14,20261447,14,11,253.03247604117408,True,1.0099999999999998,1.4436465958506797,,ACCEPT,,REJECT_INCONSISTENT,identity_equivalence_unproven,0.0
public-case14-0647,case14,20261448,14,11,248.7445295356724,True,1.0099999999999996,1.4213849909213832,,ACCEPT,,REJECT_INCONSISTENT,identity_equivalence_unproven,0.0
public-case14-0648,case14,20261449,14,11,255.3145562471676,True,1.0100000000000005,1.4840361446004222,,ACCEPT,,REJECT_INCONSISTENT,identity_equivalence_unproven,0.0
public-case14-0649,case14,20261450,14,11,247.29685610035438,True,1.0100000000000002,1.4061042608012244,,ACCEPT,,REJECT_INCONSISTENT,identity_equivalence_unproven,0.0
public-case14-0650,case14,20261451,14,11,254.57472075858792,True,1.0099999999999998,1.46838834634639,,ACCEPT,,REJECT_INCONSISTENT,identity_equivalence_unproven,0.0
public-case14-0651,case14,20261452,14,11,266.27675943834464,True,1.0099999999999998,1.5739191725190793,,ACCEPT,,REJECT_INCONSISTENT,identity_equivalence_unproven,0.0
public-case14-0652,case14,20261453,14,11,254.70440994340294,True,1.01,1.4739481565308366,,ACCEPT,,REJECT_INCONSISTENT,identity_equivalence_unproven,0.0
public-case14-0653,case14,20261454,14,11,251.90096007597435,True,1.0100000000000002,1.4578446278196404,,ACCEPT,,REJECT_INCONSISTENT,identity_equivalence_unproven,0.0
public-case14-0654,case14,20261455,14,11,239.40542001016135,True,1.0100000000000002,1.3617880872214514,,ACCEPT,,REJECT_INCONSISTENT,identity_equivalence_unproven,0.0
public-case14-0655,case14,20261456,14,11,247.465234564969,True,1.0099999999999998,1.4175840034472136,,ACCEPT,,REJECT_INCONSISTENT,identity_equivalence_unproven,0.0
public-case14-0656,case14,20261457,14,11,280.49217688649463,True,1.0099999999999998,1.6794888405217634,,ACCEPT,,REJECT_INCONSISTENT,identity_equivalence_unproven,0.0
public-case14-0657,case14,20261458,14,11,264.9471211063803,True,1.0100000000000002,1.5691265901923763,,ACCEPT,,REJECT_INCONSISTENT,identity_equivalence_unproven,0.0
public-case14-0658,case14,20261459,14,11,272.05338244276015,True,1.01,1.621399704076025,,ACCEPT,,REJECT_INCONSISTENT,identity_equivalence_unproven,0.0
public-case14-0659,case14,20261460,14,11,266.3888194656784,True,1.0100000000000002,1.5569878192446875,,ACCEPT,,REJECT_INCONSISTENT,identity_equivalence_unproven,0.0
public-case14-0660,case14,20261461,14,11,256.3023103368996,True,1.01,1.4799403444683372,,ACCEPT,,REJECT_INCONSISTENT,identity_equivalence_unproven,0.0
public-case14-0661,case14,20261462,14,11,264.960221726716,True,1.01,1.5656136605670679,,ACCEPT,,REJECT_INCONSISTENT,identity_equivalence_unproven,0.0
public-case14-0662,case14,20261463,14,11,272.7196325714391,True,1.01,1.6217737891347026,,ACCEPT,,REJECT_INCONSISTENT,identity_equivalence_unproven,0.0
public-case14-0663,case14,20261464,14,11,246.7153768563472,True,1.01,1.4113752097844063,,ACCEPT,,REJECT_INCONSISTENT,identity_equivalence_unproven,0.0
public-case14-0664,case14,20261465,14,11,240.35963920603464,True,1.0100000000000002,1.3616053359210274,,ACCEPT,,REJECT_INCONSISTENT,identity_equivalence_unproven,0.0
public-case14-0665,case14,20261466,14,11,260.7751136788146,True,1.01,1.5188587684152466,,ACCEPT,,REJECT_INCONSISTENT,identity_equivalence_unproven,0.0
public-case14-0666,case14,20261467,14,11,289.78932694853853,True,1.01,1.7468161887065423,,ACCEPT,,REJECT_INCONSISTENT,identity_equivalence_unproven,0.0
public-case14-0667,case14,20261468,14,11,253.12885777226234,True,1.0100000000000002,1.4580170011796605,,ACCEPT,,REJECT_INCONSISTENT,identity_equivalence_unproven,0.0
public-case14-0668,case14,20261469,14,11,257.9609810665894,True,1.0100000000000002,1.505075061473479,,ACCEPT,,REJECT_INCONSISTENT,identity_equivalence_unproven,0.0
public-case14-0669,case14,20261470,14,11,240.95775341230686,True,1.01,1.3725880560243129,,ACCEPT,,REJECT_INCONSISTENT,identity_equivalence_unproven,0.0
public-case14-0670,case14,20261471,14,11,266.809935093786,True,1.01,1.5625086496256861,,ACCEPT,,REJECT_INCONSISTENT,identity_equivalence_unproven,0.0
public-case14-0671,case14,20261472,14,11,246.29726289021832,True,1.0099999999999998,1.4044761303744495,,ACCEPT,,REJECT_INCONSISTENT,identity_equivalence_unproven,0.0
public-case14-0672,case14,20261473,14,11,279.704939964117,True,1.0100000000000002,1.676500937603246,,ACCEPT,,REJECT_INCONSISTENT,identity_equivalence_unproven,0.0
public-case14-0673,case14,20261474,14,11,270.2027753051992,True,1.01,1.5990123444077218,,ACCEPT,,REJECT_INCONSISTENT,identity_equivalence_unproven,0.0
public-case14-0674,case14,20261475,14,11,274.15131489840655,True,1.0100000000000002,1.6342579335957583,,ACCEPT,,REJECT_INCONSISTENT,identity_equivalence_unproven,0.0
public-case14-0675,case14,20261476,14,11,259.3422425156259,True,1.01,1.4994076804961658,,ACCEPT,,REJECT_INCONSISTENT,identity_equivalence_unproven,0.0
public-case14-0676,case14,20261477,14,11,253.00972398590045,True,1.0100000000000002,1.470063967381123,,ACCEPT,,REJECT_INCONSISTENT,identity_equivalence_unproven,0.0
public-case14-0677,case14,20261478,14,11,253.47180008813172,True,1.01,1.4556304233853734,,ACCEPT,,REJECT_INCONSISTENT,identity_equivalence_unproven,0.0
public-case14-0678,case14,20261479,14,11,270.36288686252897,True,1.01,1.6135992182953307,,ACCEPT,,REJECT_INCONSISTENT,identity_equivalence_unproven,0.0
public-case14-0679,case14,20261480,14,11,267.1366450816129,True,1.01,1.5793970869157574,,ACCEPT,,REJECT_INCONSISTENT,identity_equivalence_unproven,0.0
public-case14-0680,case14,20261481,14,11,276.03443459873574,True,1.01,1.646591034186859,,ACCEPT,,REJECT_INCONSISTENT,identity_equivalence_unproven,0.0
public-case14-0681,case14,20261482,14,11,253.34501693639936,True,1.0100000000000002,1.4624917337723335,,ACCEPT,,REJECT_INCONSISTENT,identity_equivalence_unproven,0.0
public-case14-0682,case14,20261483,14,11,248.7352246448879,True,1.01,1.438709121993263,,ACCEPT,,REJECT_INCONSISTENT,identity_equivalence_unproven,0.0
public-case14-0683,case14,20261484,14,11,265.05364073555404,True,1.01,1.5547924924974537,,ACCEPT,,REJECT_INCONSISTENT,identity_equivalence_unproven,0.0
public-case14-0684,case14,20261485,14,11,270.0448269856194,True,1.01,1.5972330066600797,,ACCEPT,,REJECT_INCONSISTENT,identity_equivalence_unproven,0.0
public-case14-0685,case14,20261486,14,11,246.8784422605749,True,1.01,1.4091313248203112,,ACCEPT,,REJECT_INCONSISTENT,identity_equivalence_unproven,0.0
public-case14-0686,case14,20261487,14,11,244.7968692059897,True,1.0100000000000002,1.4017265780382446,,ACCEPT,,REJECT_INCONSISTENT,identity_equivalence_unproven,0.0
public-case14-0687,case14,20261488,14,11,258.28056744195067,True,1.01,1.5074846958825356,,ACCEPT,,REJECT_INCONSISTENT,identity_equivalence_unproven,0.0
public-case14-0688,case14,20261489,14,11,272.4100436291313,True,1.0099999999999996,1.6233498304207732,,ACCEPT,,REJECT_INCONSISTENT,identity_equivalence_unproven,0.0
public-case14-0689,case14,20261490,14,11,256.8055528118156,True,1.0099999999999998,1.4902258864221194,,ACCEPT,,REJECT_INCONSISTENT,identity_equivalence_unproven,0.0
public-case14-0690,case14,20261491,14,11,248.38824643203063,True,1.01,1.420117074042569,,ACCEPT,,REJECT_INCONSISTENT,identity_equivalence_unproven,0.0
public-case14-0691,case14,20261492,14,11,250.6040546301345,True,1.01,1.435339397558852,,ACCEPT,,REJECT_INCONSISTENT,identity_equivalence_unproven,0.0
public-case14-0692,case14,20261493,14,11,241.87818554205813,True,1.0100000000000002,1.3632149400920435,,ACCEPT,,REJECT_INCONSISTENT,identity_equivalence_unproven,0.0
public-case14-0693,case14,20261494,14,11,258.0583651674262,True,1.01,1.508121721913774,,ACCEPT,,REJECT_INCONSISTENT,identity_equivalence_unproven,0.0
public-case14-0694,case14,20261495,14,11,244.89914915374726,True,1.01,1.3915399860643707,,ACCEPT,,REJECT_INCONSISTENT,identity_equivalence_unproven,0.0
public-case14-0695,case14,20261496,14,11,273.6997028343822,True,1.0100000000000002,1.6184649261125186,,ACCEPT,,REJECT_INCONSISTENT,identity_equivalence_unproven,0.0
public-case14-0696,case14,20261497,14,11,278.84796282840125,True,1.0099999999999998,1.6587576203118355,,ACCEPT,,REJECT_INCONSISTENT,identity_equivalence_unproven,0.0
public-case14-0697,case14,20261498,14,11,241.15050931463043,True,1.01,1.3597374737775865,,ACCEPT,,REJECT_INCONSISTENT,identity_equivalence_unproven,0.0
public-case14-0698,case14,20261499,14,11,253.7611707818265,True,1.01,1.4587530642868698,,ACCEPT,,REJECT_INCONSISTENT,identity_equivalence_unproven,0.0
public-case14-0699,case14,20261500,14,11,251.13737685502835,True,1.01,1.4411862460524654,,ACCEPT,,REJECT_INCONSISTENT,identity_equivalence_unproven,0.0
public-case14-0700,case14,20261501,14,11,252.9285275085922,True,1.0099999999999998,1.458920456343227,,ACCEPT,,REJECT_INCONSISTENT,identity_equivalence_unproven,0.0
public-case14-0701,case14,20261502,14,11,255.97162108653356,True,1.01,1.483559311508439,,ACCEPT,,REJECT_INCONSISTENT,identity_equivalence_unproven,0.0
public-case14-0702,case14,20261503,14,11,272.6734893680166,True,1.0099999999999998,1.616551201353,,ACCEPT,,REJECT_INCONSISTENT,identity_equivalence_unproven,0.0
public-case14-0703,case14,20261504,14,11,252.13222549987736,True,1.01,1.4561905251144804,,ACCEPT,,REJECT_INCONSISTENT,identity_equivalence_unproven,0.0
public-case14-0704,case14,20261505,14,11,253.36780504431803,True,1.0099999999999998,1.4586461360372338,,ACCEPT,,REJECT_INCONSISTENT,identity_equivalence_unproven,0.0
public-case14-0705,case14,20261506,14,11,278.40961019845014,True,1.01,1.6555208443277352,,ACCEPT,,REJECT_INCONSISTENT,identity_equivalence_unproven,0.0
public-case14-0706,case14,20261507,14,11,279.78900716976716,True,1.01,1.6668384042375832,,ACCEPT,,REJECT_INCONSISTENT,identity_equivalence_unproven,0.0
public-case14-0707,case14,20261508,14,11,260.3750081898929,True,1.0099999999999998,1.5189609098763293,,ACCEPT,,REJECT_INCONSISTENT,identity_equivalence_unproven,0.0
public-case14-0708,case14,20261509,14,11,268.3018362290154,True,1.0100000000000002,1.586190136424432,,ACCEPT,,REJECT_INCONSISTENT,identity_equivalence_unproven,0.0
public-case14-0709,case14,20261510,14,11,268.87375237963147,True,1.01,1.5972933796621296,,ACCEPT,,REJECT_INCONSISTENT,identity_equivalence_unproven,0.0
public-case14-0710,case14,20261511,14,11,266.4916368693229,True,1.0099999999999998,1.5884373042311815,,ACCEPT,,REJECT_INCONSISTENT,identity_equivalence_unproven,0.0
public-case14-0711,case14,20261512,14,11,267.51860213771823,True,1.01,1.57135183197865,,ACCEPT,,REJECT_INCONSISTENT,identity_equivalence_unproven,0.0
public-case14-0712,case14,20261513,14,11,255.78296369273193,True,1.01,1.4794732863012772,,ACCEPT,,REJECT_INCONSISTENT,identity_equivalence_unproven,0.0
public-case14-0713,case14,20261514,14,11,246.94604191519232,True,1.01,1.411634193200329,,ACCEPT,,REJECT_INCONSISTENT,identity_equivalence_unproven,0.0
public-case14-0714,case14,20261515,14,11,267.0976475016666,True,1.01,1.5624866744401238,,ACCEPT,,REJECT_INCONSISTENT,identity_equivalence_unproven,0.0
public-case14-0715,case14,20261516,14,11,245.21470832009246,True,1.0100000000000002,1.4017156240562922,,ACCEPT,,REJECT_INCONSISTENT,identity_equivalence_unproven,0.0
public-case14-0716,case14,20261517,14,11,248.1849019344292,True,1.0099999999999998,1.41396194547422,,ACCEPT,,REJECT_INCONSISTENT,identity_equivalence_unproven,0.0
public-case14-0717,case14,20261518,14,11,236.26045482253954,True,1.01,1.3311582354086586,,ACCEPT,,REJECT_INCONSISTENT,identity_equivalence_unproven,0.0
public-case14-0718,case14,20261519,14,11,259.11046348870144,True,1.01,1.507396986071382,,ACCEPT,,REJECT_INCONSISTENT,identity_equivalence_unproven,0.0
public-case14-0719,case14,20261520,14,11,233.66916405008112,True,1.0100000000000005,1.3178537831411168,,ACCEPT,,REJECT_INCONSISTENT,identity_equivalence_unproven,0.0
public-case14-0720,case14,20261521,14,11,258.5158369635399,True,1.0100000000000005,1.5006682404091278,,ACCEPT,,REJECT_INCONSISTENT,identity_equivalence_unproven,0.0
public-case14-0721,case14,20261522,14,11,238.3304424884116,True,1.01,1.3506869289179162,,ACCEPT,,REJECT_INCONSISTENT,identity_equivalence_unproven,0.0
public-case14-0722,case14,20261523,14,11,237.50382994107807,True,1.01,1.3432851626608688,,ACCEPT,,REJECT_INCONSISTENT,identity_equivalence_unproven,0.0
public-case14-0723,case14,20261524,14,11,271.09031760784586,True,1.0100000000000005,1.6087377465473125,,ACCEPT,,REJECT_INCONSISTENT,identity_equivalence_unproven,0.0
public-case14-0724,case14,20261525,14,11,229.59450814906944,True,1.01,1.278874006546978,,ACCEPT,,REJECT_INCONSISTENT,identity_equivalence_unproven,0.0
public-case14-0725,case14,20261526,14,11,236.51499998272294,True,1.01,1.3386544325737106,,ACCEPT,,REJECT_INCONSISTENT,identity_equivalence_unproven,0.0
public-case14-0726,case14,20261527,14,11,249.618402250541,True,1.0099999999999998,1.4327929008061597,,ACCEPT,,REJECT_INCONSISTENT,identity_equivalence_unproven,0.0
public-case14-0727,case14,20261528,14,11,276.7211436006434,True,1.01,1.6489745027202882,,ACCEPT,,REJECT_INCONSISTENT,identity_equivalence_unproven,0.0
public-case14-0728,case14,20261529,14,11,231.47528688441292,True,1.0100000000000005,1.2885386016881797,,ACCEPT,,REJECT_INCONSISTENT,identity_equivalence_unproven,0.0
public-case14-0729,case14,20261530,14,11,245.1641847086891,True,1.01,1.3983389488500666,,ACCEPT,,REJECT_INCONSISTENT,identity_equivalence_unproven,0.0
public-case14-0730,case14,20261531,14,11,228.23331819753204,True,1.01,1.2644143523430436,,ACCEPT,,REJECT_INCONSISTENT,identity_equivalence_unproven,0.0
public-case14-0731,case14,20261532,14,11,248.56865070556577,True,1.0099999999999998,1.4270844524562365,,ACCEPT,,REJECT_INCONSISTENT,identity_equivalence_unproven,0.0
public-case14-0732,case14,20261533,14,11,258.6272246932347,True,1.0099999999999998,1.5231695260088374,,ACCEPT,,REJECT_INCONSISTENT,identity_equivalence_unproven,0.0
public-case14-0733,case14,20261534,14,11,275.4496775052032,True,1.01,1.6347355438268412,,ACCEPT,,REJECT_INCONSISTENT,identity_equivalence_unproven,0.0
public-case14-0734,case14,20261535,14,11,234.9721907997602,True,1.01,1.31898875529176,,ACCEPT,,REJECT_INCONSISTENT,identity_equivalence_unproven,0.0
public-case14-0735,case14,20261536,14,11,263.93005861066484,True,1.01,1.5530918570219598,,ACCEPT,,REJECT_INCONSISTENT,identity_equivalence_unproven,0.0
public-case14-0736,case14,20261537,14,11,253.8395974871305,True,1.01,1.4739828505464465,,ACCEPT,,REJECT_INCONSISTENT,identity_equivalence_unproven,0.0
public-case14-0737,case14,20261538,14,11,280.3167780372011,True,1.01,1.6831594200458635,,ACCEPT,,REJECT_INCONSISTENT,identity_equivalence_unproven,0.0
public-case14-0738,case14,20261539,14,11,262.0954200574138,True,1.01,1.541427024200733,,ACCEPT,,REJECT_INCONSISTENT,identity_equivalence_unproven,0.0
public-case14-0739,case14,20261540,14,11,257.5431557277407,True,1.0099999999999998,1.4886897133120782,,ACCEPT,,REJECT_INCONSISTENT,identity_equivalence_unproven,0.0
public-case14-0740,case14,20261541,14,11,268.55775233136535,True,1.01,1.5843706879880861,,ACCEPT,,REJECT_INCONSISTENT,identity_equivalence_unproven,0.0
public-case14-0741,case14,20261542,14,11,268.81012088064523,True,1.01,1.5848956738842463,,ACCEPT,,REJECT_INCONSISTENT,identity_equivalence_unproven,0.0
public-case14-0742,case14,20261543,14,11,258.3025800581361,True,1.01,1.5124442925681827,,ACCEPT,,REJECT_INCONSISTENT,identity_equivalence_unproven,0.0
public-case14-0743,case14,20261544,14,11,265.6821653414361,True,1.01,1.5816423501740067,,ACCEPT,,REJECT_INCONSISTENT,identity_equivalence_unproven,0.0
public-case14-0744,case14,20261545,14,11,236.43053122426178,True,1.01,1.3274676741988782,,ACCEPT,,REJECT_INCONSISTENT,identity_equivalence_unproven,0.0
public-case14-0745,case14,20261546,14,11,249.10876129252745,True,1.0099999999999998,1.4267026537255452,,ACCEPT,,REJECT_INCONSISTENT,identity_equivalence_unproven,0.0
public-case14-0746,case14,20261547,14,11,276.51444780051935,True,1.0099999999999998,1.650025491465213,,ACCEPT,,REJECT_INCONSISTENT,identity_equivalence_unproven,0.0
public-case14-0747,case14,20261548,14,11,257.9493909453108,True,1.01,1.4937270737670338,,ACCEPT,,REJECT_INCONSISTENT,identity_equivalence_unproven,0.0
public-case14-0748,case14,20261549,14,11,266.3543473768558,True,1.01,1.57680297536387,,ACCEPT,,REJECT_INCONSISTENT,identity_equivalence_unproven,0.0
public-case14-0749,case14,20261550,14,11,246.7765047471181,True,1.0099999999999998,1.4095020989565714,,ACCEPT,,REJECT_INCONSISTENT,identity_equivalence_unproven,0.0
public-case14-0750,case14,20261551,14,11,266.24520183485697,True,1.0099999999999998,1.5575840179042444,,ACCEPT,,REJECT_INCONSISTENT,identity_equivalence_unproven,0.0
public-case14-0751,case14,20261552,14,11,252.5387688118804,True,1.01,1.4613664171174778,,ACCEPT,,REJECT_INCONSISTENT,identity_equivalence_unproven,0.0
public-case14-0752,case14,20261553,14,11,231.17818093317928,True,1.0099999999999998,1.2941469387640656,,ACCEPT,,REJECT_INCONSISTENT,identity_equivalence_unproven,0.0
public-case14-0753,case14,20261554,14,11,271.8926360469788,True,1.0100000000000005,1.6211572065382238,,ACCEPT,,REJECT_INCONSISTENT,identity_equivalence_unproven,0.0
public-case14-0754,case14,20261555,14,11,264.6041050918706,True,1.0100000000000002,1.5511742207748895,,ACCEPT,,REJECT_INCONSISTENT,identity_equivalence_unproven,0.0
public-case14-0755,case14,20261556,14,11,276.9435172628081,True,1.01,1.6462257672758491,,ACCEPT,,REJECT_INCONSISTENT,identity_equivalence_unproven,0.0
public-case14-0756,case14,20261557,14,11,246.03277502529957,True,1.0100000000000002,1.4073622828415713,,ACCEPT,,REJECT_INCONSISTENT,identity_equivalence_unproven,0.0
public-case14-0757,case14,20261558,14,11,271.0346603821899,True,1.01,1.6095074873552506,,ACCEPT,,REJECT_INCONSISTENT,identity_equivalence_unproven,0.0
public-case14-0758,case14,20261559,14,11,266.0772726436798,True,1.01,1.569767904297251,,ACCEPT,,REJECT_INCONSISTENT,identity_equivalence_unproven,0.0
public-case14-0759,case14,20261560,14,11,280.4122427607006,True,1.0099999999999998,1.674434557516893,,ACCEPT,,REJECT_INCONSISTENT,identity_equivalence_unproven,0.0
public-case14-0760,case14,20261561,14,11,251.76404580708936,True,1.0100000000000002,1.4384335212379376,,ACCEPT,,REJECT_INCONSISTENT,identity_equivalence_unproven,0.0
public-case14-0761,case14,20261562,14,11,249.36347443736025,True,1.0099999999999998,1.4372487325817902,,ACCEPT,,REJECT_INCONSISTENT,identity_equivalence_unproven,0.0
public-case14-0762,case14,20261563,14,11,256.56334197238,True,1.0100000000000002,1.4937237052363193,,ACCEPT,,REJECT_INCONSISTENT,identity_equivalence_unproven,0.0
public-case14-0763,case14,20261564,14,11,246.03150728534908,True,1.0100000000000005,1.3942365010188786,,ACCEPT,,REJECT_INCONSISTENT,identity_equivalence_unproven,0.0
public-case14-0764,case14,20261565,14,11,268.14911277973385,True,1.0100000000000002,1.5728564306897275,,ACCEPT,,REJECT_INCONSISTENT,identity_equivalence_unproven,0.0
public-case14-0765,case14,20261566,14,11,253.49541799636822,True,1.0100000000000002,1.4704675746337657,,ACCEPT,,REJECT_INCONSISTENT,identity_equivalence_unproven,0.0
public-case14-0766,case14,20261567,14,11,254.49491065035707,True,1.01,1.47645714866795,,ACCEPT,,REJECT_INCONSISTENT,identity_equivalence_unproven,0.0
public-case14-0767,case14,20261568,14,11,252.9538131459707,True,1.01,1.4572103392776918,,ACCEPT,,REJECT_INCONSISTENT,identity_equivalence_unproven,0.0
public-case14-0768,case14,20261569,14,11,255.53778905315932,True,1.0100000000000002,1.476586383159686,,ACCEPT,,REJECT_INCONSISTENT,identity_equivalence_unproven,0.0
public-case14-0769,case14,20261570,14,11,271.49583424827637,True,1.0100000000000002,1.6148461920936743,,ACCEPT,,REJECT_INCONSISTENT,identity_equivalence_unproven,0.0
public-case14-0770,case14,20261571,14,11,255.02989549259746,True,1.01,1.465997665115866,,ACCEPT,,REJECT_INCONSISTENT,identity_equivalence_unproven,0.0
public-case14-0771,case14,20261572,14,11,269.9328938084129,True,1.01,1.587291420321495,,ACCEPT,,REJECT_INCONSISTENT,identity_equivalence_unproven,0.0
public-case14-0772,case14,20261573,14,11,274.26794132390984,True,1.01,1.632284234710491,,ACCEPT,,REJECT_INCONSISTENT,identity_equivalence_unproven,0.0
public-case14-0773,case14,20261574,14,11,236.35738177598608,True,1.01,1.3254702877923856,,ACCEPT,,REJECT_INCONSISTENT,identity_equivalence_unproven,0.0
public-case14-0774,case14,20261575,14,11,255.99232723877816,True,1.0099999999999998,1.5026876360355659,,ACCEPT,,REJECT_INCONSISTENT,identity_equivalence_unproven,0.0
public-case14-0775,case14,20261576,14,11,275.9602747438324,True,1.01,1.6447240206884473,,ACCEPT,,REJECT_INCONSISTENT,identity_equivalence_unproven,0.0
public-case14-0776,case14,20261577,14,11,261.30346270944085,True,1.0100000000000002,1.5322965848479795,,ACCEPT,,REJECT_INCONSISTENT,identity_equivalence_unproven,0.0
public-case14-0777,case14,20261578,14,11,262.28991851981095,True,1.0100000000000002,1.5379516161627103,,ACCEPT,,REJECT_INCONSISTENT,identity_equivalence_unproven,0.0
public-case14-0778,case14,20261579,14,11,250.62648165089237,True,1.01,1.449684148526373,,ACCEPT,,REJECT_INCONSISTENT,identity_equivalence_unproven,0.0
public-case14-0779,case14,20261580,14,11,257.6513515384372,True,1.01,1.5014857545850824,,ACCEPT,,REJECT_INCONSISTENT,identity_equivalence_unproven,0.0
public-case14-0780,case14,20261581,14,11,253.24028693142475,True,1.01,1.4639526767962163,,ACCEPT,,REJECT_INCONSISTENT,identity_equivalence_unproven,0.0
public-case14-0781,case14,20261582,14,11,258.147830002142,True,1.01,1.5005915342088136,,ACCEPT,,REJECT_INCONSISTENT,identity_equivalence_unproven,0.0
public-case14-0782,case14,20261583,14,11,268.042421429891,True,1.01,1.5769949889597032,,ACCEPT,,REJECT_INCONSISTENT,identity_equivalence_unproven,0.0
public-case14-0783,case14,20261584,14,11,237.3231561789361,True,1.01,1.3349061221181346,,ACCEPT,,REJECT_INCONSISTENT,identity_equivalence_unproven,0.0
public-case14-0784,case14,20261585,14,11,250.60427783957388,True,1.0099999999999998,1.44192361928669,,ACCEPT,,REJECT_INCONSISTENT,identity_equivalence_unproven,0.0
public-case14-0785,case14,20261586,14,11,269.6974520711411,True,1.01,1.5918202141981537,,ACCEPT,,REJECT_INCONSISTENT,identity_equivalence_unproven,0.0
public-case14-0786,case14,20261587,14,11,271.50184368395946,True,1.0100000000000002,1.6136237274777896,,ACCEPT,,REJECT_INCONSISTENT,identity_equivalence_unproven,0.0
public-case14-0787,case14,20261588,14,11,237.0884935616936,True,1.01,1.3352664560000869,,ACCEPT,,REJECT_INCONSISTENT,identity_equivalence_unproven,0.0
public-case14-0788,case14,20261589,14,11,273.50115966545843,True,1.01,1.624258690969544,,ACCEPT,,REJECT_INCONSISTENT,identity_equivalence_unproven,0.0
public-case14-0789,case14,20261590,14,11,259.93137172112864,True,1.0099999999999998,1.5241086492067963,,ACCEPT,,REJECT_INCONSISTENT,identity_equivalence_unproven,0.0
public-case14-0790,case14,20261591,14,11,259.4468301797602,True,1.01,1.5058900714836005,,ACCEPT,,REJECT_INCONSISTENT,identity_equivalence_unproven,0.0
public-case14-0791,case14,20261592,14,11,251.889461805322,True,1.01,1.443192291992189,,ACCEPT,,REJECT_INCONSISTENT,identity_equivalence_unproven,0.0
public-case14-0792,case14,20261593,14,11,245.77641880216459,True,1.01,1.4085691828959,,ACCEPT,,REJECT_INCONSISTENT,identity_equivalence_unproven,0.0
public-case14-0793,case14,20261594,14,11,265.03288457668003,True,1.01,1.5459818552083842,,ACCEPT,,REJECT_INCONSISTENT,identity_equivalence_unproven,0.0
public-case14-0794,case14,20261595,14,11,271.3326239082756,True,1.0100000000000002,1.6168102640566135,,ACCEPT,,REJECT_INCONSISTENT,identity_equivalence_unproven,0.0
public-case14-0795,case14,20261596,14,11,274.26828455069716,True,1.0100000000000002,1.625719283893559,,ACCEPT,,REJECT_INCONSISTENT,identity_equivalence_unproven,0.0
public-case14-0796,case14,20261597,14,11,281.6218836473076,True,1.0099999999999998,1.6886445866955666,,ACCEPT,,REJECT_INCONSISTENT,identity_equivalence_unproven,0.0
public-case14-0797,case14,20261598,14,11,235.37538409278477,True,1.01,1.3162416302382711,,ACCEPT,,REJECT_INCONSISTENT,identity_equivalence_unproven,0.0
public-case14-0798,case14,20261599,14,11,266.78993665551565,True,1.0099999999999998,1.572717709565449,,ACCEPT,,REJECT_INCONSISTENT,identity_equivalence_unproven,0.0
public-case14-0799,case14,20261600,14,11,256.7457119063545,True,1.01,1.4842108516638617,,ACCEPT,,REJECT_INCONSISTENT,identity_equivalence_unproven,0.0
public-case14-0800,case14,20261601,14,11,242.19011176603755,True,1.01,1.382594619259175,,ACCEPT,,REJECT_INCONSISTENT,identity_equivalence_unproven,0.0
public-case14-0801,case14,20261602,14,11,280.95740863307043,True,1.01,1.6846321082704563,,ACCEPT,,REJECT_INCONSISTENT,identity_equivalence_unproven,0.0
public-case14-0802,case14,20261603,14,11,267.1566669846659,True,1.01,1.5593118195103626,,ACCEPT,,REJECT_INCONSISTENT,identity_equivalence_unproven,0.0
public-case14-0803,case14,20261604,14,11,241.539965276205,True,1.0100000000000002,1.3613451901440135,,ACCEPT,,REJECT_INCONSISTENT,identity_equivalence_unproven,0.0
public-case14-0804,case14,20261605,14,11,251.75474337645318,True,1.01,1.4448261185259725,,ACCEPT,,REJECT_INCONSISTENT,identity_equivalence_unproven,0.0
public-case14-0805,case14,20261606,14,11,252.49568099857748,True,1.01,1.4653593171468324,,ACCEPT,,REJECT_INCONSISTENT,identity_equivalence_unproven,0.0
public-case14-0806,case14,20261607,14,11,261.5232390514911,True,1.01,1.533840361439689,,ACCEPT,,REJECT_INCONSISTENT,identity_equivalence_unproven,0.0
public-case14-0807,case14,20261608,14,11,285.0165115766134,True,1.01,1.7202498143139182,,ACCEPT,,REJECT_INCONSISTENT,identity_equivalence_unproven,0.0
public-case14-0808,case14,20261609,14,11,235.45360585296936,True,1.0100000000000002,1.3243732164831428,,ACCEPT,,REJECT_INCONSISTENT,identity_equivalence_unproven,0.0
public-case14-0809,case14,20261610,14,11,258.9023497402881,True,1.01,1.5057137528640556,,ACCEPT,,REJECT_INCONSISTENT,identity_equivalence_unproven,0.0
public-case14-0810,case14,20261611,14,11,272.9897693905555,True,1.0099999999999998,1.627688980835949,,ACCEPT,,REJECT_INCONSISTENT,identity_equivalence_unproven,0.0
public-case14-0811,case14,20261612,14,11,268.1038538492274,True,1.01,1.5771806748115034,,ACCEPT,,REJECT_INCONSISTENT,identity_equivalence_unproven,0.0
public-case14-0812,case14,20261613,14,11,274.64841046078254,True,1.0099999999999998,1.6347733489547784,,ACCEPT,,REJECT_INCONSISTENT,identity_equivalence_unproven,0.0
public-case14-0813,case14,20261614,14,11,252.52066699513995,True,1.01,1.4506013087897434,,ACCEPT,,REJECT_INCONSISTENT,identity_equivalence_unproven,0.0
public-case14-0814,case14,20261615,14,11,274.86476072763764,True,1.01,1.6351883411803085,,ACCEPT,,REJECT_INCONSISTENT,identity_equivalence_unproven,0.0
public-case14-0815,case14,20261616,14,11,244.07989935226573,True,1.0100000000000005,1.3834944539061624,,ACCEPT,,REJECT_INCONSISTENT,identity_equivalence_unproven,0.0
public-case14-0816,case14,20261617,14,11,256.9759080805629,True,1.01,1.4838732101767416,,ACCEPT,,REJECT_INCONSISTENT,identity_equivalence_unproven,0.0
public-case14-0817,case14,20261618,14,11,258.361456232344,True,1.01,1.5059269123093548,,ACCEPT,,REJECT_INCONSISTENT,identity_equivalence_unproven,0.0
public-case14-0818,case14,20261619,14,11,285.15117273308294,True,1.01,1.7036709941508152,,ACCEPT,,REJECT_INCONSISTENT,identity_equivalence_unproven,0.0
public-case14-0819,case14,20261620,14,11,241.64008357382232,True,1.01,1.3646060362939942,,ACCEPT,,REJECT_INCONSISTENT,identity_equivalence_unproven,0.0
public-case14-0820,case14,20261621,14,11,269.98261153168,True,1.0099999999999998,1.5909903990603054,,ACCEPT,,REJECT_INCONSISTENT,identity_equivalence_unproven,0.0
public-case14-0821,case14,20261622,14,11,271.19927070370295,True,1.01,1.606120539328291,,ACCEPT,,REJECT_INCONSISTENT,identity_equivalence_unproven,0.0
public-case14-0822,case14,20261623,14,11,283.1406351910306,True,1.0099999999999998,1.6965708591757063,,ACCEPT,,REJECT_INCONSISTENT,identity_equivalence_unproven,0.0
public-case14-0823,case14,20261624,14,11,248.6341458311053,True,1.01,1.4127138967502026,,ACCEPT,,REJECT_INCONSISTENT,identity_equivalence_unproven,0.0
public-case14-0824,case14,20261625,14,11,263.1732605268129,True,1.01,1.5395594271958433,,ACCEPT,,REJECT_INCONSISTENT,identity_equivalence_unproven,0.0
public-case14-0825,case14,20261626,14,11,257.77815404914514,True,1.0099999999999996,1.4909352801276885,,ACCEPT,,REJECT_INCONSISTENT,identity_equivalence_unproven,0.0
public-case14-0826,case14,20261627,14,11,275.77354624269543,True,1.01,1.634843886210112,,ACCEPT,,REJECT_INCONSISTENT,identity_equivalence_unproven,0.0
public-case14-0827,case14,20261628,14,11,275.33854517582483,True,1.01,1.6390258256075838,,ACCEPT,,REJECT_INCONSISTENT,identity_equivalence_unproven,0.0
public-case14-0828,case14,20261629,14,11,254.44253546752188,True,1.0100000000000002,1.467726021670221,,ACCEPT,,REJECT_INCONSISTENT,identity_equivalence_unproven,0.0
public-case14-0829,case14,20261630,14,11,256.4117784429644,True,1.01,1.4808254978450988,,ACCEPT,,REJECT_INCONSISTENT,identity_equivalence_unproven,0.0
public-case14-0830,case14,20261631,14,11,256.5750503010528,True,1.0100000000000002,1.4955498328575096,,ACCEPT,,REJECT_INCONSISTENT,identity_equivalence_unproven,0.0
public-case14-0831,case14,20261632,14,11,248.25940236631243,True,1.01,1.4137811883288343,,ACCEPT,,REJECT_INCONSISTENT,identity_equivalence_unproven,0.0
public-case14-0832,case14,20261633,14,11,265.563195325482,True,1.01,1.5746294232928602,,ACCEPT,,REJECT_INCONSISTENT,identity_equivalence_unproven,0.0
public-case14-0833,case14,20261634,14,11,263.01039157705003,True,1.01,1.5533788143406813,,ACCEPT,,REJECT_INCONSISTENT,identity_equivalence_unproven,0.0
public-case14-0834,case14,20261635,14,11,275.315786484541,True,1.0099999999999998,1.6292980498767033,,ACCEPT,,REJECT_INCONSISTENT,identity_equivalence_unproven,0.0
public-case14-0835,case14,20261636,14,11,235.90404209354452,True,1.0099999999999998,1.3328014827102104,,ACCEPT,,REJECT_INCONSISTENT,identity_equivalence_unproven,0.0
public-case14-0836,case14,20261637,14,11,251.01739622718225,True,1.01,1.4385367769059365,,ACCEPT,,REJECT_INCONSISTENT,identity_equivalence_unproven,0.0
public-case14-0837,case14,20261638,14,11,268.34567678638984,True,1.01,1.5847008703100616,,ACCEPT,,REJECT_INCONSISTENT,identity_equivalence_unproven,0.0
public-case14-0838,case14,20261639,14,11,277.83884417012126,True,1.0099999999999998,1.6649704981853704,,ACCEPT,,REJECT_INCONSISTENT,identity_equivalence_unproven,0.0
public-case14-0839,case14,20261640,14,11,249.8434163536652,True,1.01,1.430048249922352,,ACCEPT,,REJECT_INCONSISTENT,identity_equivalence_unproven,0.0
public-case14-0840,case14,20261641,14,11,273.25683698833143,True,1.0100000000000002,1.616003191253662,,ACCEPT,,REJECT_INCONSISTENT,identity_equivalence_unproven,0.0
public-case14-0841,case14,20261642,14,11,266.232569459856,True,1.01,1.5719352504911657,,ACCEPT,,REJECT_INCONSISTENT,identity_equivalence_unproven,0.0
public-case14-0842,case14,20261643,14,11,262.5369703545022,True,1.01,1.5442314237459498,,ACCEPT,,REJECT_INCONSISTENT,identity_equivalence_unproven,0.0
public-case14-0843,case14,20261644,14,11,251.6177006779556,True,1.0099999999999998,1.4432191869925388,,ACCEPT,,REJECT_INCONSISTENT,identity_equivalence_unproven,0.0
public-case14-0844,case14,20261645,14,11,258.3938552218267,True,1.01,1.4955023777355403,,ACCEPT,,REJECT_INCONSISTENT,identity_equivalence_unproven,0.0
public-case14-0845,case14,20261646,14,11,241.728478154855,True,1.01,1.3780365187048316,,ACCEPT,,REJECT_INCONSISTENT,identity_equivalence_unproven,0.0
public-case14-0846,case14,20261647,14,11,240.00427869908535,True,1.01,1.36347834238183,,ACCEPT,,REJECT_INCONSISTENT,identity_equivalence_unproven,0.0
public-case14-0847,case14,20261648,14,11,254.8394259642626,True,1.0099999999999998,1.488267148433903,,ACCEPT,,REJECT_INCONSISTENT,identity_equivalence_unproven,0.0
public-case14-0848,case14,20261649,14,11,269.2693503334333,True,1.0100000000000005,1.5956474510853051,,ACCEPT,,REJECT_INCONSISTENT,identity_equivalence_unproven,0.0
public-case14-0849,case14,20261650,14,11,265.97514195174136,True,1.0099999999999998,1.5618219191120386,,ACCEPT,,REJECT_INCONSISTENT,identity_equivalence_unproven,0.0
public-case14-0850,case14,20261651,14,11,246.4289805981535,True,1.0100000000000002,1.3961875604419407,,ACCEPT,,REJECT_INCONSISTENT,identity_equivalence_unproven,0.0
public-case14-0851,case14,20261652,14,11,237.30912416690077,True,1.0099999999999996,1.3360779000168732,,ACCEPT,,REJECT_INCONSISTENT,identity_equivalence_unproven,0.0
public-case14-0852,case14,20261653,14,11,263.4347335222875,True,1.0100000000000002,1.5324108567074062,,ACCEPT,,REJECT_INCONSISTENT,identity_equivalence_unproven,0.0
public-case14-0853,case14,20261654,14,11,250.7058169641472,True,1.01,1.4371131377175472,,ACCEPT,,REJECT_INCONSISTENT,identity_equivalence_unproven,0.0
public-case14-0854,case14,20261655,14,11,237.84503138517888,True,1.0099999999999998,1.333708670981697,,ACCEPT,,REJECT_INCONSISTENT,identity_equivalence_unproven,0.0
public-case14-0855,case14,20261656,14,11,229.06998936195677,True,1.0100000000000002,1.2710118553877912,,ACCEPT,,REJECT_INCONSISTENT,identity_equivalence_unproven,0.0
public-case14-0856,case14,20261657,14,11,265.0236030274135,True,1.0100000000000005,1.5495936409355557,,ACCEPT,,REJECT_INCONSISTENT,identity_equivalence_unproven,0.0
public-case14-0857,case14,20261658,14,11,281.46920656431485,True,1.01,1.6743658002854858,,ACCEPT,,REJECT_INCONSISTENT,identity_equivalence_unproven,0.0
public-case14-0858,case14,20261659,14,11,245.2272830833707,True,1.0100000000000005,1.3952712856471332,,ACCEPT,,REJECT_INCONSISTENT,identity_equivalence_unproven,0.0
public-case14-0859,case14,20261660,14,11,247.51662965070895,True,1.0100000000000002,1.4209691636699422,,ACCEPT,,REJECT_INCONSISTENT,identity_equivalence_unproven,0.0
public-case14-0860,case14,20261661,14,11,241.42349218498822,True,1.01,1.3718402151964548,,ACCEPT,,REJECT_INCONSISTENT,identity_equivalence_unproven,0.0
public-case14-0861,case14,20261662,14,11,252.94274957769483,True,1.0099999999999998,1.4496228356182372,,ACCEPT,,REJECT_INCONSISTENT,identity_equivalence_unproven,0.0
public-case14-0862,case14,20261663,14,11,247.2487475171704,True,1.0100000000000002,1.4218749384925036,,ACCEPT,,REJECT_INCONSISTENT,identity_equivalence_unproven,0.0
public-case14-0863,case14,20261664,14,11,275.5522879895475,True,1.01,1.6410647366506197,,ACCEPT,,REJECT_INCONSISTENT,identity_equivalence_unproven,0.0
public-case14-0864,case14,20261665,14,11,265.7064486259306,True,1.0099999999999996,1.5614885257342674,,ACCEPT,,REJECT_INCONSISTENT,identity_equivalence_unproven,0.0
public-case14-0865,case14,20261666,14,11,244.14133934351636,True,1.01,1.3915787064307084,,ACCEPT,,REJECT_INCONSISTENT,identity_equivalence_unproven,0.0
public-case14-0866,case14,20261667,14,11,254.77089086566136,True,1.0099999999999998,1.474560160363529,,ACCEPT,,REJECT_INCONSISTENT,identity_equivalence_unproven,0.0
public-case14-0867,case14,20261668,14,11,243.39269583120245,True,1.01,1.3897711670999384,,ACCEPT,,REJECT_INCONSISTENT,identity_equivalence_unproven,0.0
public-case14-0868,case14,20261669,14,11,246.3172316400075,True,1.01,1.4171314409361817,,ACCEPT,,REJECT_INCONSISTENT,identity_equivalence_unproven,0.0
public-case14-0869,case14,20261670,14,11,281.5339586046558,True,1.01,1.677337673835629,,ACCEPT,,REJECT_INCONSISTENT,identity_equivalence_unproven,0.0
public-case14-0870,case14,20261671,14,11,269.4173526286289,True,1.0099999999999996,1.5890185967953152,,ACCEPT,,REJECT_INCONSISTENT,identity_equivalence_unproven,0.0
public-case14-0871,case14,20261672,14,11,254.34420297165937,True,1.01,1.4550768499575195,,ACCEPT,,REJECT_INCONSISTENT,identity_equivalence_unproven,0.0
public-case14-0872,case14,20261673,14,11,280.36789312383195,True,1.01,1.6790680626651215,,ACCEPT,,REJECT_INCONSISTENT,identity_equivalence_unproven,0.0
public-case14-0873,case14,20261674,14,11,251.6435894396274,True,1.01,1.4481621456972453,,ACCEPT,,REJECT_INCONSISTENT,identity_equivalence_unproven,0.0
public-case14-0874,case14,20261675,14,11,273.7829080505589,True,1.01,1.6347033720202395,,ACCEPT,,REJECT_INCONSISTENT,identity_equivalence_unproven,0.0
public-case14-0875,case14,20261676,14,11,263.19416668254155,True,1.01,1.5494654952403042,,ACCEPT,,REJECT_INCONSISTENT,identity_equivalence_unproven,0.0
public-case14-0876,case14,20261677,14,11,257.33855709507407,True,1.0100000000000002,1.4873323725053826,,ACCEPT,,REJECT_INCONSISTENT,identity_equivalence_unproven,0.0
public-case14-0877,case14,20261678,14,11,259.59658608854306,True,1.0100000000000002,1.5200418843940116,,ACCEPT,,REJECT_INCONSISTENT,identity_equivalence_unproven,0.0
public-case14-0878,case14,20261679,14,11,256.5406372212432,True,1.01,1.4769457506222807,,ACCEPT,,REJECT_INCONSISTENT,identity_equivalence_unproven,0.0
public-case14-0879,case14,20261680,14,11,273.7776855414917,True,1.0100000000000002,1.6202211199530363,,ACCEPT,,REJECT_INCONSISTENT,identity_equivalence_unproven,0.0
public-case14-0880,case14,20261681,14,11,256.06136016820335,True,1.01,1.4729698105199858,,ACCEPT,,REJECT_INCONSISTENT,identity_equivalence_unproven,0.0
public-case14-0881,case14,20261682,14,11,279.6918948235314,True,1.0099999999999998,1.6798467176477954,,ACCEPT,,REJECT_INCONSISTENT,identity_equivalence_unproven,0.0
public-case14-0882,case14,20261683,14,11,245.34135658983172,True,1.01,1.3922422470312243,,ACCEPT,,REJECT_INCONSISTENT,identity_equivalence_unproven,0.0
public-case14-0883,case14,20261684,14,11,262.77193476795475,True,1.0099999999999998,1.5203522024608003,,ACCEPT,,REJECT_INCONSISTENT,identity_equivalence_unproven,0.0
public-case14-0884,case14,20261685,14,11,285.19529699591425,True,1.0100000000000002,1.7100789542273742,,ACCEPT,,REJECT_INCONSISTENT,identity_equivalence_unproven,0.0
public-case14-0885,case14,20261686,14,11,265.0444386916729,True,1.01,1.5445585636203916,,ACCEPT,,REJECT_INCONSISTENT,identity_equivalence_unproven,0.0
public-case14-0886,case14,20261687,14,11,272.2578901449344,True,1.0099999999999998,1.6118748947090193,,ACCEPT,,REJECT_INCONSISTENT,identity_equivalence_unproven,0.0
public-case14-0887,case14,20261688,14,11,247.5101337671939,True,1.01,1.4084736871827421,,ACCEPT,,REJECT_INCONSISTENT,identity_equivalence_unproven,0.0
public-case14-0888,case14,20261689,14,11,251.8870774616134,True,1.0099999999999998,1.452080759259402,,ACCEPT,,REJECT_INCONSISTENT,identity_equivalence_unproven,0.0
public-case14-0889,case14,20261690,14,11,263.0518730392281,True,1.01,1.532289339205202,,ACCEPT,,REJECT_INCONSISTENT,identity_equivalence_unproven,0.0
public-case14-0890,case14,20261691,14,11,243.7260065245543,True,1.01,1.3861057053986385,,ACCEPT,,REJECT_INCONSISTENT,identity_equivalence_unproven,0.0
public-case14-0891,case14,20261692,14,11,259.9621338595268,True,1.0099999999999998,1.5090809495478945,,ACCEPT,,REJECT_INCONSISTENT,identity_equivalence_unproven,0.0
public-case14-0892,case14,20261693,14,11,254.1036873909908,True,1.0099999999999998,1.4607612551374805,,ACCEPT,,REJECT_INCONSISTENT,identity_equivalence_unproven,0.0
public-case14-0893,case14,20261694,14,11,253.2946697561862,True,1.01,1.4682970357281409,,ACCEPT,,REJECT_INCONSISTENT,identity_equivalence_unproven,0.0
public-case14-0894,case14,20261695,14,11,264.7756605280298,True,1.01,1.5657740084856993,,ACCEPT,,REJECT_INCONSISTENT,identity_equivalence_unproven,0.0
public-case14-0895,case14,20261696,14,11,263.41613753521324,True,1.0099999999999998,1.543536917995511,,ACCEPT,,REJECT_INCONSISTENT,identity_equivalence_unproven,0.0
public-case14-0896,case14,20261697,14,11,281.9935673700891,True,1.01,1.6959954179299237,,ACCEPT,,REJECT_INCONSISTENT,identity_equivalence_unproven,0.0
public-case14-0897,case14,20261698,14,11,236.3767993923738,True,1.0100000000000005,1.3330225458516818,,ACCEPT,,REJECT_INCONSISTENT,identity_equivalence_unproven,0.0
public-case14-0898,case14,20261699,14,11,255.8769567769361,True,1.01,1.4895471368563507,,ACCEPT,,REJECT_INCONSISTENT,identity_equivalence_unproven,0.0
public-case14-0899,case14,20261700,14,11,271.8060019551291,True,1.01,1.6102614451156627,,ACCEPT,,REJECT_INCONSISTENT,identity_equivalence_unproven,0.0
public-case14-0900,case14,20261701,14,11,255.45558440800215,True,1.01,1.4809315416192559,,ACCEPT,,REJECT_INCONSISTENT,identity_equivalence_unproven,0.0
public-case14-0901,case14,20261702,14,11,267.6070554031152,True,1.0099999999999998,1.580491788973597,,ACCEPT,,REJECT_INCONSISTENT,identity_equivalence_unproven,0.0
public-case14-0902,case14,20261703,14,11,238.18127003897405,True,1.01,1.3419329760634293,,ACCEPT,,REJECT_INCONSISTENT,identity_equivalence_unproven,0.0
public-case14-0903,case14,20261704,14,11,252.03550335843474,True,1.01,1.4465626039719466,,ACCEPT,,REJECT_INCONSISTENT,identity_equivalence_unproven,0.0
public-case14-0904,case14,20261705,14,11,254.35870884208884,True,1.0099999999999998,1.478174163361502,,ACCEPT,,REJECT_INCONSISTENT,identity_equivalence_unproven,0.0
public-case14-0905,case14,20261706,14,11,261.3450181864728,True,1.01,1.5335438389320122,,ACCEPT,,REJECT_INCONSISTENT,identity_equivalence_unproven,0.0
public-case14-0906,case14,20261707,14,11,264.5784096598905,True,1.0099999999999998,1.5583530087845656,,ACCEPT,,REJECT_INCONSISTENT,identity_equivalence_unproven,0.0
public-case14-0907,case14,20261708,14,11,254.30545637160589,True,1.01,1.4610769384882163,,ACCEPT,,REJECT_INCONSISTENT,identity_equivalence_unproven,0.0
public-case14-0908,case14,20261709,14,11,276.3132687918819,True,1.01,1.6365097746214574,,ACCEPT,,REJECT_INCONSISTENT,identity_equivalence_unproven,0.0
public-case14-0909,case14,20261710,14,11,243.07723595786047,True,1.0099999999999998,1.382787099173416,,ACCEPT,,REJECT_INCONSISTENT,identity_equivalence_unproven,0.0
public-case14-0910,case14,20261711,14,11,263.9281012260859,True,1.0099999999999998,1.5445477466637483,,ACCEPT,,REJECT_INCONSISTENT,identity_equivalence_unproven,0.0
public-case14-0911,case14,20261712,14,11,260.8626109731571,True,1.01,1.5088306834030054,,ACCEPT,,REJECT_INCONSISTENT,identity_equivalence_unproven,0.0
public-case14-0912,case14,20261713,14,11,243.7770263187506,True,1.0100000000000002,1.3809911623303435,,ACCEPT,,REJECT_INCONSISTENT,identity_equivalence_unproven,0.0
public-case14-0913,case14,20261714,14,11,253.3950955848204,True,1.0099999999999998,1.4697564520832367,,ACCEPT,,REJECT_INCONSISTENT,identity_equivalence_unproven,0.0
public-case14-0914,case14,20261715,14,11,264.16558176779785,True,1.0100000000000002,1.5673084920129736,,ACCEPT,,REJECT_INCONSISTENT,identity_equivalence_unproven,0.0
public-case14-0915,case14,20261716,14,11,267.13170507668667,True,1.0100000000000002,1.5695008268164323,,ACCEPT,,REJECT_INCONSISTENT,identity_equivalence_unproven,0.0
public-case14-0916,case14,20261717,14,11,261.30361882526967,True,1.0099999999999998,1.527664048037936,,ACCEPT,,REJECT_INCONSISTENT,identity_equivalence_unproven,0.0
public-case14-0917,case14,20261718,14,11,254.66594270695856,True,1.0099999999999998,1.4691712752172827,,ACCEPT,,REJECT_INCONSISTENT,identity_equivalence_unproven,0.0
public-case14-0918,case14,20261719,14,11,262.2038451129529,True,1.01,1.5520637566231725,,ACCEPT,,REJECT_INCONSISTENT,identity_equivalence_unproven,0.0
public-case14-0919,case14,20261720,14,11,264.2210420783293,True,1.0099999999999998,1.5379237027478958,,ACCEPT,,REJECT_INCONSISTENT,identity_equivalence_unproven,0.0
public-case14-0920,case14,20261721,14,11,279.4562741033669,True,1.01,1.6726341339970467,,ACCEPT,,REJECT_INCONSISTENT,identity_equivalence_unproven,0.0
public-case14-0921,case14,20261722,14,11,253.34212996660656,True,1.0099999999999998,1.4586333192812002,,ACCEPT,,REJECT_INCONSISTENT,identity_equivalence_unproven,0.0
public-case14-0922,case14,20261723,14,11,288.7602872197174,True,1.01,1.7403922541644867,,ACCEPT,,REJECT_INCONSISTENT,identity_equivalence_unproven,0.0
public-case14-0923,case14,20261724,14,11,254.70074074950577,True,1.0100000000000002,1.4736136560609072,,ACCEPT,,REJECT_INCONSISTENT,identity_equivalence_unproven,0.0
public-case14-0924,case14,20261725,14,11,241.1397396226841,True,1.0100000000000002,1.3655331979402736,,ACCEPT,,REJECT_INCONSISTENT,identity_equivalence_unproven,0.0
public-case14-0925,case14,20261726,14,11,253.38320843871344,True,1.01,1.4636404619676353,,ACCEPT,,REJECT_INCONSISTENT,identity_equivalence_unproven,0.0
public-case14-0926,case14,20261727,14,11,245.2763655066418,True,1.0100000000000002,1.385696924815135,,ACCEPT,,REJECT_INCONSISTENT,identity_equivalence_unproven,0.0
public-case14-0927,case14,20261728,14,11,251.8316314946902,True,1.0100000000000002,1.4508285554118394,,ACCEPT,,REJECT_INCONSISTENT,identity_equivalence_unproven,0.0
public-case14-0928,case14,20261729,14,11,249.0061590455322,True,1.01,1.4290377019842748,,ACCEPT,,REJECT_INCONSISTENT,identity_equivalence_unproven,0.0
public-case14-0929,case14,20261730,14,11,261.37006008200945,True,1.0100000000000002,1.5222853884579324,,ACCEPT,,REJECT_INCONSISTENT,identity_equivalence_unproven,0.0
public-case14-0930,case14,20261731,14,11,271.9969267426657,True,1.0099999999999998,1.613572696115674,,ACCEPT,,REJECT_INCONSISTENT,identity_equivalence_unproven,0.0
public-case14-0931,case14,20261732,14,11,254.40351903017125,True,1.0099999999999998,1.4774102563627065,,ACCEPT,,REJECT_INCONSISTENT,identity_equivalence_unproven,0.0
public-case14-0932,case14,20261733,14,11,237.06062168280496,True,1.01,1.3314122073735226,,ACCEPT,,REJECT_INCONSISTENT,identity_equivalence_unproven,0.0
public-case14-0933,case14,20261734,14,11,269.38936755113946,True,1.0099999999999998,1.5987386149477483,,ACCEPT,,REJECT_INCONSISTENT,identity_equivalence_unproven,0.0
public-case14-0934,case14,20261735,14,11,264.3843277755105,True,1.0099999999999998,1.5661979489620983,,ACCEPT,,REJECT_INCONSISTENT,identity_equivalence_unproven,0.0
public-case14-0935,case14,20261736,14,11,276.43406780597996,True,1.01,1.6527643393473037,,ACCEPT,,REJECT_INCONSISTENT,identity_equivalence_unproven,0.0
public-case14-0936,case14,20261737,14,11,268.65083657491994,True,1.01,1.5789906423950613,,ACCEPT,,REJECT_INCONSISTENT,identity_equivalence_unproven,0.0
public-case14-0937,case14,20261738,14,11,263.3145709310861,True,1.01,1.5508246702205526,,ACCEPT,,REJECT_INCONSISTENT,identity_equivalence_unproven,0.0
public-case14-0938,case14,20261739,14,11,278.62406666388034,True,1.01,1.6638711244972781,,ACCEPT,,REJECT_INCONSISTENT,identity_equivalence_unproven,0.0
public-case14-0939,case14,20261740,14,11,270.0594153245416,True,1.0099999999999998,1.6102847000760696,,ACCEPT,,REJECT_INCONSISTENT,identity_equivalence_unproven,0.0
public-case14-0940,case14,20261741,14,11,283.6734397777124,True,1.0099999999999998,1.7076367724053045,,ACCEPT,,REJECT_INCONSISTENT,identity_equivalence_unproven,0.0
public-case14-0941,case14,20261742,14,11,246.5043089554355,True,1.0099999999999998,1.4043360496703823,,ACCEPT,,REJECT_INCONSISTENT,identity_equivalence_unproven,0.0
public-case14-0942,case14,20261743,14,11,241.08875219747287,True,1.01,1.3726234612171573,,ACCEPT,,REJECT_INCONSISTENT,identity_equivalence_unproven,0.0
public-case14-0943,case14,20261744,14,11,231.3576950517027,True,1.01,1.2890611254911517,,ACCEPT,,REJECT_INCONSISTENT,identity_equivalence_unproven,0.0
public-case14-0944,case14,20261745,14,11,256.2811091472379,True,1.0100000000000002,1.4888730776671664,,ACCEPT,,REJECT_INCONSISTENT,identity_equivalence_unproven,0.0
public-case14-0945,case14,20261746,14,11,255.35464729239214,True,1.0099999999999998,1.4822131087130936,,ACCEPT,,REJECT_INCONSISTENT,identity_equivalence_unproven,0.0
public-case14-0946,case14,20261747,14,11,234.25803397960533,True,1.01,1.3083401074425474,,ACCEPT,,REJECT_INCONSISTENT,identity_equivalence_unproven,0.0
public-case14-0947,case14,20261748,14,11,255.0429154797684,True,1.0099999999999998,1.4690276250223135,,ACCEPT,,REJECT_INCONSISTENT,identity_equivalence_unproven,0.0
public-case14-0948,case14,20261749,14,11,257.7302930400311,True,1.01,1.5024563032178435,,ACCEPT,,REJECT_INCONSISTENT,identity_equivalence_unproven,0.0
public-case14-0949,case14,20261750,14,11,271.4279906860432,True,1.0099999999999998,1.6044901542229144,,ACCEPT,,REJECT_INCONSISTENT,identity_equivalence_unproven,0.0
public-case14-0950,case14,20261751,14,11,261.6757986433227,True,1.01,1.5340018771891053,,ACCEPT,,REJECT_INCONSISTENT,identity_equivalence_unproven,0.0
public-case14-0951,case14,20261752,14,11,251.38904204176407,True,1.0100000000000002,1.4447491157944794,,ACCEPT,,REJECT_INCONSISTENT,identity_equivalence_unproven,0.0
public-case14-0952,case14,20261753,14,11,266.5540619505379,True,1.0099999999999998,1.5602791732742438,,ACCEPT,,REJECT_INCONSISTENT,identity_equivalence_unproven,0.0
public-case14-0953,case14,20261754,14,11,252.95535397947492,True,1.01,1.4704713137461367,,ACCEPT,,REJECT_INCONSISTENT,identity_equivalence_unproven,0.0
public-case14-0954,case14,20261755,14,11,255.4881790036477,True,1.0100000000000002,1.4703647722715332,,ACCEPT,,REJECT_INCONSISTENT,identity_equivalence_unproven,0.0
public-case14-0955,case14,20261756,14,11,273.25940289744256,True,1.0100000000000002,1.6238937814196936,,ACCEPT,,REJECT_INCONSISTENT,identity_equivalence_unproven,0.0
public-case14-0956,case14,20261757,14,11,240.17977575345327,True,1.0099999999999998,1.3645553787225846,,ACCEPT,,REJECT_INCONSISTENT,identity_equivalence_unproven,0.0
public-case14-0957,case14,20261758,14,11,252.72011731811003,True,1.01,1.4509380215166752,,ACCEPT,,REJECT_INCONSISTENT,identity_equivalence_unproven,0.0
public-case14-0958,case14,20261759,14,11,256.55034397774966,True,1.01,1.506788461433577,,ACCEPT,,REJECT_INCONSISTENT,identity_equivalence_unproven,0.0
public-case14-0959,case14,20261760,14,11,289.0087720538125,True,1.01,1.7404086695901095,,ACCEPT,,REJECT_INCONSISTENT,identity_equivalence_unproven,0.0
public-case14-0960,case14,20261761,14,11,230.28861894108766,True,1.01,1.2812797893204595,,ACCEPT,,REJECT_INCONSISTENT,identity_equivalence_unproven,0.0
public-case14-0961,case14,20261762,14,11,272.716539255308,True,1.0100000000000002,1.6178122988399533,,ACCEPT,,REJECT_INCONSISTENT,identity_equivalence_unproven,0.0
public-case14-0962,case14,20261763,14,11,286.7061798770742,True,1.0099999999999998,1.7316854841836447,,ACCEPT,,REJECT_INCONSISTENT,identity_equivalence_unproven,0.0
public-case14-0963,case14,20261764,14,11,261.3864094237909,True,1.01,1.5376753841162267,,ACCEPT,,REJECT_INCONSISTENT,identity_equivalence_unproven,0.0
public-case14-0964,case14,20261765,14,11,253.12187086141802,True,1.01,1.4674171140034566,,ACCEPT,,REJECT_INCONSISTENT,identity_equivalence_unproven,0.0
public-case14-0965,case14,20261766,14,11,273.6499094552961,True,1.01,1.6274349091418936,,ACCEPT,,REJECT_INCONSISTENT,identity_equivalence_unproven,0.0
public-case14-0966,case14,20261767,14,11,248.7399853233734,True,1.0100000000000002,1.4231223278868779,,ACCEPT,,REJECT_INCONSISTENT,identity_equivalence_unproven,0.0
public-case14-0967,case14,20261768,14,11,236.98155999110378,True,1.01,1.3318801753285063,,ACCEPT,,REJECT_INCONSISTENT,identity_equivalence_unproven,0.0
public-case14-0968,case14,20261769,14,11,255.44577386951633,True,1.01,1.4786479168182458,,ACCEPT,,REJECT_INCONSISTENT,identity_equivalence_unproven,0.0
public-case14-0969,case14,20261770,14,11,241.03874642280863,True,1.0100000000000002,1.362247436201323,,ACCEPT,,REJECT_INCONSISTENT,identity_equivalence_unproven,0.0
public-case14-0970,case14,20261771,14,11,271.55414088851484,True,1.0100000000000002,1.6079832263404295,,ACCEPT,,REJECT_INCONSISTENT,identity_equivalence_unproven,0.0
public-case14-0971,case14,20261772,14,11,260.53715394574084,True,1.01,1.5249651374074609,,ACCEPT,,REJECT_INCONSISTENT,identity_equivalence_unproven,0.0
public-case14-0972,case14,20261773,14,11,258.64896773708415,True,1.01,1.5080529739413522,,ACCEPT,,REJECT_INCONSISTENT,identity_equivalence_unproven,0.0
public-case14-0973,case14,20261774,14,11,249.31956390784438,True,1.0099999999999998,1.427304794756368,,ACCEPT,,REJECT_INCONSISTENT,identity_equivalence_unproven,0.0
public-case14-0974,case14,20261775,14,11,264.84178207111785,True,1.01,1.5554059340143211,,ACCEPT,,REJECT_INCONSISTENT,identity_equivalence_unproven,0.0
public-case14-0975,case14,20261776,14,11,278.9275144705752,True,1.0100000000000002,1.6617069598597156,,ACCEPT,,REJECT_INCONSISTENT,identity_equivalence_unproven,0.0
public-case14-0976,case14,20261777,14,11,271.71731161768776,True,1.0100000000000002,1.6202352405833838,,ACCEPT,,REJECT_INCONSISTENT,identity_equivalence_unproven,0.0
public-case14-0977,case14,20261778,14,11,257.10071330522044,True,1.0099999999999998,1.5031270806685437,,ACCEPT,,REJECT_INCONSISTENT,identity_equivalence_unproven,0.0
public-case14-0978,case14,20261779,14,11,234.45637794577434,True,1.01,1.3215787076627703,,ACCEPT,,REJECT_INCONSISTENT,identity_equivalence_unproven,0.0
public-case14-0979,case14,20261780,14,11,278.8801005064327,True,1.01,1.6626696758064212,,ACCEPT,,REJECT_INCONSISTENT,identity_equivalence_unproven,0.0
public-case14-0980,case14,20261781,14,11,254.9503668744647,True,1.01,1.481377642167446,,ACCEPT,,REJECT_INCONSISTENT,identity_equivalence_unproven,0.0
public-case14-0981,case14,20261782,14,11,244.07440852902118,True,1.0100000000000002,1.3825606578173073,,ACCEPT,,REJECT_INCONSISTENT,identity_equivalence_unproven,0.0
public-case14-0982,case14,20261783,14,11,243.54745695278177,True,1.01,1.3827085805061992,,ACCEPT,,REJECT_INCONSISTENT,identity_equivalence_unproven,0.0
public-case14-0983,case14,20261784,14,11,271.98413389231416,True,1.0099999999999996,1.613048632300872,,ACCEPT,,REJECT_INCONSISTENT,identity_equivalence_unproven,0.0
public-case14-0984,case14,20261785,14,11,269.667191354014,True,1.01,1.599255097184136,,ACCEPT,,REJECT_INCONSISTENT,identity_equivalence_unproven,0.0
public-case14-0985,case14,20261786,14,11,263.79251585475544,True,1.01,1.557236169458124,,ACCEPT,,REJECT_INCONSISTENT,identity_equivalence_unproven,0.0
public-case14-0986,case14,20261787,14,11,267.18471553602126,True,1.0100000000000002,1.5699361409492372,,ACCEPT,,REJECT_INCONSISTENT,identity_equivalence_unproven,0.0
public-case14-0987,case14,20261788,14,11,254.6523532292145,True,1.0100000000000002,1.464633297888512,,ACCEPT,,REJECT_INCONSISTENT,identity_equivalence_unproven,0.0
public-case14-0988,case14,20261789,14,11,237.40948506678646,True,1.0100000000000002,1.3427067082589628,,ACCEPT,,REJECT_INCONSISTENT,identity_equivalence_unproven,0.0
public-case14-0989,case14,20261790,14,11,238.77780817553833,True,1.0100000000000002,1.3496358873604941,,ACCEPT,,REJECT_INCONSISTENT,identity_equivalence_unproven,0.0
public-case14-0990,case14,20261791,14,11,251.3994529582621,True,1.01,1.444913965454122,,ACCEPT,,REJECT_INCONSISTENT,identity_equivalence_unproven,0.0
public-case14-0991,case14,20261792,14,11,268.7085273427518,True,1.01,1.5907852231632407,,ACCEPT,,REJECT_INCONSISTENT,identity_equivalence_unproven,0.0
public-case14-0992,case14,20261793,14,11,251.8466856208769,True,1.0099999999999998,1.4490735805091999,,ACCEPT,,REJECT_INCONSISTENT,identity_equivalence_unproven,0.0
public-case14-0993,case14,20261794,14,11,267.6902100443156,True,1.01,1.5878837886849333,,ACCEPT,,REJECT_INCONSISTENT,identity_equivalence_unproven,0.0
public-case14-0994,case14,20261795,14,11,277.3564314830592,True,1.0100000000000002,1.656274503059419,,ACCEPT,,REJECT_INCONSISTENT,identity_equivalence_unproven,0.0
public-case14-0995,case14,20261796,14,11,247.65443975923478,True,1.01,1.4157807599643875,,ACCEPT,,REJECT_INCONSISTENT,identity_equivalence_unproven,0.0
public-case14-0996,case14,20261797,14,11,265.42788926083284,True,1.01,1.5600246761275745,,ACCEPT,,REJECT_INCONSISTENT,identity_equivalence_unproven,0.0
public-case14-0997,case14,20261798,14,11,255.5747302908035,True,1.01,1.4797571148216577,,ACCEPT,,REJECT_INCONSISTENT,identity_equivalence_unproven,0.0
public-case14-0998,case14,20261799,14,11,276.74543908958304,True,1.01,1.6384314872004924,,ACCEPT,,REJECT_INCONSISTENT,identity_equivalence_unproven,0.0
public-case14-0999,case14,20261800,14,11,269.68144116446854,True,1.0099999999999998,1.5860418739095037,,ACCEPT,,REJECT_INCONSISTENT,identity_equivalence_unproven,0.0
public-case30-0000,case30,21260801,30,20,191.85885979307315,True,0.963917962879119,97.64372228194611,,ACCEPT,,REJECT_INCONSISTENT,identity_equivalence_unproven,0.0
public-case30-0001,case30,21260802,30,20,184.18368993293524,True,0.9626205920589181,103.28052573489262,,ACCEPT,,REJECT_INCONSISTENT,identity_equivalence_unproven,0.0
public-case30-0002,case30,21260803,30,20,199.3868396103777,True,0.9538369730346329,133.01226507049338,,ACCEPT,,REJECT_INCONSISTENT,identity_equivalence_unproven,0.0
public-case30-0003,case30,21260804,30,20,190.2842845804767,True,0.9629977608483502,92.46176687436774,,ACCEPT,,REJECT_INCONSISTENT,identity_equivalence_unproven,0.0
public-case30-0004,case30,21260805,30,20,188.73809326953563,True,0.9605222342619636,109.37002863068463,,ACCEPT,,REJECT_INCONSISTENT,identity_equivalence_unproven,0.0
public-case30-0005,case30,21260806,30,20,185.1949822358858,True,0.9636453487088411,97.58500536546748,,ACCEPT,,REJECT_INCONSISTENT,identity_equivalence_unproven,0.0
public-case30-0006,case30,21260807,30,20,183.99865759859122,True,0.9615776716582699,108.9091981010966,,ACCEPT,,REJECT_INCONSISTENT,identity_equivalence_unproven,0.0
public-case30-0007,case30,21260808,30,20,198.98101615965632,True,0.9589060285278939,111.4503384255848,,ACCEPT,,REJECT_INCONSISTENT,identity_equivalence_unproven,0.0
public-case30-0008,case30,21260809,30,20,193.59751233968188,True,0.959608909880078,115.64704566690678,,ACCEPT,,REJECT_INCONSISTENT,identity_equivalence_unproven,0.0
public-case30-0009,case30,21260810,30,20,178.99117667115755,True,0.9672177263518793,89.3607877087823,,ACCEPT,,REJECT_INCONSISTENT,identity_equivalence_unproven,0.0
public-case30-0010,case30,21260811,30,20,179.85687972949825,True,0.961002575406931,111.85330390657569,,ACCEPT,,REJECT_INCONSISTENT,identity_equivalence_unproven,0.0
public-case30-0011,case30,21260812,30,20,191.83060678015437,True,0.9592199690708243,111.24072417994594,,ACCEPT,,REJECT_INCONSISTENT,identity_equivalence_unproven,0.0
public-case30-0012,case30,21260813,30,20,179.30794893535594,True,0.968148430350788,88.09151028395631,,ACCEPT,,REJECT_INCONSISTENT,identity_equivalence_unproven,0.0
public-case30-0013,case30,21260814,30,20,180.0860559166803,True,0.9605831467754463,116.0944747979962,,ACCEPT,,REJECT_INCONSISTENT,identity_equivalence_unproven,0.0
public-case30-0014,case30,21260815,30,20,191.864254177572,True,0.9555869333948048,130.79322264448945,,ACCEPT,,REJECT_INCONSISTENT,identity_equivalence_unproven,0.0
public-case30-0015,case30,21260816,30,20,185.06407076703024,True,0.9638749187980474,93.79275490112362,,ACCEPT,,REJECT_INCONSISTENT,identity_equivalence_unproven,0.0
public-case30-0016,case30,21260817,30,20,189.1704490644398,True,0.9644623371933716,99.03430809192972,,ACCEPT,,REJECT_INCONSISTENT,identity_equivalence_unproven,0.0
public-case30-0017,case30,21260818,30,20,196.03469139954566,True,0.955225322030424,127.5230828236717,,ACCEPT,,REJECT_INCONSISTENT,identity_equivalence_unproven,0.0
public-case30-0018,case30,21260819,30,20,190.6135726177753,True,0.956736540733118,131.1611060441354,,ACCEPT,,REJECT_INCONSISTENT,identity_equivalence_unproven,0.0
public-case30-0019,case30,21260820,30,20,196.5095403509317,True,0.9592172939378166,110.51684468681118,,ACCEPT,,REJECT_INCONSISTENT,identity_equivalence_unproven,0.0
public-case30-0020,case30,21260821,30,20,197.95399180507326,True,0.9547125927895779,128.61855836110635,,ACCEPT,,REJECT_INCONSISTENT,identity_equivalence_unproven,0.0
public-case30-0021,case30,21260822,30,20,190.26777933311575,True,0.961932438100366,102.34246100594284,,ACCEPT,,REJECT_INCONSISTENT,identity_equivalence_unproven,0.0
public-case30-0022,case30,21260823,30,20,198.9931498144985,True,0.9542540145561518,134.5830949788549,,ACCEPT,,REJECT_INCONSISTENT,identity_equivalence_unproven,0.0
public-case30-0023,case30,21260824,30,20,180.10588815337277,True,0.9635263281258613,105.57452956757163,,ACCEPT,,REJECT_INCONSISTENT,identity_equivalence_unproven,0.0
public-case30-0024,case30,21260825,30,20,173.47373469256993,True,0.9637251385777692,87.9180688517693,,ACCEPT,,REJECT_INCONSISTENT,identity_equivalence_unproven,0.0
public-case30-0025,case30,21260826,30,20,184.23470442186695,True,0.9603397644771009,118.15920008803793,,ACCEPT,,REJECT_INCONSISTENT,identity_equivalence_unproven,0.0
public-case30-0026,case30,21260827,30,20,181.23091350539187,True,0.9601819464869201,118.61367395472043,,ACCEPT,,REJECT_INCONSISTENT,identity_equivalence_unproven,0.0
public-case30-0027,case30,21260828,30,20,191.62824629238062,True,0.9603905557232051,113.35196370281955,,ACCEPT,,REJECT_INCONSISTENT,identity_equivalence_unproven,0.0
public-case30-0028,case30,21260829,30,20,188.05024925110342,True,0.9577778036597464,127.25122178156558,,ACCEPT,,REJECT_INCONSISTENT,identity_equivalence_unproven,0.0
public-case30-0029,case30,21260830,30,20,194.55593626098306,True,0.957341326457588,126.1946031742486,,ACCEPT,,REJECT_INCONSISTENT,identity_equivalence_unproven,0.0
public-case30-0030,case30,21260831,30,20,177.83506255345472,True,0.9650737184179189,99.374141426116,,ACCEPT,,REJECT_INCONSISTENT,identity_equivalence_unproven,0.0
public-case30-0031,case30,21260832,30,20,173.16043738234384,True,0.9671651415996847,90.73997393415107,,ACCEPT,,REJECT_INCONSISTENT,identity_equivalence_unproven,0.0
public-case30-0032,case30,21260833,30,20,195.80679653003102,True,0.9578216343907716,115.59083657495879,,ACCEPT,,REJECT_INCONSISTENT,identity_equivalence_unproven,0.0
public-case30-0033,case30,21260834,30,20,201.96866280707,True,0.9581090687977378,116.31922234688929,,ACCEPT,,REJECT_INCONSISTENT,identity_equivalence_unproven,0.0
public-case30-0034,case30,21260835,30,20,190.76764083515877,True,0.9619036229810904,108.0063249796786,,ACCEPT,,REJECT_INCONSISTENT,identity_equivalence_unproven,0.0
public-case30-0035,case30,21260836,30,20,189.7586645323434,True,0.9585836360760535,121.21199028962036,,ACCEPT,,REJECT_INCONSISTENT,identity_equivalence_unproven,0.0
public-case30-0036,case30,21260837,30,20,176.8092567413712,True,0.9653886718882196,91.79399540892858,,ACCEPT,,REJECT_INCONSISTENT,identity_equivalence_unproven,0.0
public-case30-0037,case30,21260838,30,20,186.74018686178906,True,0.9657398076158157,99.74657651986807,,ACCEPT,,REJECT_INCONSISTENT,identity_equivalence_unproven,0.0
public-case30-0038,case30,21260839,30,20,190.59991987807553,True,0.9634657806967167,97.68602742624357,,ACCEPT,,REJECT_INCONSISTENT,identity_equivalence_unproven,0.0
public-case30-0039,case30,21260840,30,20,192.2894853804003,True,0.9552891893309816,132.42849718155185,,ACCEPT,,REJECT_INCONSISTENT,identity_equivalence_unproven,0.0
public-case30-0040,case30,21260841,30,20,185.15392241951486,True,0.9602966779321921,112.4631274338715,,ACCEPT,,REJECT_INCONSISTENT,identity_equivalence_unproven,0.0
public-case30-0041,case30,21260842,30,20,191.71420373312048,True,0.9593810414364579,118.90614063208476,,ACCEPT,,REJECT_INCONSISTENT,identity_equivalence_unproven,0.0
public-case30-0042,case30,21260843,30,20,187.85087781967178,True,0.9603923390030642,113.56241150322658,,ACCEPT,,REJECT_INCONSISTENT,identity_equivalence_unproven,0.0
public-case30-0043,case30,21260844,30,20,196.41791145635247,True,0.9577371253412026,120.68378555504013,,ACCEPT,,REJECT_INCONSISTENT,identity_equivalence_unproven,0.0
public-case30-0044,case30,21260845,30,20,181.42511606152323,True,0.9634046420755521,100.50787071345127,,ACCEPT,,REJECT_INCONSISTENT,identity_equivalence_unproven,0.0
public-case30-0045,case30,21260846,30,20,186.14681219708362,True,0.9610093304491604,111.63131406452054,,ACCEPT,,REJECT_INCONSISTENT,identity_equivalence_unproven,0.0
public-case30-0046,case30,21260847,30,20,189.9933157143773,True,0.9598956683690755,114.90720124750551,,ACCEPT,,REJECT_INCONSISTENT,identity_equivalence_unproven,0.0
public-case30-0047,case30,21260848,30,20,177.78390956040323,True,0.9646483211073195,94.0525406537438,,ACCEPT,,REJECT_INCONSISTENT,identity_equivalence_unproven,0.0
public-case30-0048,case30,21260849,30,20,181.48399104788376,True,0.9659049672672025,100.8626164060392,,ACCEPT,,REJECT_INCONSISTENT,identity_equivalence_unproven,0.0
public-case30-0049,case30,21260850,30,20,192.18507767789743,True,0.9588213216618868,118.62426903632138,,ACCEPT,,REJECT_INCONSISTENT,identity_equivalence_unproven,0.0
public-case30-0050,case30,21260851,30,20,184.6230933430602,True,0.9662022775731843,95.4391328592566,,ACCEPT,,REJECT_INCONSISTENT,identity_equivalence_unproven,0.0
public-case30-0051,case30,21260852,30,20,186.6507131145838,True,0.961638465308155,108.60687007684801,,ACCEPT,,REJECT_INCONSISTENT,identity_equivalence_unproven,0.0
public-case30-0052,case30,21260853,30,20,192.64312576719058,True,0.9644178728296612,102.7183589214699,,ACCEPT,,REJECT_INCONSISTENT,identity_equivalence_unproven,0.0
public-case30-0053,case30,21260854,30,20,190.42738849094397,True,0.9626434484672554,104.753698171736,,ACCEPT,,REJECT_INCONSISTENT,identity_equivalence_unproven,0.0
public-case30-0054,case30,21260855,30,20,189.03995776365764,True,0.9590639433678606,121.96771131374697,,ACCEPT,,REJECT_INCONSISTENT,identity_equivalence_unproven,0.0
public-case30-0055,case30,21260856,30,20,189.176422102072,True,0.9589023814001885,118.77497857629677,,ACCEPT,,REJECT_INCONSISTENT,identity_equivalence_unproven,0.0
public-case30-0056,case30,21260857,30,20,189.95690700837665,True,0.9569724744663641,126.86167496786169,,ACCEPT,,REJECT_INCONSISTENT,identity_equivalence_unproven,0.0
public-case30-0057,case30,21260858,30,20,191.91703020687177,True,0.9581903826164021,116.11394984714477,,ACCEPT,,REJECT_INCONSISTENT,identity_equivalence_unproven,0.0
public-case30-0058,case30,21260859,30,20,188.09703154420686,True,0.9617886953437055,109.92692128976248,,ACCEPT,,REJECT_INCONSISTENT,identity_equivalence_unproven,0.0
public-case30-0059,case30,21260860,30,20,189.76262020443153,True,0.9633136237585156,99.36772877396946,,ACCEPT,,REJECT_INCONSISTENT,identity_equivalence_unproven,0.0
public-case30-0060,case30,21260861,30,20,188.97800770264962,True,0.9632497595678651,100.51464838175004,,ACCEPT,,REJECT_INCONSISTENT,identity_equivalence_unproven,0.0
public-case30-0061,case30,21260862,30,20,185.24432793212068,True,0.9592607948185564,116.76905035212546,,ACCEPT,,REJECT_INCONSISTENT,identity_equivalence_unproven,0.0
public-case30-0062,case30,21260863,30,20,193.40914077884952,True,0.9619585582909296,103.40096428221625,,ACCEPT,,REJECT_INCONSISTENT,identity_equivalence_unproven,0.0
public-case30-0063,case30,21260864,30,20,195.89763439225592,True,0.9574821643643182,117.29600283782374,,ACCEPT,,REJECT_INCONSISTENT,identity_equivalence_unproven,0.0
public-case30-0064,case30,21260865,30,20,185.4149019474615,True,0.9614504809006436,112.135942849922,,ACCEPT,,REJECT_INCONSISTENT,identity_equivalence_unproven,0.0
public-case30-0065,case30,21260866,30,20,188.93430287390967,True,0.9620123202803056,99.29124789415908,,ACCEPT,,REJECT_INCONSISTENT,identity_equivalence_unproven,0.0
public-case30-0066,case30,21260867,30,20,189.13351650980272,True,0.9556249717532749,133.98608245456737,,ACCEPT,,REJECT_INCONSISTENT,identity_equivalence_unproven,0.0
public-case30-0067,case30,21260868,30,20,189.07008301511567,True,0.9645607625813862,94.71150142872754,,ACCEPT,,REJECT_INCONSISTENT,identity_equivalence_unproven,0.0
public-case30-0068,case30,21260869,30,20,197.86593836753363,True,0.9558963770262076,129.49635331108047,,ACCEPT,,REJECT_INCONSISTENT,identity_equivalence_unproven,0.0
public-case30-0069,case30,21260870,30,20,192.27036725239515,True,0.9575902408980856,119.9686509718879,,ACCEPT,,REJECT_INCONSISTENT,identity_equivalence_unproven,0.0
public-case30-0070,case30,21260871,30,20,185.2313088083318,True,0.9650684792888382,98.58697099054854,,ACCEPT,,REJECT_INCONSISTENT,identity_equivalence_unproven,0.0
public-case30-0071,case30,21260872,30,20,186.5933993901142,True,0.958840217138353,118.2306992197876,,ACCEPT,,REJECT_INCONSISTENT,identity_equivalence_unproven,0.0
public-case30-0072,case30,21260873,30,20,190.5605413535726,True,0.9612862839763304,108.19380307757314,,ACCEPT,,REJECT_INCONSISTENT,identity_equivalence_unproven,0.0
public-case30-0073,case30,21260874,30,20,180.54505502823537,True,0.9614970644501514,114.74554966413699,,ACCEPT,,REJECT_INCONSISTENT,identity_equivalence_unproven,0.0
public-case30-0074,case30,21260875,30,20,184.05390070323907,True,0.9621741859696198,103.88822308045049,,ACCEPT,,REJECT_INCONSISTENT,identity_equivalence_unproven,0.0
public-case30-0075,case30,21260876,30,20,199.95904726580372,True,0.9567044135499732,123.79852151367383,,ACCEPT,,REJECT_INCONSISTENT,identity_equivalence_unproven,0.0
public-case30-0076,case30,21260877,30,20,197.1822117296028,True,0.9569595762564176,120.17681823414308,,ACCEPT,,REJECT_INCONSISTENT,identity_equivalence_unproven,0.0
public-case30-0077,case30,21260878,30,20,186.46061677240485,True,0.9633918906258874,100.70751565909876,,ACCEPT,,REJECT_INCONSISTENT,identity_equivalence_unproven,0.0
public-case30-0078,case30,21260879,30,20,204.10521946268088,True,0.9535718717963049,131.85989838501504,,ACCEPT,,REJECT_INCONSISTENT,identity_equivalence_unproven,0.0
public-case30-0079,case30,21260880,30,20,193.42073457089487,True,0.9578522511635109,118.19512065355941,,ACCEPT,,REJECT_INCONSISTENT,identity_equivalence_unproven,0.0
public-case30-0080,case30,21260881,30,20,195.61653638782005,True,0.9611516062167285,102.6857228687364,,ACCEPT,,REJECT_INCONSISTENT,identity_equivalence_unproven,0.0
public-case30-0081,case30,21260882,30,20,196.9595077507101,True,0.9578327301118995,122.80194528321886,,ACCEPT,,REJECT_INCONSISTENT,identity_equivalence_unproven,0.0
public-case30-0082,case30,21260883,30,20,190.5882577011302,True,0.9652724032383614,98.84802347886176,,ACCEPT,,REJECT_INCONSISTENT,identity_equivalence_unproven,0.0
public-case30-0083,case30,21260884,30,20,197.05322654581602,True,0.9555048963953514,132.5091182086353,,ACCEPT,,REJECT_INCONSISTENT,identity_equivalence_unproven,0.0
public-case30-0084,case30,21260885,30,20,190.26823885631066,True,0.965747748929091,101.53393072719714,,ACCEPT,,REJECT_INCONSISTENT,identity_equivalence_unproven,0.0
public-case30-0085,case30,21260886,30,20,187.2281814599008,True,0.9606173496752487,114.84469684218459,,ACCEPT,,REJECT_INCONSISTENT,identity_equivalence_unproven,0.0
public-case30-0086,case30,21260887,30,20,195.20407840467794,True,0.9557089638810771,130.825541001005,,ACCEPT,,REJECT_INCONSISTENT,identity_equivalence_unproven,0.0
public-case30-0087,case30,21260888,30,20,182.4541477697832,True,0.9583307916004198,124.49311961777983,,ACCEPT,,REJECT_INCONSISTENT,identity_equivalence_unproven,0.0
public-case30-0088,case30,21260889,30,20,197.028311211324,True,0.9571386750723029,125.09779435052641,,ACCEPT,,REJECT_INCONSISTENT,identity_equivalence_unproven,0.0
public-case30-0089,case30,21260890,30,20,198.75009329238046,True,0.9556937157526293,128.49811717175237,,ACCEPT,,REJECT_INCONSISTENT,identity_equivalence_unproven,0.0
public-case30-0090,case30,21260891,30,20,188.92020431912647,True,0.9601197125508464,109.01883480061265,,ACCEPT,,REJECT_INCONSISTENT,identity_equivalence_unproven,0.0
public-case30-0091,case30,21260892,30,20,184.70992464645025,True,0.9647300578197361,97.51919699616096,,ACCEPT,,REJECT_INCONSISTENT,identity_equivalence_unproven,0.0
public-case30-0092,case30,21260893,30,20,187.67552205294314,True,0.9625487146553096,110.33140247129198,,ACCEPT,,REJECT_INCONSISTENT,identity_equivalence_unproven,0.0
public-case30-0093,case30,21260894,30,20,182.10791533088508,True,0.9673114462134459,95.71884162562944,,ACCEPT,,REJECT_INCONSISTENT,identity_equivalence_unproven,0.0
public-case30-0094,case30,21260895,30,20,191.157384882321,True,0.9563896677095324,131.43945541485772,,ACCEPT,,REJECT_INCONSISTENT,identity_equivalence_unproven,0.0
public-case30-0095,case30,21260896,30,20,189.7876802351892,True,0.9596388772709828,112.58015842166475,,ACCEPT,,REJECT_INCONSISTENT,identity_equivalence_unproven,0.0
public-case30-0096,case30,21260897,30,20,190.97538673656092,True,0.9620273970302446,107.4069808391536,,ACCEPT,,REJECT_INCONSISTENT,identity_equivalence_unproven,0.0
public-case30-0097,case30,21260898,30,20,189.33943350150847,True,0.9623822366870036,100.25539038877234,,ACCEPT,,REJECT_INCONSISTENT,identity_equivalence_unproven,0.0
public-case30-0098,case30,21260899,30,20,180.9375203292271,True,0.9645640338896702,99.69482721990566,,ACCEPT,,REJECT_INCONSISTENT,identity_equivalence_unproven,0.0
public-case30-0099,case30,21260900,30,20,190.96168129192526,True,0.9602578590617094,112.4380153098371,,ACCEPT,,REJECT_INCONSISTENT,identity_equivalence_unproven,0.0
public-case30-0100,case30,21260901,30,20,197.6333929692807,True,0.9527866068542212,134.99440927379206,,ACCEPT,,REJECT_INCONSISTENT,identity_equivalence_unproven,0.0
public-case30-0101,case30,21260902,30,20,177.93647938715912,True,0.9670307909877153,97.38928145793201,,ACCEPT,,REJECT_INCONSISTENT,identity_equivalence_unproven,0.0
public-case30-0102,case30,21260903,30,20,191.0198250997519,True,0.9622055526887753,107.564500262489,,ACCEPT,,REJECT_INCONSISTENT,identity_equivalence_unproven,0.0
public-case30-0103,case30,21260904,30,20,180.7403907758735,True,0.9571011476998255,134.7411359943028,,ACCEPT,,REJECT_INCONSISTENT,identity_equivalence_unproven,0.0
public-case30-0104,case30,21260905,30,20,193.70181411589593,True,0.9585794197751868,115.88097905098272,,ACCEPT,,REJECT_INCONSISTENT,identity_equivalence_unproven,0.0
public-case30-0105,case30,21260906,30,20,195.6424205875409,True,0.9571264800615145,125.19769204818958,,ACCEPT,,REJECT_INCONSISTENT,identity_equivalence_unproven,0.0
public-case30-0106,case30,21260907,30,20,179.24503242399481,True,0.9650662074259523,98.10886112288374,,ACCEPT,,REJECT_INCONSISTENT,identity_equivalence_unproven,0.0
public-case30-0107,case30,21260908,30,20,187.62049175832522,True,0.9575383644299922,129.89604243426095,,ACCEPT,,REJECT_INCONSISTENT,identity_equivalence_unproven,0.0
public-case30-0108,case30,21260909,30,20,197.02774314209952,True,0.9540237525667224,134.48212903747284,,ACCEPT,,REJECT_INCONSISTENT,identity_equivalence_unproven,0.0
public-case30-0109,case30,21260910,30,20,183.98238253045008,True,0.9615842840839607,109.54191961663464,,ACCEPT,,REJECT_INCONSISTENT,identity_equivalence_unproven,0.0
public-case30-0110,case30,21260911,30,20,184.50541219450136,True,0.9675275239254935,100.84331791820253,,ACCEPT,,REJECT_INCONSISTENT,identity_equivalence_unproven,0.0
public-case30-0111,case30,21260912,30,20,191.21643176151707,True,0.9589790106289505,115.44827961328284,,ACCEPT,,REJECT_INCONSISTENT,identity_equivalence_unproven,0.0
public-case30-0112,case30,21260913,30,20,193.1733702271059,True,0.9555763103827218,132.91638846921063,,ACCEPT,,REJECT_INCONSISTENT,identity_equivalence_unproven,0.0
public-case30-0113,case30,21260914,30,20,195.79715634510865,True,0.9548596595934458,127.67577376592114,,ACCEPT,,REJECT_INCONSISTENT,identity_equivalence_unproven,0.0
public-case30-0114,case30,21260915,30,20,186.50291466381177,True,0.9641477256302545,97.92034333324027,,ACCEPT,,REJECT_INCONSISTENT,identity_equivalence_unproven,0.0
public-case30-0115,case30,21260916,30,20,189.22165115273333,True,0.9611085604857856,109.671588886543,,ACCEPT,,REJECT_INCONSISTENT,identity_equivalence_unproven,0.0
public-case30-0116,case30,21260917,30,20,186.77780097460112,True,0.9606316449467086,109.34765583601798,,ACCEPT,,REJECT_INCONSISTENT,identity_equivalence_unproven,0.0
public-case30-0117,case30,21260918,30,20,193.4310465233885,True,0.9561712838875334,126.20756277664817,,ACCEPT,,REJECT_INCONSISTENT,identity_equivalence_unproven,0.0
public-case30-0118,case30,21260919,30,20,191.19765749021383,True,0.954983011559285,134.83269572520157,,ACCEPT,,REJECT_INCONSISTENT,identity_equivalence_unproven,0.0
public-case30-0119,case30,21260920,30,20,190.26983534143392,True,0.9580638981708934,123.72432271367894,,ACCEPT,,REJECT_INCONSISTENT,identity_equivalence_unproven,0.0
public-case30-0120,case30,21260921,30,20,192.6700084112942,True,0.9600541518364397,114.00218802619099,,ACCEPT,,REJECT_INCONSISTENT,identity_equivalence_unproven,0.0
public-case30-0121,case30,21260922,30,20,194.15062145413305,True,0.9550164632649742,133.23466463322086,,ACCEPT,,REJECT_INCONSISTENT,identity_equivalence_unproven,0.0
public-case30-0122,case30,21260923,30,20,184.0947449997868,True,0.9652959746081239,100.08980045019815,,ACCEPT,,REJECT_INCONSISTENT,identity_equivalence_unproven,0.0
public-case30-0123,case30,21260924,30,20,182.08197088104674,True,0.9634926679927613,90.85076767889409,,ACCEPT,,REJECT_INCONSISTENT,identity_equivalence_unproven,0.0
public-case30-0124,case30,21260925,30,20,190.3025435918954,True,0.9622210604108675,100.24761417508925,,ACCEPT,,REJECT_INCONSISTENT,identity_equivalence_unproven,0.0
public-case30-0125,case30,21260926,30,20,186.52500889922348,True,0.9583110075007131,122.24153564260396,,ACCEPT,,REJECT_INCONSISTENT,identity_equivalence_unproven,0.0
public-case30-0126,case30,21260927,30,20,195.34784972503743,True,0.9547504852205196,128.62142589488568,,ACCEPT,,REJECT_INCONSISTENT,identity_equivalence_unproven,0.0
public-case30-0127,case30,21260928,30,20,191.85319249941338,True,0.9617881118236702,109.88424459101516,,ACCEPT,,REJECT_INCONSISTENT,identity_equivalence_unproven,0.0
public-case30-0128,case30,21260929,30,20,191.04641509978688,True,0.955476142861005,135.69450830211883,,ACCEPT,,REJECT_INCONSISTENT,identity_equivalence_unproven,0.0
public-case30-0129,case30,21260930,30,20,194.36678844170365,True,0.9561730730164019,128.55481239524528,,ACCEPT,,REJECT_INCONSISTENT,identity_equivalence_unproven,0.0
public-case30-0130,case30,21260931,30,20,190.55714588433995,True,0.9605417002437985,115.57986584401947,,ACCEPT,,REJECT_INCONSISTENT,identity_equivalence_unproven,0.0
public-case30-0131,case30,21260932,30,20,197.0242446634259,True,0.9553059534035652,133.3917302355278,,ACCEPT,,REJECT_INCONSISTENT,identity_equivalence_unproven,0.0
public-case30-0132,case30,21260933,30,20,185.9844094520712,True,0.9631676402684545,97.51780031500962,,ACCEPT,,REJECT_INCONSISTENT,identity_equivalence_unproven,0.0
public-case30-0133,case30,21260934,30,20,180.68190479044247,True,0.9647061196725308,98.26761097458647,,ACCEPT,,REJECT_INCONSISTENT,identity_equivalence_unproven,0.0
public-case30-0134,case30,21260935,30,20,195.8601953600979,True,0.957461235319164,121.19489112450962,,ACCEPT,,REJECT_INCONSISTENT,identity_equivalence_unproven,0.0
public-case30-0135,case30,21260936,30,20,190.20513305297624,True,0.9625457288219149,108.04010041214156,,ACCEPT,,REJECT_INCONSISTENT,identity_equivalence_unproven,0.0
public-case30-0136,case30,21260937,30,20,193.88049389444453,True,0.9576412701203435,121.30622398096574,,ACCEPT,,REJECT_INCONSISTENT,identity_equivalence_unproven,0.0
public-case30-0137,case30,21260938,30,20,192.44128495756812,True,0.9634361785949025,98.33517364607476,,ACCEPT,,REJECT_INCONSISTENT,identity_equivalence_unproven,0.0
public-case30-0138,case30,21260939,30,20,193.07877366158448,True,0.9587226834066468,119.2599405168097,,ACCEPT,,REJECT_INCONSISTENT,identity_equivalence_unproven,0.0
public-case30-0139,case30,21260940,30,20,194.35243065981172,True,0.9537322921646981,135.26275545299978,,ACCEPT,,REJECT_INCONSISTENT,identity_equivalence_unproven,0.0
public-case30-0140,case30,21260941,30,20,186.29907876087094,True,0.9549049029424156,135.17020417335024,,ACCEPT,,REJECT_INCONSISTENT,identity_equivalence_unproven,0.0
public-case30-0141,case30,21260942,30,20,177.32605976128193,True,0.9643215000849094,101.59957310243581,,ACCEPT,,REJECT_INCONSISTENT,identity_equivalence_unproven,0.0
public-case30-0142,case30,21260943,30,20,184.1998557819743,True,0.9631230787976215,105.00132950931831,,ACCEPT,,REJECT_INCONSISTENT,identity_equivalence_unproven,0.0
public-case30-0143,case30,21260944,30,20,191.5910675337065,True,0.9623620316545963,106.57938285485827,,ACCEPT,,REJECT_INCONSISTENT,identity_equivalence_unproven,0.0
public-case30-0144,case30,21260945,30,20,185.5278525479396,True,0.9626633139218262,106.3605648827287,,ACCEPT,,REJECT_INCONSISTENT,identity_equivalence_unproven,0.0
public-case30-0145,case30,21260946,30,20,188.33160650343527,True,0.9592344640327771,117.4026546898396,,ACCEPT,,REJECT_INCONSISTENT,identity_equivalence_unproven,0.0
public-case30-0146,case30,21260947,30,20,194.5922850731761,True,0.9554017459373886,130.29626025407237,,ACCEPT,,REJECT_INCONSISTENT,identity_equivalence_unproven,0.0
public-case30-0147,case30,21260948,30,20,197.55399267391203,True,0.9541380988166633,133.1937257208171,,ACCEPT,,REJECT_INCONSISTENT,identity_equivalence_unproven,0.0
public-case30-0148,case30,21260949,30,20,194.5947380805701,True,0.9549421958689289,132.17752409537698,,ACCEPT,,REJECT_INCONSISTENT,identity_equivalence_unproven,0.0
public-case30-0149,case30,21260950,30,20,191.8579861035382,True,0.9578127856624055,120.5132633350336,,ACCEPT,,REJECT_INCONSISTENT,identity_equivalence_unproven,0.0
public-case30-0150,case30,21260951,30,20,182.87202044076477,True,0.9627193868256944,103.65260287759972,,ACCEPT,,REJECT_INCONSISTENT,identity_equivalence_unproven,0.0
public-case30-0151,case30,21260952,30,20,196.66496586747743,True,0.9578585458136497,120.44830951839485,,ACCEPT,,REJECT_INCONSISTENT,identity_equivalence_unproven,0.0
public-case30-0152,case30,21260953,30,20,187.37661122594366,True,0.9615921235252249,104.16061632742297,,ACCEPT,,REJECT_INCONSISTENT,identity_equivalence_unproven,0.0
public-case30-0153,case30,21260954,30,20,187.53576670314843,True,0.9626649647528882,105.17860617152613,,ACCEPT,,REJECT_INCONSISTENT,identity_equivalence_unproven,0.0
public-case30-0154,case30,21260955,30,20,188.8081179651146,True,0.9556626085223996,134.89453657409237,,ACCEPT,,REJECT_INCONSISTENT,identity_equivalence_unproven,0.0
public-case30-0155,case30,21260956,30,20,188.51573586109762,True,0.9608403844361553,106.07224177943482,,ACCEPT,,REJECT_INCONSISTENT,identity_equivalence_unproven,0.0
public-case30-0156,case30,21260957,30,20,200.26340547282268,True,0.9536679298978853,136.34891096237638,,ACCEPT,,REJECT_INCONSISTENT,identity_equivalence_unproven,0.0
public-case30-0157,case30,21260958,30,20,200.76680989817447,True,0.9548599509270495,130.80388925990644,,ACCEPT,,REJECT_INCONSISTENT,identity_equivalence_unproven,0.0
public-case30-0158,case30,21260959,30,20,196.97393514393042,True,0.9539230497501751,136.2205264482537,,ACCEPT,,REJECT_INCONSISTENT,identity_equivalence_unproven,0.0
public-case30-0159,case30,21260960,30,20,180.50819452603315,True,0.9641904062649991,95.70532391342333,,ACCEPT,,REJECT_INCONSISTENT,identity_equivalence_unproven,0.0
public-case30-0160,case30,21260961,30,20,186.28274014731554,True,0.962577980296043,99.91164934270532,,ACCEPT,,REJECT_INCONSISTENT,identity_equivalence_unproven,0.0
public-case30-0161,case30,21260962,30,20,175.8077737363838,True,0.9649901650371073,89.02552059941398,,ACCEPT,,REJECT_INCONSISTENT,identity_equivalence_unproven,0.0
public-case30-0162,case30,21260963,30,20,193.78779668743317,True,0.9626203159514171,101.42816460448311,,ACCEPT,,REJECT_INCONSISTENT,identity_equivalence_unproven,0.0
public-case30-0163,case30,21260964,30,20,176.41325155226997,True,0.9660750049424074,92.2586681393512,,ACCEPT,,REJECT_INCONSISTENT,identity_equivalence_unproven,0.0
public-case30-0164,case30,21260965,30,20,190.35316454632084,True,0.9555231760835483,135.36239727146432,,ACCEPT,,REJECT_INCONSISTENT,identity_equivalence_unproven,0.0
public-case30-0165,case30,21260966,30,20,186.1073241113447,True,0.9612865004830159,113.63416130961974,,ACCEPT,,REJECT_INCONSISTENT,identity_equivalence_unproven,0.0
public-case30-0166,case30,21260967,30,20,192.2851707728365,True,0.9568271322170926,126.08706029327786,,ACCEPT,,REJECT_INCONSISTENT,identity_equivalence_unproven,0.0
public-case30-0167,case30,21260968,30,20,208.45151957404556,True,0.952308053030369,134.12845202693512,,ACCEPT,,REJECT_INCONSISTENT,identity_equivalence_unproven,0.0
public-case30-0168,case30,21260969,30,20,198.87490941207156,True,0.9620293529937362,103.06401681790305,,ACCEPT,,REJECT_INCONSISTENT,identity_equivalence_unproven,0.0
public-case30-0169,case30,21260970,30,20,185.1283277641668,True,0.9620216167179678,112.72241231344735,,ACCEPT,,REJECT_INCONSISTENT,identity_equivalence_unproven,0.0
public-case30-0170,case30,21260971,30,20,195.06847923283763,True,0.955924759308288,128.16215630163322,,ACCEPT,,REJECT_INCONSISTENT,identity_equivalence_unproven,0.0
public-case30-0171,case30,21260972,30,20,184.6116045147189,True,0.9666954980144615,89.84563903182027,,ACCEPT,,REJECT_INCONSISTENT,identity_equivalence_unproven,0.0
public-case30-0172,case30,21260973,30,20,194.0116574455618,True,0.9570352604134533,125.22139163607133,,ACCEPT,,REJECT_INCONSISTENT,identity_equivalence_unproven,0.0
public-case30-0173,case30,21260974,30,20,188.4284910393349,True,0.9560385382570155,131.97054802394143,,ACCEPT,,REJECT_INCONSISTENT,identity_equivalence_unproven,0.0
public-case30-0174,case30,21260975,30,20,184.7094047891521,True,0.9629176993780404,102.02129903209236,,ACCEPT,,REJECT_INCONSISTENT,identity_equivalence_unproven,0.0
public-case30-0175,case30,21260976,30,20,186.33138235811396,True,0.9636557630983508,96.36507614446678,,ACCEPT,,REJECT_INCONSISTENT,identity_equivalence_unproven,0.0
public-case30-0176,case30,21260977,30,20,194.88000299418113,True,0.9570761740863019,127.84188315826232,,ACCEPT,,REJECT_INCONSISTENT,identity_equivalence_unproven,0.0
public-case30-0177,case30,21260978,30,20,188.6667697074768,True,0.9581358957686674,121.82827601763249,,ACCEPT,,REJECT_INCONSISTENT,identity_equivalence_unproven,0.0
public-case30-0178,case30,21260979,30,20,195.24347673698068,True,0.9600479406111098,112.16008426399684,,ACCEPT,,REJECT_INCONSISTENT,identity_equivalence_unproven,0.0
public-case30-0179,case30,21260980,30,20,191.7458018052361,True,0.9548600785259662,132.63927809702292,,ACCEPT,,REJECT_INCONSISTENT,identity_equivalence_unproven,0.0
public-case30-0180,case30,21260981,30,20,183.16074869002475,True,0.9625753960539591,109.63592935413328,,ACCEPT,,REJECT_INCONSISTENT,identity_equivalence_unproven,0.0
public-case30-0181,case30,21260982,30,20,196.5573878715687,True,0.9555340984846088,131.51369354590003,,ACCEPT,,REJECT_INCONSISTENT,identity_equivalence_unproven,0.0
public-case30-0182,case30,21260983,30,20,190.34054082093635,True,0.9639192003421296,97.14765400058934,,ACCEPT,,REJECT_INCONSISTENT,identity_equivalence_unproven,0.0
public-case30-0183,case30,21260984,30,20,192.7524802580898,True,0.9591045365522507,113.43374921578014,,ACCEPT,,REJECT_INCONSISTENT,identity_equivalence_unproven,0.0
public-case30-0184,case30,21260985,30,20,183.95479116253793,True,0.9632108013052357,101.15320952253208,,ACCEPT,,REJECT_INCONSISTENT,identity_equivalence_unproven,0.0
public-case30-0185,case30,21260986,30,20,189.65785772361838,True,0.9579433587328939,125.30347954072958,,ACCEPT,,REJECT_INCONSISTENT,identity_equivalence_unproven,0.0
public-case30-0186,case30,21260987,30,20,181.00043346799725,True,0.9616846322943476,112.40154060811605,,ACCEPT,,REJECT_INCONSISTENT,identity_equivalence_unproven,0.0
public-case30-0187,case30,21260988,30,20,184.8962213204367,True,0.955849730789154,134.14375957083396,,ACCEPT,,REJECT_INCONSISTENT,identity_equivalence_unproven,0.0
public-case30-0188,case30,21260989,30,20,186.69492336862677,True,0.9655993874474572,91.69994879840915,,ACCEPT,,REJECT_INCONSISTENT,identity_equivalence_unproven,0.0
public-case30-0189,case30,21260990,30,20,184.2481425822053,True,0.9658535901187358,96.71247791125485,,ACCEPT,,REJECT_INCONSISTENT,identity_equivalence_unproven,0.0
public-case30-0190,case30,21260991,30,20,187.9833296190295,True,0.9625251150719057,101.49462647380587,,ACCEPT,,REJECT_INCONSISTENT,identity_equivalence_unproven,0.0
public-case30-0191,case30,21260992,30,20,190.39911374214773,True,0.9640160722628554,97.14784035716855,,ACCEPT,,REJECT_INCONSISTENT,identity_equivalence_unproven,0.0
public-case30-0192,case30,21260993,30,20,183.360892085994,True,0.9640035017930768,105.00191282468374,,ACCEPT,,REJECT_INCONSISTENT,identity_equivalence_unproven,0.0
public-case30-0193,case30,21260994,30,20,191.23190473984138,True,0.9579911561413612,124.58433110276465,,ACCEPT,,REJECT_INCONSISTENT,identity_equivalence_unproven,0.0
public-case30-0194,case30,21260995,30,20,184.51677340087002,True,0.9623336651984974,107.485149903495,,ACCEPT,,REJECT_INCONSISTENT,identity_equivalence_unproven,0.0
public-case30-0195,case30,21260996,30,20,188.59369471961847,True,0.9640331237293424,89.40185986394413,,ACCEPT,,REJECT_INCONSISTENT,identity_equivalence_unproven,0.0
public-case30-0196,case30,21260997,30,20,189.66212329878778,True,0.964069825730222,93.73631949394999,,ACCEPT,,REJECT_INCONSISTENT,identity_equivalence_unproven,0.0
public-case30-0197,case30,21260998,30,20,186.28998973758738,True,0.9642519438747642,99.38297260635477,,ACCEPT,,REJECT_INCONSISTENT,identity_equivalence_unproven,0.0
public-case30-0198,case30,21260999,30,20,200.79171442862085,True,0.9536184552692218,131.64880711640893,,ACCEPT,,REJECT_INCONSISTENT,identity_equivalence_unproven,0.0
public-case30-0199,case30,21261000,30,20,191.36759286936848,True,0.962509270896711,101.7598860323445,,ACCEPT,,REJECT_INCONSISTENT,identity_equivalence_unproven,0.0
public-case30-0200,case30,21261001,30,20,195.59349701866333,True,0.9596948818455083,109.84225781646944,,ACCEPT,,REJECT_INCONSISTENT,identity_equivalence_unproven,0.0
public-case30-0201,case30,21261002,30,20,183.6395378325692,True,0.9617409032602448,107.54401283280394,,ACCEPT,,REJECT_INCONSISTENT,identity_equivalence_unproven,0.0
public-case30-0202,case30,21261003,30,20,195.11486297968327,True,0.9549497785552735,131.46743903949948,,ACCEPT,,REJECT_INCONSISTENT,identity_equivalence_unproven,0.0
public-case30-0203,case30,21261004,30,20,191.74925743290535,True,0.9642967892296217,97.97190781722071,,ACCEPT,,REJECT_INCONSISTENT,identity_equivalence_unproven,0.0
public-case30-0204,case30,21261005,30,20,189.59016235480314,True,0.9598690880258974,115.05743637364898,,ACCEPT,,REJECT_INCONSISTENT,identity_equivalence_unproven,0.0
public-case30-0205,case30,21261006,30,20,184.8948292185795,True,0.9579946662699014,122.18607569280331,,ACCEPT,,REJECT_INCONSISTENT,identity_equivalence_unproven,0.0
public-case30-0206,case30,21261007,30,20,194.6159002608831,True,0.9598692335785651,112.54800788432692,,ACCEPT,,REJECT_INCONSISTENT,identity_equivalence_unproven,0.0
public-case30-0207,case30,21261008,30,20,190.7704382428823,True,0.9597286622402488,118.14955809811,,ACCEPT,,REJECT_INCONSISTENT,identity_equivalence_unproven,0.0
public-case30-0208,case30,21261009,30,20,187.49135617926444,True,0.9593394897518126,115.87348424191207,,ACCEPT,,REJECT_INCONSISTENT,identity_equivalence_unproven,0.0
public-case30-0209,case30,21261010,30,20,187.3360256470848,True,0.9640543097605303,102.16659375394579,,ACCEPT,,REJECT_INCONSISTENT,identity_equivalence_unproven,0.0
public-case30-0210,case30,21261011,30,20,192.98697586661294,True,0.9541776199753238,134.06355407053226,,ACCEPT,,REJECT_INCONSISTENT,identity_equivalence_unproven,0.0
public-case30-0211,case30,21261012,30,20,184.84562819701057,True,0.9635997054813819,101.05656701648054,,ACCEPT,,REJECT_INCONSISTENT,identity_equivalence_unproven,0.0
public-case30-0212,case30,21261013,30,20,192.94120677468595,True,0.9549364303684152,129.44562701290835,,ACCEPT,,REJECT_INCONSISTENT,identity_equivalence_unproven,0.0
public-case30-0213,case30,21261014,30,20,200.58785770105555,True,0.9536949806637223,134.525139033592,,ACCEPT,,REJECT_INCONSISTENT,identity_equivalence_unproven,0.0
public-case30-0214,case30,21261015,30,20,180.4715758305385,True,0.9603467816185512,119.5333154952588,,ACCEPT,,REJECT_INCONSISTENT,identity_equivalence_unproven,0.0
public-case30-0215,case30,21261016,30,20,185.16643077894406,True,0.9595968123505354,118.59622906625818,,ACCEPT,,REJECT_INCONSISTENT,identity_equivalence_unproven,0.0
public-case30-0216,case30,21261017,30,20,192.38757826994745,True,0.9599291002158418,108.57741631401714,,ACCEPT,,REJECT_INCONSISTENT,identity_equivalence_unproven,0.0
public-case30-0217,case30,21261018,30,20,193.8073834529679,True,0.9576978651079345,117.04218305847571,,ACCEPT,,REJECT_INCONSISTENT,identity_equivalence_unproven,0.0
public-case30-0218,case30,21261019,30,20,186.74535286943245,True,0.9619475791826252,106.22269063419296,,ACCEPT,,REJECT_INCONSISTENT,identity_equivalence_unproven,0.0
public-case30-0219,case30,21261020,30,20,187.8943588277556,True,0.9620343190017506,98.15948268909843,,ACCEPT,,REJECT_INCONSISTENT,identity_equivalence_unproven,0.0
public-case30-0220,case30,21261021,30,20,190.06037522701118,True,0.9632972264119184,97.84005264044625,,ACCEPT,,REJECT_INCONSISTENT,identity_equivalence_unproven,0.0
public-case30-0221,case30,21261022,30,20,200.5688014625016,True,0.957144488986222,121.77191422257492,,ACCEPT,,REJECT_INCONSISTENT,identity_equivalence_unproven,0.0
public-case30-0222,case30,21261023,30,20,195.99577816678058,True,0.9618542448931084,102.80740385932361,,ACCEPT,,REJECT_INCONSISTENT,identity_equivalence_unproven,0.0
public-case30-0223,case30,21261024,30,20,196.72966983160444,True,0.9592680922785142,114.9752122126382,,ACCEPT,,REJECT_INCONSISTENT,identity_equivalence_unproven,0.0
public-case30-0224,case30,21261025,30,20,196.05064153316135,True,0.9558329594666797,131.49305561472283,,ACCEPT,,REJECT_INCONSISTENT,identity_equivalence_unproven,0.0
public-case30-0225,case30,21261026,30,20,184.17646780114498,True,0.9638710136016919,98.76652897180533,,ACCEPT,,REJECT_INCONSISTENT,identity_equivalence_unproven,0.0
public-case30-0226,case30,21261027,30,20,178.8490974213612,True,0.9652179855672598,95.77280580531519,,ACCEPT,,REJECT_INCONSISTENT,identity_equivalence_unproven,0.0
public-case30-0227,case30,21261028,30,20,187.24701437561455,True,0.9623637301425555,99.25083707357054,,ACCEPT,,REJECT_INCONSISTENT,identity_equivalence_unproven,0.0
public-case30-0228,case30,21261029,30,20,186.94729929882,True,0.9631300434832184,102.68326345054564,,ACCEPT,,REJECT_INCONSISTENT,identity_equivalence_unproven,0.0
public-case30-0229,case30,21261030,30,20,192.71521943473263,True,0.9599503316443775,118.58141904594446,,ACCEPT,,REJECT_INCONSISTENT,identity_equivalence_unproven,0.0
public-case30-0230,case30,21261031,30,20,195.41653643391692,True,0.9549121223954317,133.9978462681304,,ACCEPT,,REJECT_INCONSISTENT,identity_equivalence_unproven,0.0
public-case30-0231,case30,21261032,30,20,191.3262335883391,True,0.9622978803422789,103.37526693558097,,ACCEPT,,REJECT_INCONSISTENT,identity_equivalence_unproven,0.0
public-case30-0232,case30,21261033,30,20,180.42680157320282,True,0.9623537487416753,111.17766808406971,,ACCEPT,,REJECT_INCONSISTENT,identity_equivalence_unproven,0.0
public-case30-0233,case30,21261034,30,20,187.76889710448606,True,0.9642981049065039,91.80284396608427,,ACCEPT,,REJECT_INCONSISTENT,identity_equivalence_unproven,0.0
public-case30-0234,case30,21261035,30,20,182.0091866561206,True,0.9638204122489884,101.61645731190765,,ACCEPT,,REJECT_INCONSISTENT,identity_equivalence_unproven,0.0
public-case30-0235,case30,21261036,30,20,185.90546304382235,True,0.9571133804117594,130.16665137194218,,ACCEPT,,REJECT_INCONSISTENT,identity_equivalence_unproven,0.0
public-case30-0236,case30,21261037,30,20,189.98847677907486,True,0.9562489188342428,129.2545114784316,,ACCEPT,,REJECT_INCONSISTENT,identity_equivalence_unproven,0.0
public-case30-0237,case30,21261038,30,20,185.0651246423389,True,0.9599784100432938,117.69097653790863,,ACCEPT,,REJECT_INCONSISTENT,identity_equivalence_unproven,0.0
public-case30-0238,case30,21261039,30,20,188.586916846575,True,0.9614093694866955,107.98722635443745,,ACCEPT,,REJECT_INCONSISTENT,identity_equivalence_unproven,0.0
public-case30-0239,case30,21261040,30,20,182.53916676845904,True,0.9625011915038196,104.60210739074829,,ACCEPT,,REJECT_INCONSISTENT,identity_equivalence_unproven,0.0
public-case30-0240,case30,21261041,30,20,199.32690113806535,True,0.9560104886023718,124.88037790890816,,ACCEPT,,REJECT_INCONSISTENT,identity_equivalence_unproven,0.0
public-case30-0241,case30,21261042,30,20,186.17466823349403,True,0.9647324834488459,98.52178757994713,,ACCEPT,,REJECT_INCONSISTENT,identity_equivalence_unproven,0.0
public-case30-0242,case30,21261043,30,20,190.19890307112348,True,0.9629693049052643,103.20503954467976,,ACCEPT,,REJECT_INCONSISTENT,identity_equivalence_unproven,0.0
public-case30-0243,case30,21261044,30,20,184.72628090362016,True,0.9617881262612347,114.63768056357317,,ACCEPT,,REJECT_INCONSISTENT,identity_equivalence_unproven,0.0
public-case30-0244,case30,21261045,30,20,174.5278065935705,True,0.9659129372331337,94.69449581538358,,ACCEPT,,REJECT_INCONSISTENT,identity_equivalence_unproven,0.0
public-case30-0245,case30,21261046,30,20,180.27732287577643,True,0.9649215526144888,98.23509013534418,,ACCEPT,,REJECT_INCONSISTENT,identity_equivalence_unproven,0.0
public-case30-0246,case30,21261047,30,20,197.72058877686513,True,0.9557064843022584,128.1379343853446,,ACCEPT,,REJECT_INCONSISTENT,identity_equivalence_unproven,0.0
public-case30-0247,case30,21261048,30,20,183.93693811585402,True,0.9613860539081465,110.04797916021192,,ACCEPT,,REJECT_INCONSISTENT,identity_equivalence_unproven,0.0
public-case30-0248,case30,21261049,30,20,188.73579968998627,True,0.9586492929161484,123.62278416321921,,ACCEPT,,REJECT_INCONSISTENT,identity_equivalence_unproven,0.0
public-case30-0249,case30,21261050,30,20,190.7990408724709,True,0.957881910768178,119.9988361008953,,ACCEPT,,REJECT_INCONSISTENT,identity_equivalence_unproven,0.0
public-case30-0250,case30,21261051,30,20,194.2564006762093,True,0.961085829498436,104.41533777593052,,ACCEPT,,REJECT_INCONSISTENT,identity_equivalence_unproven,0.0
public-case30-0251,case30,21261052,30,20,191.25604592648946,True,0.9552050520987609,130.70503461262285,,ACCEPT,,REJECT_INCONSISTENT,identity_equivalence_unproven,0.0
public-case30-0252,case30,21261053,30,20,179.69567350148512,True,0.9640234316716538,104.63278391706177,,ACCEPT,,REJECT_INCONSISTENT,identity_equivalence_unproven,0.0
public-case30-0253,case30,21261054,30,20,192.1988175627468,True,0.9648578077462651,100.82642138652305,,ACCEPT,,REJECT_INCONSISTENT,identity_equivalence_unproven,0.0
public-case30-0254,case30,21261055,30,20,193.04180607880585,True,0.956853361514994,130.51026387915235,,ACCEPT,,REJECT_INCONSISTENT,identity_equivalence_unproven,0.0
public-case30-0255,case30,21261056,30,20,182.83226590281745,True,0.9646570227560604,100.84887602572188,,ACCEPT,,REJECT_INCONSISTENT,identity_equivalence_unproven,0.0
public-case30-0256,case30,21261057,30,20,193.01134251829433,True,0.9617818108462277,106.40102875869542,,ACCEPT,,REJECT_INCONSISTENT,identity_equivalence_unproven,0.0
public-case30-0257,case30,21261058,30,20,178.26728122483658,True,0.9636411276303308,98.9187839896744,,ACCEPT,,REJECT_INCONSISTENT,identity_equivalence_unproven,0.0
public-case30-0258,case30,21261059,30,20,179.8563331025976,True,0.9634688021304152,105.31233469803153,,ACCEPT,,REJECT_INCONSISTENT,identity_equivalence_unproven,0.0
public-case30-0259,case30,21261060,30,20,191.76029175665548,True,0.9646410711011024,95.5539347235657,,ACCEPT,,REJECT_INCONSISTENT,identity_equivalence_unproven,0.0
public-case30-0260,case30,21261061,30,20,190.71105001061028,True,0.9620405608474316,100.00055329972551,,ACCEPT,,REJECT_INCONSISTENT,identity_equivalence_unproven,0.0
public-case30-0261,case30,21261062,30,20,182.78356245554647,True,0.9650989843207379,98.80223295667368,,ACCEPT,,REJECT_INCONSISTENT,identity_equivalence_unproven,0.0
public-case30-0262,case30,21261063,30,20,185.92980841418472,True,0.959551626978845,115.49027380001893,,ACCEPT,,REJECT_INCONSISTENT,identity_equivalence_unproven,0.0
public-case30-0263,case30,21261064,30,20,185.96374717197025,True,0.9640066758205337,96.89539561544375,,ACCEPT,,REJECT_INCONSISTENT,identity_equivalence_unproven,0.0
public-case30-0264,case30,21261065,30,20,186.81212111907584,True,0.9663773579586254,100.34972704107759,,ACCEPT,,REJECT_INCONSISTENT,identity_equivalence_unproven,0.0
public-case30-0265,case30,21261066,30,20,182.5729157936488,True,0.9625647297444293,99.16659830419722,,ACCEPT,,REJECT_INCONSISTENT,identity_equivalence_unproven,0.0
public-case30-0266,case30,21261067,30,20,181.0545386323927,True,0.9643174645777316,90.58556600440427,,ACCEPT,,REJECT_INCONSISTENT,identity_equivalence_unproven,0.0
public-case30-0267,case30,21261068,30,20,199.33359964146834,True,0.953917154450438,132.41468932009076,,ACCEPT,,REJECT_INCONSISTENT,identity_equivalence_unproven,0.0
public-case30-0268,case30,21261069,30,20,182.3218668970691,True,0.9659474295993112,101.45897530539536,,ACCEPT,,REJECT_INCONSISTENT,identity_equivalence_unproven,0.0
public-case30-0269,case30,21261070,30,20,186.3544881720268,True,0.9620873778417294,108.8502201855161,,ACCEPT,,REJECT_INCONSISTENT,identity_equivalence_unproven,0.0
public-case30-0270,case30,21261071,30,20,188.68104382463952,True,0.9643370745350329,100.58630322335343,,ACCEPT,,REJECT_INCONSISTENT,identity_equivalence_unproven,0.0
public-case30-0271,case30,21261072,30,20,196.47727284128558,True,0.960163128533746,110.94653208766456,,ACCEPT,,REJECT_INCONSISTENT,identity_equivalence_unproven,0.0
public-case30-0272,case30,21261073,30,20,193.8010108401959,True,0.9572231149482456,121.32736238621662,,ACCEPT,,REJECT_INCONSISTENT,identity_equivalence_unproven,0.0
public-case30-0273,case30,21261074,30,20,194.49899122527626,True,0.954947498661158,129.83085657880895,,ACCEPT,,REJECT_INCONSISTENT,identity_equivalence_unproven,0.0
public-case30-0274,case30,21261075,30,20,191.32303911990334,True,0.9622670152964258,103.161081706499,,ACCEPT,,REJECT_INCONSISTENT,identity_equivalence_unproven,0.0
public-case30-0275,case30,21261076,30,20,184.00665328001355,True,0.9634281540986475,104.67737742128523,,ACCEPT,,REJECT_INCONSISTENT,identity_equivalence_unproven,0.0
public-case30-0276,case30,21261077,30,20,183.30757633913498,True,0.9611654192402003,109.42200554564825,,ACCEPT,,REJECT_INCONSISTENT,identity_equivalence_unproven,0.0
public-case30-0277,case30,21261078,30,20,192.73288557833507,True,0.9580756387501236,123.23773105752305,,ACCEPT,,REJECT_INCONSISTENT,identity_equivalence_unproven,0.0
public-case30-0278,case30,21261079,30,20,192.1434585820538,True,0.9617495770765061,106.3100694696115,,ACCEPT,,REJECT_INCONSISTENT,identity_equivalence_unproven,0.0
public-case30-0279,case30,21261080,30,20,187.36510575343075,True,0.9605336691801416,111.87839170729323,,ACCEPT,,REJECT_INCONSISTENT,identity_equivalence_unproven,0.0
public-case30-0280,case30,21261081,30,20,183.82153004979173,True,0.9614617962038805,103.42869351746945,,ACCEPT,,REJECT_INCONSISTENT,identity_equivalence_unproven,0.0
public-case30-0281,case30,21261082,30,20,193.16938930330736,True,0.9647164999028329,100.55803360208458,,ACCEPT,,REJECT_INCONSISTENT,identity_equivalence_unproven,0.0
public-case30-0282,case30,21261083,30,20,185.25548321667497,True,0.9606353105729154,113.87674854412697,,ACCEPT,,REJECT_INCONSISTENT,identity_equivalence_unproven,0.0
public-case30-0283,case30,21261084,30,20,195.5113046679622,True,0.9550410504368315,130.31683593967264,,ACCEPT,,REJECT_INCONSISTENT,identity_equivalence_unproven,0.0
public-case30-0284,case30,21261085,30,20,188.5724844098532,True,0.9557669090137807,129.4024036766565,,ACCEPT,,REJECT_INCONSISTENT,identity_equivalence_unproven,0.0
public-case30-0285,case30,21261086,30,20,186.54575507975255,True,0.9618864042816098,93.35828162208361,,ACCEPT,,REJECT_INCONSISTENT,identity_equivalence_unproven,0.0
public-case30-0286,case30,21261087,30,20,191.75654812672602,True,0.9577654906868726,125.9182683038895,,ACCEPT,,REJECT_INCONSISTENT,identity_equivalence_unproven,0.0
public-case30-0287,case30,21261088,30,20,184.41427636104163,True,0.9631801629983567,98.52917408634528,,ACCEPT,,REJECT_INCONSISTENT,identity_equivalence_unproven,0.0
public-case30-0288,case30,21261089,30,20,173.006089964764,True,0.9667488150305361,89.09224638970431,,ACCEPT,,REJECT_INCONSISTENT,identity_equivalence_unproven,0.0
public-case30-0289,case30,21261090,30,20,195.77171415753486,True,0.9539851272902024,133.0692479926139,,ACCEPT,,REJECT_INCONSISTENT,identity_equivalence_unproven,0.0
public-case30-0290,case30,21261091,30,20,185.25513636687407,True,0.9637849231077942,97.0514919872908,,ACCEPT,,REJECT_INCONSISTENT,identity_equivalence_unproven,0.0
public-case30-0291,case30,21261092,30,20,182.188502246548,True,0.9643976051205653,90.191291460191,,ACCEPT,,REJECT_INCONSISTENT,identity_equivalence_unproven,0.0
public-case30-0292,case30,21261093,30,20,190.37322598057057,True,0.9552395946739891,132.85139647058878,,ACCEPT,,REJECT_INCONSISTENT,identity_equivalence_unproven,0.0
public-case30-0293,case30,21261094,30,20,191.53174771922434,True,0.9563265163616397,128.05702611350807,,ACCEPT,,REJECT_INCONSISTENT,identity_equivalence_unproven,0.0
public-case30-0294,case30,21261095,30,20,184.84889868355933,True,0.9598921378060623,115.31874944146861,,ACCEPT,,REJECT_INCONSISTENT,identity_equivalence_unproven,0.0
public-case30-0295,case30,21261096,30,20,203.36130395486535,True,0.9558303955142768,122.70252469537213,,ACCEPT,,REJECT_INCONSISTENT,identity_equivalence_unproven,0.0
public-case30-0296,case30,21261097,30,20,192.95700235613467,True,0.9544005526367232,131.81901857534012,,ACCEPT,,REJECT_INCONSISTENT,identity_equivalence_unproven,0.0
public-case30-0297,case30,21261098,30,20,185.6277884410966,True,0.9603486679708058,117.04695458997041,,ACCEPT,,REJECT_INCONSISTENT,identity_equivalence_unproven,0.0
public-case30-0298,case30,21261099,30,20,200.5373940436804,True,0.9577922718103363,116.80469967604256,,ACCEPT,,REJECT_INCONSISTENT,identity_equivalence_unproven,0.0
public-case30-0299,case30,21261100,30,20,185.57172809681845,True,0.9644335219893831,103.57193080359595,,ACCEPT,,REJECT_INCONSISTENT,identity_equivalence_unproven,0.0
public-case30-0300,case30,21261101,30,20,198.8858076125172,True,0.9610929392841233,102.5872774839067,,ACCEPT,,REJECT_INCONSISTENT,identity_equivalence_unproven,0.0
public-case30-0301,case30,21261102,30,20,184.81188957347908,True,0.9603006329346414,116.74137259296896,,ACCEPT,,REJECT_INCONSISTENT,identity_equivalence_unproven,0.0
public-case30-0302,case30,21261103,30,20,196.94686390850498,True,0.9559737395031026,129.92020445656217,,ACCEPT,,REJECT_INCONSISTENT,identity_equivalence_unproven,0.0
public-case30-0303,case30,21261104,30,20,199.77316613194108,True,0.9535922391096154,135.84571920452808,,ACCEPT,,REJECT_INCONSISTENT,identity_equivalence_unproven,0.0
public-case30-0304,case30,21261105,30,20,196.5975398399866,True,0.9562299434512911,124.90864740530687,,ACCEPT,,REJECT_INCONSISTENT,identity_equivalence_unproven,0.0
public-case30-0305,case30,21261106,30,20,184.3675463252765,True,0.9654372777871318,90.58384106194328,,ACCEPT,,REJECT_INCONSISTENT,identity_equivalence_unproven,0.0
public-case30-0306,case30,21261107,30,20,179.28117463987664,True,0.9632341685000019,90.43269036531254,,ACCEPT,,REJECT_INCONSISTENT,identity_equivalence_unproven,0.0
public-case30-0307,case30,21261108,30,20,194.87238084091112,True,0.9575563420658065,119.89126709378243,,ACCEPT,,REJECT_INCONSISTENT,identity_equivalence_unproven,0.0
public-case30-0308,case30,21261109,30,20,194.79605806952247,True,0.9531797734590175,135.78194600096273,,ACCEPT,,REJECT_INCONSISTENT,identity_equivalence_unproven,0.0
public-case30-0309,case30,21261110,30,20,189.85147225615717,True,0.9645584098733571,101.88177956897515,,ACCEPT,,REJECT_INCONSISTENT,identity_equivalence_unproven,0.0
public-case30-0310,case30,21261111,30,20,188.68985146926386,True,0.9564145120978468,129.804409435635,,ACCEPT,,REJECT_INCONSISTENT,identity_equivalence_unproven,0.0
public-case30-0311,case30,21261112,30,20,186.58763702137873,True,0.9615519570503634,107.34290035232839,,ACCEPT,,REJECT_INCONSISTENT,identity_equivalence_unproven,0.0
public-case30-0312,case30,21261113,30,20,195.37175472539926,True,0.9547794455645231,131.77749691464908,,ACCEPT,,REJECT_INCONSISTENT,identity_equivalence_unproven,0.0
public-case30-0313,case30,21261114,30,20,191.8664568379108,True,0.9612110207567943,103.10927979447833,,ACCEPT,,REJECT_INCONSISTENT,identity_equivalence_unproven,0.0
public-case30-0314,case30,21261115,30,20,204.63028546658444,True,0.9534381332263779,132.91823340502998,,ACCEPT,,REJECT_INCONSISTENT,identity_equivalence_unproven,0.0
public-case30-0315,case30,21261116,30,20,188.1229972018764,True,0.9617596368225318,108.86317001725561,,ACCEPT,,REJECT_INCONSISTENT,identity_equivalence_unproven,0.0
public-case30-0316,case30,21261117,30,20,185.01583492162624,True,0.9620017188680423,110.03989913864021,,ACCEPT,,REJECT_INCONSISTENT,identity_equivalence_unproven,0.0
public-case30-0317,case30,21261118,30,20,188.85351416299326,True,0.9638645751621634,100.57198712566766,,ACCEPT,,REJECT_INCONSISTENT,identity_equivalence_unproven,0.0
public-case30-0318,case30,21261119,30,20,196.37499559212984,True,0.9554699617283413,128.50483907604578,,ACCEPT,,REJECT_INCONSISTENT,identity_equivalence_unproven,0.0
public-case30-0319,case30,21261120,30,20,183.54621201661803,True,0.9633855123788422,94.35947749208681,,ACCEPT,,REJECT_INCONSISTENT,identity_equivalence_unproven,0.0
public-case30-0320,case30,21261121,30,20,187.00548439916892,True,0.9616006358480318,94.19233862619178,,ACCEPT,,REJECT_INCONSISTENT,identity_equivalence_unproven,0.0
public-case30-0321,case30,21261122,30,20,180.6459866462628,True,0.9638927626166401,98.85309426283764,,ACCEPT,,REJECT_INCONSISTENT,identity_equivalence_unproven,0.0
public-case30-0322,case30,21261123,30,20,175.47387064035826,True,0.963155758204426,91.35347990445037,,ACCEPT,,REJECT_INCONSISTENT,identity_equivalence_unproven,0.0
public-case30-0323,case30,21261124,30,20,186.0858443637587,True,0.963057052074146,101.97976691723827,,ACCEPT,,REJECT_INCONSISTENT,identity_equivalence_unproven,0.0
public-case30-0324,case30,21261125,30,20,195.28597942046213,True,0.9541238221003057,131.2027382302339,,ACCEPT,,REJECT_INCONSISTENT,identity_equivalence_unproven,0.0
public-case30-0325,case30,21261126,30,20,187.52655427957544,True,0.9571527306705303,129.06958502220712,,ACCEPT,,REJECT_INCONSISTENT,identity_equivalence_unproven,0.0
public-case30-0326,case30,21261127,30,20,195.18813774827996,True,0.9578939461455234,124.38650063357774,,ACCEPT,,REJECT_INCONSISTENT,identity_equivalence_unproven,0.0
public-case30-0327,case30,21261128,30,20,188.30184651595624,True,0.9610979335706433,106.66275612527127,,ACCEPT,,REJECT_INCONSISTENT,identity_equivalence_unproven,0.0
public-case30-0328,case30,21261129,30,20,196.82803656855475,True,0.9587804214600563,114.71252396955806,,ACCEPT,,REJECT_INCONSISTENT,identity_equivalence_unproven,0.0
public-case30-0329,case30,21261130,30,20,202.42215192092607,True,0.9545875059913229,130.96403776898705,,ACCEPT,,REJECT_INCONSISTENT,identity_equivalence_unproven,0.0
public-case30-0330,case30,21261131,30,20,189.3392906467447,True,0.9587822815130971,121.33874526732163,,ACCEPT,,REJECT_INCONSISTENT,identity_equivalence_unproven,0.0
public-case30-0331,case30,21261132,30,20,196.4575935808204,True,0.955610457344086,132.46667890895088,,ACCEPT,,REJECT_INCONSISTENT,identity_equivalence_unproven,0.0
public-case30-0332,case30,21261133,30,20,194.8153569005764,True,0.9585081148909372,120.03566430021229,,ACCEPT,,REJECT_INCONSISTENT,identity_equivalence_unproven,0.0
public-case30-0333,case30,21261134,30,20,193.54521295081955,True,0.9549412045222163,133.32660800656464,,ACCEPT,,REJECT_INCONSISTENT,identity_equivalence_unproven,0.0
public-case30-0334,case30,21261135,30,20,181.07418106570898,True,0.9636072251300962,104.35229005157632,,ACCEPT,,REJECT_INCONSISTENT,identity_equivalence_unproven,0.0
public-case30-0335,case30,21261136,30,20,190.8416774489898,True,0.9569036780374923,128.52161211978404,,ACCEPT,,REJECT_INCONSISTENT,identity_equivalence_unproven,0.0
public-case30-0336,case30,21261137,30,20,192.4821653608911,True,0.9634380559366885,93.19171777121566,,ACCEPT,,REJECT_INCONSISTENT,identity_equivalence_unproven,0.0
public-case30-0337,case30,21261138,30,20,190.79964694065404,True,0.9645576186544167,95.23717251032933,,ACCEPT,,REJECT_INCONSISTENT,identity_equivalence_unproven,0.0
public-case30-0338,case30,21261139,30,20,199.6053916987136,True,0.9534494040045499,133.5746126085117,,ACCEPT,,REJECT_INCONSISTENT,identity_equivalence_unproven,0.0
public-case30-0339,case30,21261140,30,20,197.18309375807436,True,0.9582148599839206,118.07226159009394,,ACCEPT,,REJECT_INCONSISTENT,identity_equivalence_unproven,0.0
public-case30-0340,case30,21261141,30,20,188.85338795954357,True,0.9608046752648924,108.3210205846046,,ACCEPT,,REJECT_INCONSISTENT,identity_equivalence_unproven,0.0
public-case30-0341,case30,21261142,30,20,181.4007699289436,True,0.9602835024692638,118.11451158802835,,ACCEPT,,REJECT_INCONSISTENT,identity_equivalence_unproven,0.0
public-case30-0342,case30,21261143,30,20,195.25526599723105,True,0.9582327457661827,114.88643268433867,,ACCEPT,,REJECT_INCONSISTENT,identity_equivalence_unproven,0.0
public-case30-0343,case30,21261144,30,20,200.90595877201278,True,0.9530674565295635,136.7685357363183,,ACCEPT,,REJECT_INCONSISTENT,identity_equivalence_unproven,0.0
public-case30-0344,case30,21261145,30,20,189.61377978379784,True,0.9636663407269092,99.65820310789368,,ACCEPT,,REJECT_INCONSISTENT,identity_equivalence_unproven,0.0
public-case30-0345,case30,21261146,30,20,193.17418582433118,True,0.9623390031270981,101.06475078659555,,ACCEPT,,REJECT_INCONSISTENT,identity_equivalence_unproven,0.0
public-case30-0346,case30,21261147,30,20,187.43956287860837,True,0.9607845840065375,110.55856975569785,,ACCEPT,,REJECT_INCONSISTENT,identity_equivalence_unproven,0.0
public-case30-0347,case30,21261148,30,20,188.95319183926492,True,0.9596254747315445,113.94496285835956,,ACCEPT,,REJECT_INCONSISTENT,identity_equivalence_unproven,0.0
public-case30-0348,case30,21261149,30,20,180.7504231792997,True,0.9635339911341025,103.18112441060123,,ACCEPT,,REJECT_INCONSISTENT,identity_equivalence_unproven,0.0
public-case30-0349,case30,21261150,30,20,192.01709087810744,True,0.9611715150765096,105.28642803997958,,ACCEPT,,REJECT_INCONSISTENT,identity_equivalence_unproven,0.0
public-case30-0350,case30,21261151,30,20,180.15920243908735,True,0.9644974587019716,94.33382490038508,,ACCEPT,,REJECT_INCONSISTENT,identity_equivalence_unproven,0.0
public-case30-0351,case30,21261152,30,20,189.55295170225216,True,0.9618789902653904,107.87423659747486,,ACCEPT,,REJECT_INCONSISTENT,identity_equivalence_unproven,0.0
public-case30-0352,case30,21261153,30,20,185.40602701146054,True,0.9617809380770896,112.23847911176969,,ACCEPT,,REJECT_INCONSISTENT,identity_equivalence_unproven,0.0
public-case30-0353,case30,21261154,30,20,184.78287554546068,True,0.9590442370920238,120.0108904385531,,ACCEPT,,REJECT_INCONSISTENT,identity_equivalence_unproven,0.0
public-case30-0354,case30,21261155,30,20,189.47110503352715,True,0.9608056444555215,106.88093472202196,,ACCEPT,,REJECT_INCONSISTENT,identity_equivalence_unproven,0.0
public-case30-0355,case30,21261156,30,20,198.88581723454286,True,0.9573520001942238,120.68323816278486,,ACCEPT,,REJECT_INCONSISTENT,identity_equivalence_unproven,0.0
public-case30-0356,case30,21261157,30,20,181.40721482452003,True,0.9637280433157,100.3203408750629,,ACCEPT,,REJECT_INCONSISTENT,identity_equivalence_unproven,0.0
public-case30-0357,case30,21261158,30,20,185.20362147997577,True,0.9636862862096662,91.20676365522915,,ACCEPT,,REJECT_INCONSISTENT,identity_equivalence_unproven,0.0
public-case30-0358,case30,21261159,30,20,191.47908459826104,True,0.9569708105374972,130.8639812824,,ACCEPT,,REJECT_INCONSISTENT,identity_equivalence_unproven,0.0
public-case30-0359,case30,21261160,30,20,193.87809006902344,True,0.9587014453618962,117.9702424098724,,ACCEPT,,REJECT_INCONSISTENT,identity_equivalence_unproven,0.0
public-case30-0360,case30,21261161,30,20,192.87981466301216,True,0.9562821556873249,131.16356895650307,,ACCEPT,,REJECT_INCONSISTENT,identity_equivalence_unproven,0.0
public-case30-0361,case30,21261162,30,20,195.69237559644452,True,0.9596875986359532,110.178125025249,,ACCEPT,,REJECT_INCONSISTENT,identity_equivalence_unproven,0.0
public-case30-0362,case30,21261163,30,20,179.65709491235955,True,0.9632574091675884,104.15962763444652,,ACCEPT,,REJECT_INCONSISTENT,identity_equivalence_unproven,0.0
public-case30-0363,case30,21261164,30,20,183.07052539533834,True,0.9567518921462146,132.679875314068,,ACCEPT,,REJECT_INCONSISTENT,identity_equivalence_unproven,0.0
public-case30-0364,case30,21261165,30,20,195.4374424419632,True,0.9624307989200512,103.51829720993497,,ACCEPT,,REJECT_INCONSISTENT,identity_equivalence_unproven,0.0
public-case30-0365,case30,21261166,30,20,178.58287670173144,True,0.9614056947323674,116.12058613276686,,ACCEPT,,REJECT_INCONSISTENT,identity_equivalence_unproven,0.0
public-case30-0366,case30,21261167,30,20,186.85843008477565,True,0.9609138155277832,113.85843240558455,,ACCEPT,,REJECT_INCONSISTENT,identity_equivalence_unproven,0.0
public-case30-0367,case30,21261168,30,20,185.8134850286969,True,0.9557981138156885,133.96753502481383,,ACCEPT,,REJECT_INCONSISTENT,identity_equivalence_unproven,0.0
public-case30-0368,case30,21261169,30,20,193.67296145708596,True,0.95788620092368,118.66960137045692,,ACCEPT,,REJECT_INCONSISTENT,identity_equivalence_unproven,0.0
public-case30-0369,case30,21261170,30,20,185.3626975556798,True,0.9630361997290476,105.97012774555894,,ACCEPT,,REJECT_INCONSISTENT,identity_equivalence_unproven,0.0
public-case30-0370,case30,21261171,30,20,196.10978652438652,True,0.9554674087011469,130.34665684497307,,ACCEPT,,REJECT_INCONSISTENT,identity_equivalence_unproven,0.0
public-case30-0371,case30,21261172,30,20,195.1771305957039,True,0.9558660511268796,132.27545576285004,,ACCEPT,,REJECT_INCONSISTENT,identity_equivalence_unproven,0.0
public-case30-0372,case30,21261173,30,20,180.34066825905063,True,0.9622201359127804,93.50185837611853,,ACCEPT,,REJECT_INCONSISTENT,identity_equivalence_unproven,0.0
public-case30-0373,case30,21261174,30,20,194.95891940742706,True,0.9571449433918846,125.07561247257651,,ACCEPT,,REJECT_INCONSISTENT,identity_equivalence_unproven,0.0
public-case30-0374,case30,21261175,30,20,189.10977965167143,True,0.9608941869971153,115.14071969132075,,ACCEPT,,REJECT_INCONSISTENT,identity_equivalence_unproven,0.0
public-case30-0375,case30,21261176,30,20,191.84160371873253,True,0.960056635480039,109.87809047460163,,ACCEPT,,REJECT_INCONSISTENT,identity_equivalence_unproven,0.0
public-case30-0376,case30,21261177,30,20,184.2146092093733,True,0.9614105001463887,111.69812869485271,,ACCEPT,,REJECT_INCONSISTENT,identity_equivalence_unproven,0.0
public-case30-0377,case30,21261178,30,20,190.77620924569555,True,0.9554660839376409,132.1497468095336,,ACCEPT,,REJECT_INCONSISTENT,identity_equivalence_unproven,0.0
public-case30-0378,case30,21261179,30,20,193.2799355173116,True,0.9575931768927985,119.60883985026878,,ACCEPT,,REJECT_INCONSISTENT,identity_equivalence_unproven,0.0
public-case30-0379,case30,21261180,30,20,190.62403850886238,True,0.9592151315073074,115.54383909519173,,ACCEPT,,REJECT_INCONSISTENT,identity_equivalence_unproven,0.0
public-case30-0380,case30,21261181,30,20,184.89742389589208,True,0.9640158360520511,96.07493723257767,,ACCEPT,,REJECT_INCONSISTENT,identity_equivalence_unproven,0.0
public-case30-0381,case30,21261182,30,20,187.93508745474028,True,0.9576766995723315,125.71845789401017,,ACCEPT,,REJECT_INCONSISTENT,identity_equivalence_unproven,0.0
public-case30-0382,case30,21261183,30,20,173.12729597163099,True,0.9675097811845741,96.01260650229175,,ACCEPT,,REJECT_INCONSISTENT,identity_equivalence_unproven,0.0
public-case30-0383,case30,21261184,30,20,180.34141743430976,True,0.9658200081085814,94.73440072481526,,ACCEPT,,REJECT_INCONSISTENT,identity_equivalence_unproven,0.0
public-case30-0384,case30,21261185,30,20,189.40766832787415,True,0.9618374876315112,101.69476307455821,,ACCEPT,,REJECT_INCONSISTENT,identity_equivalence_unproven,0.0
public-case30-0385,case30,21261186,30,20,190.54848737093542,True,0.9554445285118435,135.70677976128147,,ACCEPT,,REJECT_INCONSISTENT,identity_equivalence_unproven,0.0
public-case30-0386,case30,21261187,30,20,190.0437905956346,True,0.9609578695365133,106.6429546293978,,ACCEPT,,REJECT_INCONSISTENT,identity_equivalence_unproven,0.0
public-case30-0387,case30,21261188,30,20,182.23534606768587,True,0.9622308813394486,107.9014590103277,,ACCEPT,,REJECT_INCONSISTENT,identity_equivalence_unproven,0.0
public-case30-0388,case30,21261189,30,20,184.1441896938238,True,0.9624145421557923,97.92378196960517,,ACCEPT,,REJECT_INCONSISTENT,identity_equivalence_unproven,0.0
public-case30-0389,case30,21261190,30,20,192.37619794621455,True,0.9557051181572337,132.6563470953818,,ACCEPT,,REJECT_INCONSISTENT,identity_equivalence_unproven,0.0
public-case30-0390,case30,21261191,30,20,191.71623205194493,True,0.9619336494744467,104.60298566324131,,ACCEPT,,REJECT_INCONSISTENT,identity_equivalence_unproven,0.0
public-case30-0391,case30,21261192,30,20,182.86565916453097,True,0.9639914153249411,96.21660598027732,,ACCEPT,,REJECT_INCONSISTENT,identity_equivalence_unproven,0.0
public-case30-0392,case30,21261193,30,20,186.554923008005,True,0.9631564482816108,100.97608194704426,,ACCEPT,,REJECT_INCONSISTENT,identity_equivalence_unproven,0.0
public-case30-0393,case30,21261194,30,20,194.01454772351207,True,0.9599108477639253,110.08992479101391,,ACCEPT,,REJECT_INCONSISTENT,identity_equivalence_unproven,0.0
public-case30-0394,case30,21261195,30,20,189.80350172050873,True,0.9618415681178771,108.57875852886592,,ACCEPT,,REJECT_INCONSISTENT,identity_equivalence_unproven,0.0
public-case30-0395,case30,21261196,30,20,192.93709008123892,True,0.9616821305542099,109.88911693638099,,ACCEPT,,REJECT_INCONSISTENT,identity_equivalence_unproven,0.0
public-case30-0396,case30,21261197,30,20,189.49953781189618,True,0.9619364016199811,104.71006455415113,,ACCEPT,,REJECT_INCONSISTENT,identity_equivalence_unproven,0.0
public-case30-0397,case30,21261198,30,20,188.28424524877713,True,0.9596118958424316,114.97964998684887,,ACCEPT,,REJECT_INCONSISTENT,identity_equivalence_unproven,0.0
public-case30-0398,case30,21261199,30,20,192.198950722281,True,0.9606006198857395,106.84575504786926,,ACCEPT,,REJECT_INCONSISTENT,identity_equivalence_unproven,0.0
public-case30-0399,case30,21261200,30,20,188.63883799078963,True,0.9640920741996751,95.21438537061061,,ACCEPT,,REJECT_INCONSISTENT,identity_equivalence_unproven,0.0
public-case30-0400,case30,21261201,30,20,184.19009576915724,True,0.9629467871555686,95.72230057970546,,ACCEPT,,REJECT_INCONSISTENT,identity_equivalence_unproven,0.0
public-case30-0401,case30,21261202,30,20,186.43028504370642,True,0.9613678325548602,113.96996103646704,,ACCEPT,,REJECT_INCONSISTENT,identity_equivalence_unproven,0.0
public-case30-0402,case30,21261203,30,20,174.81741957463646,True,0.9675703995355446,94.98253029528226,,ACCEPT,,REJECT_INCONSISTENT,identity_equivalence_unproven,0.0
public-case30-0403,case30,21261204,30,20,179.550985399911,True,0.9648513152882784,101.89016081515949,,ACCEPT,,REJECT_INCONSISTENT,identity_equivalence_unproven,0.0
public-case30-0404,case30,21261205,30,20,198.4315100273023,True,0.9557375684738013,126.07574482936275,,ACCEPT,,REJECT_INCONSISTENT,identity_equivalence_unproven,0.0
public-case30-0405,case30,21261206,30,20,188.9815248343312,True,0.9603693577318717,115.56147276630962,,ACCEPT,,REJECT_INCONSISTENT,identity_equivalence_unproven,0.0
public-case30-0406,case30,21261207,30,20,179.95032048039275,True,0.9670969586204167,101.63032087276721,,ACCEPT,,REJECT_INCONSISTENT,identity_equivalence_unproven,0.0
public-case30-0407,case30,21261208,30,20,194.6671840705968,True,0.9544851963697976,132.04226544463967,,ACCEPT,,REJECT_INCONSISTENT,identity_equivalence_unproven,0.0
public-case30-0408,case30,21261209,30,20,192.0372902843429,True,0.9610115922753989,110.05083523466188,,ACCEPT,,REJECT_INCONSISTENT,identity_equivalence_unproven,0.0
public-case30-0409,case30,21261210,30,20,185.36706253423145,True,0.9628504237796545,96.43571375238076,,ACCEPT,,REJECT_INCONSISTENT,identity_equivalence_unproven,0.0
public-case30-0410,case30,21261211,30,20,186.6863507264111,True,0.9578380404556518,127.435890280517,,ACCEPT,,REJECT_INCONSISTENT,identity_equivalence_unproven,0.0
public-case30-0411,case30,21261212,30,20,198.66587283613126,True,0.9529653056172681,133.43996739229,,ACCEPT,,REJECT_INCONSISTENT,identity_equivalence_unproven,0.0
public-case30-0412,case30,21261213,30,20,191.23487667711584,True,0.955817263069887,133.85882967856176,,ACCEPT,,REJECT_INCONSISTENT,identity_equivalence_unproven,0.0
public-case30-0413,case30,21261214,30,20,194.9140120716858,True,0.96217324884944,104.07073623972762,,ACCEPT,,REJECT_INCONSISTENT,identity_equivalence_unproven,0.0
public-case30-0414,case30,21261215,30,20,204.25361062878105,True,0.952986929277112,129.63128605022177,,ACCEPT,,REJECT_INCONSISTENT,identity_equivalence_unproven,0.0
public-case30-0415,case30,21261216,30,20,197.24497405559325,True,0.9621755034779154,105.57616385174053,,ACCEPT,,REJECT_INCONSISTENT,identity_equivalence_unproven,0.0
public-case30-0416,case30,21261217,30,20,189.96028922018942,True,0.9597972403207101,116.38791120730583,,ACCEPT,,REJECT_INCONSISTENT,identity_equivalence_unproven,0.0
public-case30-0417,case30,21261218,30,20,201.93388668585044,True,0.9539982188143042,132.56946239788692,,ACCEPT,,REJECT_INCONSISTENT,identity_equivalence_unproven,0.0
public-case30-0418,case30,21261219,30,20,182.51203019995498,True,0.9586843294616544,125.84418428363816,,ACCEPT,,REJECT_INCONSISTENT,identity_equivalence_unproven,0.0
public-case30-0419,case30,21261220,30,20,186.45926466588932,True,0.9579897842981014,124.5190274634421,,ACCEPT,,REJECT_INCONSISTENT,identity_equivalence_unproven,0.0
public-case30-0420,case30,21261221,30,20,188.0027274389653,True,0.9569582021490867,128.24903167430566,,ACCEPT,,REJECT_INCONSISTENT,identity_equivalence_unproven,0.0
public-case30-0421,case30,21261222,30,20,198.4404715521991,True,0.955727851661746,130.94451036682477,,ACCEPT,,REJECT_INCONSISTENT,identity_equivalence_unproven,0.0
public-case30-0422,case30,21261223,30,20,180.1902756582357,True,0.9660793606496609,92.05174980174621,,ACCEPT,,REJECT_INCONSISTENT,identity_equivalence_unproven,0.0
public-case30-0423,case30,21261224,30,20,187.0169044709223,True,0.9634562813652712,101.8187990506,,ACCEPT,,REJECT_INCONSISTENT,identity_equivalence_unproven,0.0
public-case30-0424,case30,21261225,30,20,191.86061795982164,True,0.9636819416361243,94.98914613970332,,ACCEPT,,REJECT_INCONSISTENT,identity_equivalence_unproven,0.0
public-case30-0425,case30,21261226,30,20,196.33131523577745,True,0.9549868403537369,129.0895030940921,,ACCEPT,,REJECT_INCONSISTENT,identity_equivalence_unproven,0.0
public-case30-0426,case30,21261227,30,20,197.13226469109617,True,0.9607593744856168,105.25001404337114,,ACCEPT,,REJECT_INCONSISTENT,identity_equivalence_unproven,0.0
public-case30-0427,case30,21261228,30,20,182.83686709978667,True,0.963601333309278,100.04480819522561,,ACCEPT,,REJECT_INCONSISTENT,identity_equivalence_unproven,0.0
public-case30-0428,case30,21261229,30,20,196.6239166745996,True,0.9597580762721506,114.84865655644273,,ACCEPT,,REJECT_INCONSISTENT,identity_equivalence_unproven,0.0
public-case30-0429,case30,21261230,30,20,188.48628908200968,True,0.9610317723805835,107.96222248044273,,ACCEPT,,REJECT_INCONSISTENT,identity_equivalence_unproven,0.0
public-case30-0430,case30,21261231,30,20,191.73815085302545,True,0.9638212992537245,100.84827918878155,,ACCEPT,,REJECT_INCONSISTENT,identity_equivalence_unproven,0.0
public-case30-0431,case30,21261232,30,20,201.03388964469897,True,0.9546094091380324,131.6588477835376,,ACCEPT,,REJECT_INCONSISTENT,identity_equivalence_unproven,0.0
public-case30-0432,case30,21261233,30,20,191.2154256515296,True,0.9584484719167701,117.33036578178076,,ACCEPT,,REJECT_INCONSISTENT,identity_equivalence_unproven,0.0
public-case30-0433,case30,21261234,30,20,182.57443341724257,True,0.9615158257315687,110.42333953186416,,ACCEPT,,REJECT_INCONSISTENT,identity_equivalence_unproven,0.0
public-case30-0434,case30,21261235,30,20,181.9574615998866,True,0.961748442548719,111.42326998588636,,ACCEPT,,REJECT_INCONSISTENT,identity_equivalence_unproven,0.0
public-case30-0435,case30,21261236,30,20,196.5535443336698,True,0.9538426315901689,133.0989581168705,,ACCEPT,,REJECT_INCONSISTENT,identity_equivalence_unproven,0.0
public-case30-0436,case30,21261237,30,20,178.14580795184483,True,0.9648090016620654,97.87218758403272,,ACCEPT,,REJECT_INCONSISTENT,identity_equivalence_unproven,0.0
public-case30-0437,case30,21261238,30,20,180.77361497539476,True,0.9659605811180684,96.25703292029351,,ACCEPT,,REJECT_INCONSISTENT,identity_equivalence_unproven,0.0
public-case30-0438,case30,21261239,30,20,192.68919745995464,True,0.9609701135271491,109.07279259501838,,ACCEPT,,REJECT_INCONSISTENT,identity_equivalence_unproven,0.0
public-case30-0439,case30,21261240,30,20,175.62398894059857,True,0.9650815284605515,90.0187777171409,,ACCEPT,,REJECT_INCONSISTENT,identity_equivalence_unproven,0.0
public-case30-0440,case30,21261241,30,20,193.13941202533002,True,0.9551517962390259,129.6745268706896,,ACCEPT,,REJECT_INCONSISTENT,identity_equivalence_unproven,0.0
public-case30-0441,case30,21261242,30,20,191.9629542152687,True,0.9594513431213121,111.94372147697757,,ACCEPT,,REJECT_INCONSISTENT,identity_equivalence_unproven,0.0
public-case30-0442,case30,21261243,30,20,195.24870383012131,True,0.9579172372500196,123.17834217624196,,ACCEPT,,REJECT_INCONSISTENT,identity_equivalence_unproven,0.0
public-case30-0443,case30,21261244,30,20,191.63080523862672,True,0.9578351249990642,119.51760217467002,,ACCEPT,,REJECT_INCONSISTENT,identity_equivalence_unproven,0.0
public-case30-0444,case30,21261245,30,20,192.3223662593033,True,0.9625682279810525,98.34656242252514,,ACCEPT,,REJECT_INCONSISTENT,identity_equivalence_unproven,0.0
public-case30-0445,case30,21261246,30,20,191.850690116987,True,0.9642728011318765,102.50009412741261,,ACCEPT,,REJECT_INCONSISTENT,identity_equivalence_unproven,0.0
public-case30-0446,case30,21261247,30,20,187.87250190304812,True,0.9605806621037999,112.51585127917396,,ACCEPT,,REJECT_INCONSISTENT,identity_equivalence_unproven,0.0
public-case30-0447,case30,21261248,30,20,193.80196958222183,True,0.9573787712124388,124.46016107806695,,ACCEPT,,REJECT_INCONSISTENT,identity_equivalence_unproven,0.0
public-case30-0448,case30,21261249,30,20,188.29199633562715,True,0.958021898019461,119.07188867186673,,ACCEPT,,REJECT_INCONSISTENT,identity_equivalence_unproven,0.0
public-case30-0449,case30,21261250,30,20,189.00824256431454,True,0.9634073182942451,101.09887493226711,,ACCEPT,,REJECT_INCONSISTENT,identity_equivalence_unproven,0.0
public-case30-0450,case30,21261251,30,20,191.48239110146346,True,0.9600153628642748,108.14408944820093,,ACCEPT,,REJECT_INCONSISTENT,identity_equivalence_unproven,0.0
public-case30-0451,case30,21261252,30,20,178.3491750017114,True,0.9638033509875896,102.25284158261661,,ACCEPT,,REJECT_INCONSISTENT,identity_equivalence_unproven,0.0
public-case30-0452,case30,21261253,30,20,185.43959728481346,True,0.9578404025432729,121.5154745821077,,ACCEPT,,REJECT_INCONSISTENT,identity_equivalence_unproven,0.0
public-case30-0453,case30,21261254,30,20,184.85460169893628,True,0.9646249390150562,100.38785985404334,,ACCEPT,,REJECT_INCONSISTENT,identity_equivalence_unproven,0.0
public-case30-0454,case30,21261255,30,20,184.22676984800722,True,0.9621630824823859,94.72635608612643,,ACCEPT,,REJECT_INCONSISTENT,identity_equivalence_unproven,0.0
public-case30-0455,case30,21261256,30,20,191.15509616999978,True,0.9587930211650525,116.14122459360792,,ACCEPT,,REJECT_INCONSISTENT,identity_equivalence_unproven,0.0
public-case30-0456,case30,21261257,30,20,204.35920948536562,True,0.9529720902186914,136.12757859472654,,ACCEPT,,REJECT_INCONSISTENT,identity_equivalence_unproven,0.0
public-case30-0457,case30,21261258,30,20,185.71133310273683,True,0.963341710357459,95.3978248538078,,ACCEPT,,REJECT_INCONSISTENT,identity_equivalence_unproven,0.0
public-case30-0458,case30,21261259,30,20,188.1644205132577,True,0.9588530903057824,119.28378734960103,,ACCEPT,,REJECT_INCONSISTENT,identity_equivalence_unproven,0.0
public-case30-0459,case30,21261260,30,20,192.67267501917587,True,0.9566916381311455,129.85773519365458,,ACCEPT,,REJECT_INCONSISTENT,identity_equivalence_unproven,0.0
public-case30-0460,case30,21261261,30,20,193.188676302412,True,0.9585053314710716,120.0977087527211,,ACCEPT,,REJECT_INCONSISTENT,identity_equivalence_unproven,0.0
public-case30-0461,case30,21261262,30,20,187.94983102905599,True,0.9584364336305211,120.43327184334673,,ACCEPT,,REJECT_INCONSISTENT,identity_equivalence_unproven,0.0
public-case30-0462,case30,21261263,30,20,191.31770637412328,True,0.9559081206142753,126.91346503839036,,ACCEPT,,REJECT_INCONSISTENT,identity_equivalence_unproven,0.0
public-case30-0463,case30,21261264,30,20,195.8601642433523,True,0.957536838765239,126.60332971664366,,ACCEPT,,REJECT_INCONSISTENT,identity_equivalence_unproven,0.0
public-case30-0464,case30,21261265,30,20,198.65320838200495,True,0.9583431723443772,114.76146558676217,,ACCEPT,,REJECT_INCONSISTENT,identity_equivalence_unproven,0.0
public-case30-0465,case30,21261266,30,20,188.51755911763848,True,0.9620190414046522,103.91457353972086,,ACCEPT,,REJECT_INCONSISTENT,identity_equivalence_unproven,0.0
public-case30-0466,case30,21261267,30,20,198.39957167681604,True,0.9609457182064967,104.67256741137338,,ACCEPT,,REJECT_INCONSISTENT,identity_equivalence_unproven,0.0
public-case30-0467,case30,21261268,30,20,188.5005695920089,True,0.9604012851629056,117.28372694106778,,ACCEPT,,REJECT_INCONSISTENT,identity_equivalence_unproven,0.0
public-case30-0468,case30,21261269,30,20,188.11137757065367,True,0.9640723422359466,102.97777564286119,,ACCEPT,,REJECT_INCONSISTENT,identity_equivalence_unproven,0.0
public-case30-0469,case30,21261270,30,20,194.75763532567447,True,0.9622010661131257,100.82002028609236,,ACCEPT,,REJECT_INCONSISTENT,identity_equivalence_unproven,0.0
public-case30-0470,case30,21261271,30,20,191.01769508056805,True,0.9557160503746974,128.64039160032686,,ACCEPT,,REJECT_INCONSISTENT,identity_equivalence_unproven,0.0
public-case30-0471,case30,21261272,30,20,194.1310744117507,True,0.955136019312193,133.33951736976462,,ACCEPT,,REJECT_INCONSISTENT,identity_equivalence_unproven,0.0
public-case30-0472,case30,21261273,30,20,186.74679870282137,True,0.9642847095381369,88.3519907036431,,ACCEPT,,REJECT_INCONSISTENT,identity_equivalence_unproven,0.0
public-case30-0473,case30,21261274,30,20,191.19007935160695,True,0.9595484723814508,113.9202724810106,,ACCEPT,,REJECT_INCONSISTENT,identity_equivalence_unproven,0.0
public-case30-0474,case30,21261275,30,20,190.59017052798924,True,0.9569068045496139,123.90072007622071,,ACCEPT,,REJECT_INCONSISTENT,identity_equivalence_unproven,0.0
public-case30-0475,case30,21261276,30,20,182.54274428802051,True,0.962140153702397,96.16089382569105,,ACCEPT,,REJECT_INCONSISTENT,identity_equivalence_unproven,0.0
public-case30-0476,case30,21261277,30,20,186.18768225031226,True,0.9623189375736918,100.8245824517179,,ACCEPT,,REJECT_INCONSISTENT,identity_equivalence_unproven,0.0
public-case30-0477,case30,21261278,30,20,194.22243144015445,True,0.9575344437160631,124.8802213431232,,ACCEPT,,REJECT_INCONSISTENT,identity_equivalence_unproven,0.0
public-case30-0478,case30,21261279,30,20,196.7449623588073,True,0.9537957816520722,134.63069832629773,,ACCEPT,,REJECT_INCONSISTENT,identity_equivalence_unproven,0.0
public-case30-0479,case30,21261280,30,20,190.44521372165408,True,0.9628620639688551,102.26565056853846,,ACCEPT,,REJECT_INCONSISTENT,identity_equivalence_unproven,0.0
public-case30-0480,case30,21261281,30,20,181.89838983607382,True,0.956945244252504,131.61290267544166,,ACCEPT,,REJECT_INCONSISTENT,identity_equivalence_unproven,0.0
public-case30-0481,case30,21261282,30,20,180.82307256158455,True,0.9642151867646709,104.46071915463126,,ACCEPT,,REJECT_INCONSISTENT,identity_equivalence_unproven,0.0
public-case30-0482,case30,21261283,30,20,180.04668018124772,True,0.9602180999080919,120.88969923109512,,ACCEPT,,REJECT_INCONSISTENT,identity_equivalence_unproven,0.0
public-case30-0483,case30,21261284,30,20,186.78740435051887,True,0.9658843056377645,92.20028249177349,,ACCEPT,,REJECT_INCONSISTENT,identity_equivalence_unproven,0.0
public-case30-0484,case30,21261285,30,20,186.42415686826166,True,0.9571698675770984,125.83509285204097,,ACCEPT,,REJECT_INCONSISTENT,identity_equivalence_unproven,0.0
public-case30-0485,case30,21261286,30,20,186.3010755164529,True,0.9585614247200767,123.81059100797262,,ACCEPT,,REJECT_INCONSISTENT,identity_equivalence_unproven,0.0
public-case30-0486,case30,21261287,30,20,191.15282529912332,True,0.9577520303482777,122.41540898552906,,ACCEPT,,REJECT_INCONSISTENT,identity_equivalence_unproven,0.0
public-case30-0487,case30,21261288,30,20,196.6061659984835,True,0.9588909729369842,114.6392949457743,,ACCEPT,,REJECT_INCONSISTENT,identity_equivalence_unproven,0.0
public-case30-0488,case30,21261289,30,20,182.5616821533561,True,0.9640447167100106,99.73863973623787,,ACCEPT,,REJECT_INCONSISTENT,identity_equivalence_unproven,0.0
public-case30-0489,case30,21261290,30,20,190.72103237470947,True,0.9552619282379344,132.4054113794317,,ACCEPT,,REJECT_INCONSISTENT,identity_equivalence_unproven,0.0
public-case30-0490,case30,21261291,30,20,191.647820071313,True,0.9571852122330434,126.19607701728208,,ACCEPT,,REJECT_INCONSISTENT,identity_equivalence_unproven,0.0
public-case30-0491,case30,21261292,30,20,187.21743557084852,True,0.9661999218918262,92.04328597567597,,ACCEPT,,REJECT_INCONSISTENT,identity_equivalence_unproven,0.0
public-case30-0492,case30,21261293,30,20,190.0635343511959,True,0.9603421494630395,110.23230185989536,,ACCEPT,,REJECT_INCONSISTENT,identity_equivalence_unproven,0.0
public-case30-0493,case30,21261294,30,20,182.19695191027088,True,0.9650325971346048,99.5034271446975,,ACCEPT,,REJECT_INCONSISTENT,identity_equivalence_unproven,0.0
public-case30-0494,case30,21261295,30,20,191.32853970501722,True,0.9557292498316423,131.01142446268122,,ACCEPT,,REJECT_INCONSISTENT,identity_equivalence_unproven,0.0
public-case30-0495,case30,21261296,30,20,185.54621702471795,True,0.9614317613265189,110.47909175530121,,ACCEPT,,REJECT_INCONSISTENT,identity_equivalence_unproven,0.0
public-case30-0496,case30,21261297,30,20,184.4430945781729,True,0.9602459457229895,119.23488086165972,,ACCEPT,,REJECT_INCONSISTENT,identity_equivalence_unproven,0.0
public-case30-0497,case30,21261298,30,20,191.88305445057375,True,0.9573368535512993,125.96826522478592,,ACCEPT,,REJECT_INCONSISTENT,identity_equivalence_unproven,0.0
public-case30-0498,case30,21261299,30,20,195.22075471508904,True,0.9567213717054258,127.69238852951683,,ACCEPT,,REJECT_INCONSISTENT,identity_equivalence_unproven,0.0
public-case30-0499,case30,21261300,30,20,185.32081560283663,True,0.9628042292223598,104.65352148982477,,ACCEPT,,REJECT_INCONSISTENT,identity_equivalence_unproven,0.0
public-case30-0500,case30,21261301,30,20,203.12778060696348,True,0.9529990051025281,134.04677767825473,,ACCEPT,,REJECT_INCONSISTENT,identity_equivalence_unproven,0.0
public-case30-0501,case30,21261302,30,20,195.9730362006625,True,0.9540975854727965,135.87618325163552,,ACCEPT,,REJECT_INCONSISTENT,identity_equivalence_unproven,0.0
public-case30-0502,case30,21261303,30,20,197.10219382290057,True,0.9546531579068861,132.36097791598246,,ACCEPT,,REJECT_INCONSISTENT,identity_equivalence_unproven,0.0
public-case30-0503,case30,21261304,30,20,189.4215868439923,True,0.960255964523158,110.33616619421038,,ACCEPT,,REJECT_INCONSISTENT,identity_equivalence_unproven,0.0
public-case30-0504,case30,21261305,30,20,189.7104141189301,True,0.9570837501438014,126.71965699977676,,ACCEPT,,REJECT_INCONSISTENT,identity_equivalence_unproven,0.0
public-case30-0505,case30,21261306,30,20,191.1166880917733,True,0.9615770660317261,104.53856260173306,,ACCEPT,,REJECT_INCONSISTENT,identity_equivalence_unproven,0.0
public-case30-0506,case30,21261307,30,20,185.32080453238,True,0.9621638912091706,107.19054926722819,,ACCEPT,,REJECT_INCONSISTENT,identity_equivalence_unproven,0.0
public-case30-0507,case30,21261308,30,20,184.58970853892012,True,0.9592007062630228,116.81248466618202,,ACCEPT,,REJECT_INCONSISTENT,identity_equivalence_unproven,0.0
public-case30-0508,case30,21261309,30,20,185.19103113736838,True,0.9620305604074597,91.97737821317008,,ACCEPT,,REJECT_INCONSISTENT,identity_equivalence_unproven,0.0
public-case30-0509,case30,21261310,30,20,193.83085561223135,True,0.9593595032624861,115.20801379924144,,ACCEPT,,REJECT_INCONSISTENT,identity_equivalence_unproven,0.0
public-case30-0510,case30,21261311,30,20,192.3285112131416,True,0.9575308863954999,120.5702052162182,,ACCEPT,,REJECT_INCONSISTENT,identity_equivalence_unproven,0.0
public-case30-0511,case30,21261312,30,20,187.74609615743643,True,0.9600148340183389,113.69320492745443,,ACCEPT,,REJECT_INCONSISTENT,identity_equivalence_unproven,0.0
public-case30-0512,case30,21261313,30,20,192.27681053873118,True,0.9636258888762432,102.72589985668606,,ACCEPT,,REJECT_INCONSISTENT,identity_equivalence_unproven,0.0
public-case30-0513,case30,21261314,30,20,188.3531949663084,True,0.9598003341423915,119.28150348348574,,ACCEPT,,REJECT_INCONSISTENT,identity_equivalence_unproven,0.0
public-case30-0514,case30,21261315,30,20,198.1969926938354,True,0.9607682906172637,106.73795969457717,,ACCEPT,,REJECT_INCONSISTENT,identity_equivalence_unproven,0.0
public-case30-0515,case30,21261316,30,20,187.99353166687507,True,0.9576876771817013,122.18607097708176,,ACCEPT,,REJECT_INCONSISTENT,identity_equivalence_unproven,0.0
public-case30-0516,case30,21261317,30,20,178.24439847386094,True,0.9629955717581761,96.5805497920706,,ACCEPT,,REJECT_INCONSISTENT,identity_equivalence_unproven,0.0
public-case30-0517,case30,21261318,30,20,195.09040568717504,True,0.9570107201895284,121.15991086191211,,ACCEPT,,REJECT_INCONSISTENT,identity_equivalence_unproven,0.0
public-case30-0518,case30,21261319,30,20,191.59931888784996,True,0.9583231869012746,118.01184866010854,,ACCEPT,,REJECT_INCONSISTENT,identity_equivalence_unproven,0.0
public-case30-0519,case30,21261320,30,20,194.0519458100385,True,0.9638440288665795,100.87064917197588,,ACCEPT,,REJECT_INCONSISTENT,identity_equivalence_unproven,0.0
public-case30-0520,case30,21261321,30,20,190.2752788581656,True,0.9619538565198055,110.30711276462827,,ACCEPT,,REJECT_INCONSISTENT,identity_equivalence_unproven,0.0
public-case30-0521,case30,21261322,30,20,179.17993718796345,True,0.9674768361428284,93.53516972346752,,ACCEPT,,REJECT_INCONSISTENT,identity_equivalence_unproven,0.0
public-case30-0522,case30,21261323,30,20,193.0220075623519,True,0.9548328267236416,133.54128855673474,,ACCEPT,,REJECT_INCONSISTENT,identity_equivalence_unproven,0.0
public-case30-0523,case30,21261324,30,20,184.7163055054772,True,0.9645269888599849,102.389058279678,,ACCEPT,,REJECT_INCONSISTENT,identity_equivalence_unproven,0.0
public-case30-0524,case30,21261325,30,20,195.01294386941663,True,0.9580751474456567,117.69279235738207,,ACCEPT,,REJECT_INCONSISTENT,identity_equivalence_unproven,0.0
public-case30-0525,case30,21261326,30,20,176.3058437889351,True,0.9646616536274142,92.79905128214774,,ACCEPT,,REJECT_INCONSISTENT,identity_equivalence_unproven,0.0
public-case30-0526,case30,21261327,30,20,199.96704972698453,True,0.9544924647034415,131.03137321089088,,ACCEPT,,REJECT_INCONSISTENT,identity_equivalence_unproven,0.0
public-case30-0527,case30,21261328,30,20,186.72878914898027,True,0.9626773238987617,101.7584385753741,,ACCEPT,,REJECT_INCONSISTENT,identity_equivalence_unproven,0.0
public-case30-0528,case30,21261329,30,20,196.69842227688807,True,0.9572531329169082,123.01328672892981,,ACCEPT,,REJECT_INCONSISTENT,identity_equivalence_unproven,0.0
public-case30-0529,case30,21261330,30,20,181.08450272929494,True,0.9640900401030986,104.3071694645728,,ACCEPT,,REJECT_INCONSISTENT,identity_equivalence_unproven,0.0
public-case30-0530,case30,21261331,30,20,195.35308305807632,True,0.95527708147454,133.67770706391104,,ACCEPT,,REJECT_INCONSISTENT,identity_equivalence_unproven,0.0
public-case30-0531,case30,21261332,30,20,184.23564248841117,True,0.9576048088042747,128.97088662331532,,ACCEPT,,REJECT_INCONSISTENT,identity_equivalence_unproven,0.0
public-case30-0532,case30,21261333,30,20,181.64973328944694,True,0.9628526724454989,97.67304159973736,,ACCEPT,,REJECT_INCONSISTENT,identity_equivalence_unproven,0.0
public-case30-0533,case30,21261334,30,20,178.41810258241586,True,0.9637825558288956,102.33985235104134,,ACCEPT,,REJECT_INCONSISTENT,identity_equivalence_unproven,0.0
public-case30-0534,case30,21261335,30,20,182.76525646750235,True,0.9623476301109474,101.97529940680128,,ACCEPT,,REJECT_INCONSISTENT,identity_equivalence_unproven,0.0
public-case30-0535,case30,21261336,30,20,186.08070140003747,True,0.9642664076963688,92.60388594094563,,ACCEPT,,REJECT_INCONSISTENT,identity_equivalence_unproven,0.0
public-case30-0536,case30,21261337,30,20,179.9446413469088,True,0.9636369907249449,98.98944023054742,,ACCEPT,,REJECT_INCONSISTENT,identity_equivalence_unproven,0.0
public-case30-0537,case30,21261338,30,20,199.5193059126705,True,0.9576779347708377,116.73929621243688,,ACCEPT,,REJECT_INCONSISTENT,identity_equivalence_unproven,0.0
public-case30-0538,case30,21261339,30,20,186.44510528434108,True,0.9645559207480381,101.20949000394006,,ACCEPT,,REJECT_INCONSISTENT,identity_equivalence_unproven,0.0
public-case30-0539,case30,21261340,30,20,193.3639187720709,True,0.9559392334336458,134.10512459520726,,ACCEPT,,REJECT_INCONSISTENT,identity_equivalence_unproven,0.0
public-case30-0540,case30,21261341,30,20,175.09741311853566,True,0.9665158174084785,87.88492621399065,,ACCEPT,,REJECT_INCONSISTENT,identity_equivalence_unproven,0.0
public-case30-0541,case30,21261342,30,20,194.511633976138,True,0.9554487029887131,127.14732153012945,,ACCEPT,,REJECT_INCONSISTENT,identity_equivalence_unproven,0.0
public-case30-0542,case30,21261343,30,20,175.3970544527288,True,0.9635624739717297,105.03612615725604,,ACCEPT,,REJECT_INCONSISTENT,identity_equivalence_unproven,0.0
public-case30-0543,case30,21261344,30,20,192.6094783748869,True,0.9621730839584622,100.88871341253704,,ACCEPT,,REJECT_INCONSISTENT,identity_equivalence_unproven,0.0
public-case30-0544,case30,21261345,30,20,199.44291362244843,True,0.9581332662594622,113.17036105178158,,ACCEPT,,REJECT_INCONSISTENT,identity_equivalence_unproven,0.0
public-case30-0545,case30,21261346,30,20,192.69270514080497,True,0.956594003437968,128.4626450627735,,ACCEPT,,REJECT_INCONSISTENT,identity_equivalence_unproven,0.0
public-case30-0546,case30,21261347,30,20,197.42483844038367,True,0.962148827252488,102.7857765468919,,ACCEPT,,REJECT_INCONSISTENT,identity_equivalence_unproven,0.0
public-case30-0547,case30,21261348,30,20,180.5610704689887,True,0.9632416523840132,104.95941944574794,,ACCEPT,,REJECT_INCONSISTENT,identity_equivalence_unproven,0.0
public-case30-0548,case30,21261349,30,20,183.92599197327303,True,0.9628065572118158,90.72212359544714,,ACCEPT,,REJECT_INCONSISTENT,identity_equivalence_unproven,0.0
public-case30-0549,case30,21261350,30,20,185.94555496738533,True,0.960656235409372,117.09527999570454,,ACCEPT,,REJECT_INCONSISTENT,identity_equivalence_unproven,0.0
public-case30-0550,case30,21261351,30,20,184.52223327445392,True,0.9625233643645298,107.33889873623268,,ACCEPT,,REJECT_INCONSISTENT,identity_equivalence_unproven,0.0
public-case30-0551,case30,21261352,30,20,174.7715675589648,True,0.9663806082299512,95.50918506202393,,ACCEPT,,REJECT_INCONSISTENT,identity_equivalence_unproven,0.0
public-case30-0552,case30,21261353,30,20,181.21721264454462,True,0.9654685635111059,100.29718525920039,,ACCEPT,,REJECT_INCONSISTENT,identity_equivalence_unproven,0.0
public-case30-0553,case30,21261354,30,20,201.4655069220531,True,0.958644068771867,111.40799524965468,,ACCEPT,,REJECT_INCONSISTENT,identity_equivalence_unproven,0.0
public-case30-0554,case30,21261355,30,20,182.57500572124616,True,0.9672879797690054,98.33857563860158,,ACCEPT,,REJECT_INCONSISTENT,identity_equivalence_unproven,0.0
public-case30-0555,case30,21261356,30,20,198.3830012773289,True,0.9558114565722018,125.12309773124765,,ACCEPT,,REJECT_INCONSISTENT,identity_equivalence_unproven,0.0
public-case30-0556,case30,21261357,30,20,195.89398818702261,True,0.9588221886494944,115.51374835817232,,ACCEPT,,REJECT_INCONSISTENT,identity_equivalence_unproven,0.0
public-case30-0557,case30,21261358,30,20,184.0521430686113,True,0.9631290705021835,103.34016357575977,,ACCEPT,,REJECT_INCONSISTENT,identity_equivalence_unproven,0.0
public-case30-0558,case30,21261359,30,20,190.06487815324996,True,0.9616903094097707,105.13198719034594,,ACCEPT,,REJECT_INCONSISTENT,identity_equivalence_unproven,0.0
public-case30-0559,case30,21261360,30,20,196.6236089809774,True,0.9599486141377434,107.24943913391158,,ACCEPT,,REJECT_INCONSISTENT,identity_equivalence_unproven,0.0
public-case30-0560,case30,21261361,30,20,184.40149102113506,True,0.9616578088667685,105.13578165739483,,ACCEPT,,REJECT_INCONSISTENT,identity_equivalence_unproven,0.0
public-case30-0561,case30,21261362,30,20,184.06708287867963,True,0.9634184542316957,103.45840366249277,,ACCEPT,,REJECT_INCONSISTENT,identity_equivalence_unproven,0.0
public-case30-0562,case30,21261363,30,20,191.96296844847237,True,0.9560125709268597,133.84374808830944,,ACCEPT,,REJECT_INCONSISTENT,identity_equivalence_unproven,0.0
public-case30-0563,case30,21261364,30,20,198.82390728911304,True,0.9557809921010642,124.58575352730176,,ACCEPT,,REJECT_INCONSISTENT,identity_equivalence_unproven,0.0
public-case30-0564,case30,21261365,30,20,196.09757127403694,True,0.9537711151860875,134.69527305174037,,ACCEPT,,REJECT_INCONSISTENT,identity_equivalence_unproven,0.0
public-case30-0565,case30,21261366,30,20,198.21584223731367,True,0.952962743302665,134.72878096502683,,ACCEPT,,REJECT_INCONSISTENT,identity_equivalence_unproven,0.0
public-case30-0566,case30,21261367,30,20,195.64407717397393,True,0.9603369038716916,107.51614254328375,,ACCEPT,,REJECT_INCONSISTENT,identity_equivalence_unproven,0.0
public-case30-0567,case30,21261368,30,20,188.5590863875808,True,0.9628601542512115,93.59535038146858,,ACCEPT,,REJECT_INCONSISTENT,identity_equivalence_unproven,0.0
public-case30-0568,case30,21261369,30,20,198.03339562016996,True,0.9588461267217293,114.58219902699147,,ACCEPT,,REJECT_INCONSISTENT,identity_equivalence_unproven,0.0
public-case30-0569,case30,21261370,30,20,189.45318349808824,True,0.9559152545926404,128.95838518601033,,ACCEPT,,REJECT_INCONSISTENT,identity_equivalence_unproven,0.0
public-case30-0570,case30,21261371,30,20,189.87281301783295,True,0.9589213849704096,118.28050285345707,,ACCEPT,,REJECT_INCONSISTENT,identity_equivalence_unproven,0.0
public-case30-0571,case30,21261372,30,20,185.20210930617844,True,0.9613027813343838,111.75363578474852,,ACCEPT,,REJECT_INCONSISTENT,identity_equivalence_unproven,0.0
public-case30-0572,case30,21261373,30,20,178.34895795916216,True,0.9674700840487186,92.52807489292188,,ACCEPT,,REJECT_INCONSISTENT,identity_equivalence_unproven,0.0
public-case30-0573,case30,21261374,30,20,192.799321814143,True,0.9594869798471442,115.91135189653525,,ACCEPT,,REJECT_INCONSISTENT,identity_equivalence_unproven,0.0
public-case30-0574,case30,21261375,30,20,193.05630729928984,True,0.9581618161987536,122.04181417770825,,ACCEPT,,REJECT_INCONSISTENT,identity_equivalence_unproven,0.0
public-case30-0575,case30,21261376,30,20,195.4204445123445,True,0.9558954650994985,126.91584809345893,,ACCEPT,,REJECT_INCONSISTENT,identity_equivalence_unproven,0.0
public-case30-0576,case30,21261377,30,20,194.87000850936792,True,0.9569615650138292,123.44556743430657,,ACCEPT,,REJECT_INCONSISTENT,identity_equivalence_unproven,0.0
public-case30-0577,case30,21261378,30,20,196.1459397715711,True,0.9556111944246874,126.72365530028802,,ACCEPT,,REJECT_INCONSISTENT,identity_equivalence_unproven,0.0
public-case30-0578,case30,21261379,30,20,191.27612149874503,True,0.9594052219023472,117.68730183908656,,ACCEPT,,REJECT_INCONSISTENT,identity_equivalence_unproven,0.0
public-case30-0579,case30,21261380,30,20,185.10623565132735,True,0.9648526558933953,100.30110116145525,,ACCEPT,,REJECT_INCONSISTENT,identity_equivalence_unproven,0.0
public-case30-0580,case30,21261381,30,20,195.50995483336226,True,0.9549872768859574,128.980707714969,,ACCEPT,,REJECT_INCONSISTENT,identity_equivalence_unproven,0.0
public-case30-0581,case30,21261382,30,20,192.58043882353303,True,0.9594093804670432,113.54543623933577,,ACCEPT,,REJECT_INCONSISTENT,identity_equivalence_unproven,0.0
public-case30-0582,case30,21261383,30,20,192.13872308440585,True,0.9597762658974041,115.39758268173665,,ACCEPT,,REJECT_INCONSISTENT,identity_equivalence_unproven,0.0
public-case30-0583,case30,21261384,30,20,180.42110575803036,True,0.9661014396625452,88.07024455837227,,ACCEPT,,REJECT_INCONSISTENT,identity_equivalence_unproven,0.0
public-case30-0584,case30,21261385,30,20,177.7764738037916,True,0.964425262980507,102.35670406397321,,ACCEPT,,REJECT_INCONSISTENT,identity_equivalence_unproven,0.0
public-case30-0585,case30,21261386,30,20,180.95314333775943,True,0.965532795395212,97.4260994859777,,ACCEPT,,REJECT_INCONSISTENT,identity_equivalence_unproven,0.0
public-case30-0586,case30,21261387,30,20,198.45651332694106,True,0.9532261156423474,134.38083461854774,,ACCEPT,,REJECT_INCONSISTENT,identity_equivalence_unproven,0.0
public-case30-0587,case30,21261388,30,20,183.25829772555034,True,0.9632234558136931,105.29201521061037,,ACCEPT,,REJECT_INCONSISTENT,identity_equivalence_unproven,0.0
public-case30-0588,case30,21261389,30,20,187.82509106104686,True,0.9559427619810287,133.56577492224798,,ACCEPT,,REJECT_INCONSISTENT,identity_equivalence_unproven,0.0
public-case30-0589,case30,21261390,30,20,193.62211372613078,True,0.9619444049677628,105.66629524345024,,ACCEPT,,REJECT_INCONSISTENT,identity_equivalence_unproven,0.0
public-case30-0590,case30,21261391,30,20,184.6772091268283,True,0.9639975954340512,95.69407749639028,,ACCEPT,,REJECT_INCONSISTENT,identity_equivalence_unproven,0.0
public-case30-0591,case30,21261392,30,20,196.62036029183878,True,0.957136679932819,119.68177057864611,,ACCEPT,,REJECT_INCONSISTENT,identity_equivalence_unproven,0.0
public-case30-0592,case30,21261393,30,20,181.92769372754026,True,0.959063044511682,121.28150808372456,,ACCEPT,,REJECT_INCONSISTENT,identity_equivalence_unproven,0.0
public-case30-0593,case30,21261394,30,20,188.67606508866794,True,0.9592261708724795,117.88373941911476,,ACCEPT,,REJECT_INCONSISTENT,identity_equivalence_unproven,0.0
public-case30-0594,case30,21261395,30,20,189.82295742541393,True,0.9616668549172999,112.88112669740251,,ACCEPT,,REJECT_INCONSISTENT,identity_equivalence_unproven,0.0
public-case30-0595,case30,21261396,30,20,192.9401158198551,True,0.96026784792139,110.52957030149697,,ACCEPT,,REJECT_INCONSISTENT,identity_equivalence_unproven,0.0
public-case30-0596,case30,21261397,30,20,179.31755216921812,True,0.9643201637251673,100.13846039536216,,ACCEPT,,REJECT_INCONSISTENT,identity_equivalence_unproven,0.0
public-case30-0597,case30,21261398,30,20,191.42433033291806,True,0.9628813592150756,102.7966075361815,,ACCEPT,,REJECT_INCONSISTENT,identity_equivalence_unproven,0.0
public-case30-0598,case30,21261399,30,20,202.87707029529105,True,0.9544113963326243,128.68720383028094,,ACCEPT,,REJECT_INCONSISTENT,identity_equivalence_unproven,0.0
public-case30-0599,case30,21261400,30,20,202.63754504987358,True,0.9538260666757549,131.84099698522922,,ACCEPT,,REJECT_INCONSISTENT,identity_equivalence_unproven,0.0
public-case30-0600,case30,21261401,30,20,197.1868798429184,True,0.9614527243137343,100.99484539884176,,ACCEPT,,REJECT_INCONSISTENT,identity_equivalence_unproven,0.0
public-case30-0601,case30,21261402,30,20,184.28643953672346,True,0.9611187908956335,109.35107751883596,,ACCEPT,,REJECT_INCONSISTENT,identity_equivalence_unproven,0.0
public-case30-0602,case30,21261403,30,20,187.95052689122485,True,0.9604750165078186,113.28135819054943,,ACCEPT,,REJECT_INCONSISTENT,identity_equivalence_unproven,0.0
public-case30-0603,case30,21261404,30,20,182.6085627328433,True,0.9618617555523409,107.66411735633967,,ACCEPT,,REJECT_INCONSISTENT,identity_equivalence_unproven,0.0
public-case30-0604,case30,21261405,30,20,185.91721422937943,True,0.9629933566857485,108.75330513663042,,ACCEPT,,REJECT_INCONSISTENT,identity_equivalence_unproven,0.0
public-case30-0605,case30,21261406,30,20,189.4633837538751,True,0.959644351375181,118.41024146403296,,ACCEPT,,REJECT_INCONSISTENT,identity_equivalence_unproven,0.0
public-case30-0606,case30,21261407,30,20,197.01711323362457,True,0.9531817089859715,135.38016883831827,,ACCEPT,,REJECT_INCONSISTENT,identity_equivalence_unproven,0.0
public-case30-0607,case30,21261408,30,20,183.00064133139628,True,0.9595572511495724,119.37397915868834,,ACCEPT,,REJECT_INCONSISTENT,identity_equivalence_unproven,0.0
public-case30-0608,case30,21261409,30,20,189.42428652151565,True,0.9566377899782176,133.77676604656324,,ACCEPT,,REJECT_INCONSISTENT,identity_equivalence_unproven,0.0
public-case30-0609,case30,21261410,30,20,191.92226521703208,True,0.9630149588326458,101.29623928931547,,ACCEPT,,REJECT_INCONSISTENT,identity_equivalence_unproven,0.0
public-case30-0610,case30,21261411,30,20,195.90172981677102,True,0.9617042512165428,105.16573342467426,,ACCEPT,,REJECT_INCONSISTENT,identity_equivalence_unproven,0.0
public-case30-0611,case30,21261412,30,20,195.2026750347932,True,0.9566473237703376,127.38309914018954,,ACCEPT,,REJECT_INCONSISTENT,identity_equivalence_unproven,0.0
public-case30-0612,case30,21261413,30,20,187.85162320207687,True,0.9583649402749036,120.53208672353746,,ACCEPT,,REJECT_INCONSISTENT,identity_equivalence_unproven,0.0
public-case30-0613,case30,21261414,30,20,181.58048013516756,True,0.9622290736198352,108.31096948749155,,ACCEPT,,REJECT_INCONSISTENT,identity_equivalence_unproven,0.0
public-case30-0614,case30,21261415,30,20,184.69559593343268,True,0.9616454112464278,110.81016423068743,,ACCEPT,,REJECT_INCONSISTENT,identity_equivalence_unproven,0.0
public-case30-0615,case30,21261416,30,20,196.94471734950216,True,0.957504461872768,119.59253144313801,,ACCEPT,,REJECT_INCONSISTENT,identity_equivalence_unproven,0.0
public-case30-0616,case30,21261417,30,20,195.52165064375782,True,0.9613766879408213,106.51437119622736,,ACCEPT,,REJECT_INCONSISTENT,identity_equivalence_unproven,0.0
public-case30-0617,case30,21261418,30,20,192.7166033519059,True,0.9630066870537004,100.63256835764432,,ACCEPT,,REJECT_INCONSISTENT,identity_equivalence_unproven,0.0
public-case30-0618,case30,21261419,30,20,187.4621661880013,True,0.9577380522548273,121.65727176228813,,ACCEPT,,REJECT_INCONSISTENT,identity_equivalence_unproven,0.0
public-case30-0619,case30,21261420,30,20,194.13384419867037,True,0.9587494692205246,115.54252055915131,,ACCEPT,,REJECT_INCONSISTENT,identity_equivalence_unproven,0.0
public-case30-0620,case30,21261421,30,20,188.6919191025985,True,0.9640463583664606,89.43556312558569,,ACCEPT,,REJECT_INCONSISTENT,identity_equivalence_unproven,0.0
public-case30-0621,case30,21261422,30,20,193.15311948516754,True,0.9597419796484341,113.05788466046846,,ACCEPT,,REJECT_INCONSISTENT,identity_equivalence_unproven,0.0
public-case30-0622,case30,21261423,30,20,192.88153403986203,True,0.9590664956348065,121.42781143642488,,ACCEPT,,REJECT_INCONSISTENT,identity_equivalence_unproven,0.0
public-case30-0623,case30,21261424,30,20,191.76067576481117,True,0.9617895495526988,103.55199951704621,,ACCEPT,,REJECT_INCONSISTENT,identity_equivalence_unproven,0.0
public-case30-0624,case30,21261425,30,20,184.98790464115075,True,0.9561205237640854,133.46294619925035,,ACCEPT,,REJECT_INCONSISTENT,identity_equivalence_unproven,0.0
public-case30-0625,case30,21261426,30,20,196.22585311706868,True,0.9537728167213769,135.18958873363977,,ACCEPT,,REJECT_INCONSISTENT,identity_equivalence_unproven,0.0
public-case30-0626,case30,21261427,30,20,178.48180370482,True,0.965029788192901,99.4547436670992,,ACCEPT,,REJECT_INCONSISTENT,identity_equivalence_unproven,0.0
public-case30-0627,case30,21261428,30,20,181.50132475343983,True,0.9609389398432863,114.51675295888424,,ACCEPT,,REJECT_INCONSISTENT,identity_equivalence_unproven,0.0
public-case30-0628,case30,21261429,30,20,184.57345241734345,True,0.9608569622491518,113.58220280147826,,ACCEPT,,REJECT_INCONSISTENT,identity_equivalence_unproven,0.0
public-case30-0629,case30,21261430,30,20,195.83128884357262,True,0.957186079803726,124.76752756991367,,ACCEPT,,REJECT_INCONSISTENT,identity_equivalence_unproven,0.0
public-case30-0630,case30,21261431,30,20,194.12269061979384,True,0.9547625732963233,132.46372464022033,,ACCEPT,,REJECT_INCONSISTENT,identity_equivalence_unproven,0.0
public-case30-0631,case30,21261432,30,20,175.67423233777728,True,0.9641663964501116,106.01981780993322,,ACCEPT,,REJECT_INCONSISTENT,identity_equivalence_unproven,0.0
public-case30-0632,case30,21261433,30,20,191.95127498302156,True,0.964054416285744,99.05960241794351,,ACCEPT,,REJECT_INCONSISTENT,identity_equivalence_unproven,0.0
public-case30-0633,case30,21261434,30,20,192.56129682595375,True,0.9542724289661071,135.38832238233445,,ACCEPT,,REJECT_INCONSISTENT,identity_equivalence_unproven,0.0
public-case30-0634,case30,21261435,30,20,183.90373396940151,True,0.9607327152398774,115.6786206935032,,ACCEPT,,REJECT_INCONSISTENT,identity_equivalence_unproven,0.0
public-case30-0635,case30,21261436,30,20,176.29706901813574,True,0.9673677077606317,92.05678146967502,,ACCEPT,,REJECT_INCONSISTENT,identity_equivalence_unproven,0.0
public-case30-0636,case30,21261437,30,20,195.24790909813376,True,0.9547347248219807,130.26489921060931,,ACCEPT,,REJECT_INCONSISTENT,identity_equivalence_unproven,0.0
public-case30-0637,case30,21261438,30,20,188.19691143660427,True,0.9600709734284935,113.09958724312101,,ACCEPT,,REJECT_INCONSISTENT,identity_equivalence_unproven,0.0
public-case30-0638,case30,21261439,30,20,186.34208632309048,True,0.9623898669016537,105.88029479347547,,ACCEPT,,REJECT_INCONSISTENT,identity_equivalence_unproven,0.0
public-case30-0639,case30,21261440,30,20,187.7506038026307,True,0.9632889766040771,103.9611629538514,,ACCEPT,,REJECT_INCONSISTENT,identity_equivalence_unproven,0.0
public-case30-0640,case30,21261441,30,20,195.5277929727193,True,0.96073837736884,106.76476033243316,,ACCEPT,,REJECT_INCONSISTENT,identity_equivalence_unproven,0.0
public-case30-0641,case30,21261442,30,20,193.16341779896374,True,0.9579192229541789,119.57443131322587,,ACCEPT,,REJECT_INCONSISTENT,identity_equivalence_unproven,0.0
public-case30-0642,case30,21261443,30,20,184.29167159860603,True,0.9627524348839882,109.41413118264663,,ACCEPT,,REJECT_INCONSISTENT,identity_equivalence_unproven,0.0
public-case30-0643,case30,21261444,30,20,203.64114835079073,True,0.9610654759388922,100.97186658342665,,ACCEPT,,REJECT_INCONSISTENT,identity_equivalence_unproven,0.0
public-case30-0644,case30,21261445,30,20,186.2295279160524,True,0.9645689283744462,95.50022381119085,,ACCEPT,,REJECT_INCONSISTENT,identity_equivalence_unproven,0.0
public-case30-0645,case30,21261446,30,20,179.32702713078163,True,0.9601340401271253,121.48823351599327,,ACCEPT,,REJECT_INCONSISTENT,identity_equivalence_unproven,0.0
public-case30-0646,case30,21261447,30,20,190.70550908387335,True,0.9615530425004503,101.8626841986286,,ACCEPT,,REJECT_INCONSISTENT,identity_equivalence_unproven,0.0
public-case30-0647,case30,21261448,30,20,191.3053523149718,True,0.9616480766157505,91.27316297196246,,ACCEPT,,REJECT_INCONSISTENT,identity_equivalence_unproven,0.0
public-case30-0648,case30,21261449,30,20,186.4273571365103,True,0.9605751626722161,113.10042525232606,,ACCEPT,,REJECT_INCONSISTENT,identity_equivalence_unproven,0.0
public-case30-0649,case30,21261450,30,20,181.07558581671225,True,0.9585633071318113,123.50030551297007,,ACCEPT,,REJECT_INCONSISTENT,identity_equivalence_unproven,0.0
public-case30-0650,case30,21261451,30,20,191.35192908807423,True,0.9561082383307636,125.22719196379421,,ACCEPT,,REJECT_INCONSISTENT,identity_equivalence_unproven,0.0
public-case30-0651,case30,21261452,30,20,186.18194559739834,True,0.9646178468613781,100.68197697901763,,ACCEPT,,REJECT_INCONSISTENT,identity_equivalence_unproven,0.0
public-case30-0652,case30,21261453,30,20,192.39882436605993,True,0.962381759120215,101.81082998314774,,ACCEPT,,REJECT_INCONSISTENT,identity_equivalence_unproven,0.0
public-case30-0653,case30,21261454,30,20,199.45805651550685,True,0.9603643817155564,110.177269019188,,ACCEPT,,REJECT_INCONSISTENT,identity_equivalence_unproven,0.0
public-case30-0654,case30,21261455,30,20,177.11323602379449,True,0.9666696600911858,93.1617006759024,,ACCEPT,,REJECT_INCONSISTENT,identity_equivalence_unproven,0.0
public-case30-0655,case30,21261456,30,20,192.41887539886235,True,0.956859182895514,129.84625365937293,,ACCEPT,,REJECT_INCONSISTENT,identity_equivalence_unproven,0.0
public-case30-0656,case30,21261457,30,20,199.23281423643877,True,0.9539591122134389,132.17116545539517,,ACCEPT,,REJECT_INCONSISTENT,identity_equivalence_unproven,0.0
public-case30-0657,case30,21261458,30,20,187.32362350987142,True,0.9599078796108009,120.07883246721289,,ACCEPT,,REJECT_INCONSISTENT,identity_equivalence_unproven,0.0
public-case30-0658,case30,21261459,30,20,178.29791217510646,True,0.9641806259832308,89.69374199997002,,ACCEPT,,REJECT_INCONSISTENT,identity_equivalence_unproven,0.0
public-case30-0659,case30,21261460,30,20,190.57289976925975,True,0.957048368929163,129.32361083444036,,ACCEPT,,REJECT_INCONSISTENT,identity_equivalence_unproven,0.0
public-case30-0660,case30,21261461,30,20,194.84885307945999,True,0.9554412540858509,128.97053180477536,,ACCEPT,,REJECT_INCONSISTENT,identity_equivalence_unproven,0.0
public-case30-0661,case30,21261462,30,20,197.84216244054267,True,0.9584781494836031,115.26501008419953,,ACCEPT,,REJECT_INCONSISTENT,identity_equivalence_unproven,0.0
public-case30-0662,case30,21261463,30,20,188.5943243887071,True,0.9640142576122958,98.81316558793316,,ACCEPT,,REJECT_INCONSISTENT,identity_equivalence_unproven,0.0
public-case30-0663,case30,21261464,30,20,192.14684934169597,True,0.9570044068351098,126.63613501662267,,ACCEPT,,REJECT_INCONSISTENT,identity_equivalence_unproven,0.0
public-case30-0664,case30,21261465,30,20,199.0307790555893,True,0.9547053316384013,130.01650284311384,,ACCEPT,,REJECT_INCONSISTENT,identity_equivalence_unproven,0.0
public-case30-0665,case30,21261466,30,20,187.97144463434907,True,0.9590510074547202,117.73109609311551,,ACCEPT,,REJECT_INCONSISTENT,identity_equivalence_unproven,0.0
public-case30-0666,case30,21261467,30,20,189.49431831913824,True,0.9604844138566905,117.60598101453547,,ACCEPT,,REJECT_INCONSISTENT,identity_equivalence_unproven,0.0
public-case30-0667,case30,21261468,30,20,198.45827347785098,True,0.9535123145179786,133.3549551625165,,ACCEPT,,REJECT_INCONSISTENT,identity_equivalence_unproven,0.0
public-case30-0668,case30,21261469,30,20,185.7663187034344,True,0.9628110966163745,94.53239497206246,,ACCEPT,,REJECT_INCONSISTENT,identity_equivalence_unproven,0.0
public-case30-0669,case30,21261470,30,20,184.80492749937824,True,0.9601513142041282,114.5482850302484,,ACCEPT,,REJECT_INCONSISTENT,identity_equivalence_unproven,0.0
public-case30-0670,case30,21261471,30,20,185.88554279000562,True,0.9565890446200258,131.03019079919264,,ACCEPT,,REJECT_INCONSISTENT,identity_equivalence_unproven,0.0
public-case30-0671,case30,21261472,30,20,182.95282234108916,True,0.9635205812757104,89.90486425560977,,ACCEPT,,REJECT_INCONSISTENT,identity_equivalence_unproven,0.0
public-case30-0672,case30,21261473,30,20,193.86271354346033,True,0.9553094129941583,129.8868767637216,,ACCEPT,,REJECT_INCONSISTENT,identity_equivalence_unproven,0.0
public-case30-0673,case30,21261474,30,20,182.54305254998198,True,0.9654975547896364,98.64065596254432,,ACCEPT,,REJECT_INCONSISTENT,identity_equivalence_unproven,0.0
public-case30-0674,case30,21261475,30,20,191.28058806634155,True,0.9648916240591862,95.15728773846375,,ACCEPT,,REJECT_INCONSISTENT,identity_equivalence_unproven,0.0
public-case30-0675,case30,21261476,30,20,180.28160165132996,True,0.963188610640509,97.31859423385156,,ACCEPT,,REJECT_INCONSISTENT,identity_equivalence_unproven,0.0
public-case30-0676,case30,21261477,30,20,192.5332889962038,True,0.9569205166241604,124.9149206448787,,ACCEPT,,REJECT_INCONSISTENT,identity_equivalence_unproven,0.0
public-case30-0677,case30,21261478,30,20,189.63631828371598,True,0.9637445250483018,92.7373951514241,,ACCEPT,,REJECT_INCONSISTENT,identity_equivalence_unproven,0.0
public-case30-0678,case30,21261479,30,20,191.02043014714718,True,0.9585417812882069,118.22519439907153,,ACCEPT,,REJECT_INCONSISTENT,identity_equivalence_unproven,0.0
public-case30-0679,case30,21261480,30,20,179.38048289241104,True,0.9648595357921874,97.31206381604379,,ACCEPT,,REJECT_INCONSISTENT,identity_equivalence_unproven,0.0
public-case30-0680,case30,21261481,30,20,193.56423321598908,True,0.9582778092266032,119.23010675678083,,ACCEPT,,REJECT_INCONSISTENT,identity_equivalence_unproven,0.0
public-case30-0681,case30,21261482,30,20,194.4777082653237,True,0.9563829997407076,128.45153613416292,,ACCEPT,,REJECT_INCONSISTENT,identity_equivalence_unproven,0.0
public-case30-0682,case30,21261483,30,20,184.05425948031188,True,0.9657218245334057,94.4045066723321,,ACCEPT,,REJECT_INCONSISTENT,identity_equivalence_unproven,0.0
public-case30-0683,case30,21261484,30,20,188.15940616532666,True,0.9655968783631176,101.48966050281744,,ACCEPT,,REJECT_INCONSISTENT,identity_equivalence_unproven,0.0
public-case30-0684,case30,21261485,30,20,176.49030538384565,True,0.9627695173286456,111.88211256059166,,ACCEPT,,REJECT_INCONSISTENT,identity_equivalence_unproven,0.0
public-case30-0685,case30,21261486,30,20,188.09084028216648,True,0.9598940406744311,114.25551195999259,,ACCEPT,,REJECT_INCONSISTENT,identity_equivalence_unproven,0.0
public-case30-0686,case30,21261487,30,20,205.85727860136927,True,0.954003870896636,129.47848349180245,,ACCEPT,,REJECT_INCONSISTENT,identity_equivalence_unproven,0.0
public-case30-0687,case30,21261488,30,20,186.87955010965536,True,0.9636745827424837,98.79996059604042,,ACCEPT,,REJECT_INCONSISTENT,identity_equivalence_unproven,0.0
public-case30-0688,case30,21261489,30,20,192.45689167582705,True,0.961178929450364,110.141969747568,,ACCEPT,,REJECT_INCONSISTENT,identity_equivalence_unproven,0.0
public-case30-0689,case30,21261490,30,20,191.84273423389237,True,0.9577034011115827,123.82729905389438,,ACCEPT,,REJECT_INCONSISTENT,identity_equivalence_unproven,0.0
public-case30-0690,case30,21261491,30,20,183.68162416346556,True,0.9645018605146772,99.64235666182219,,ACCEPT,,REJECT_INCONSISTENT,identity_equivalence_unproven,0.0
public-case30-0691,case30,21261492,30,20,188.36341427494136,True,0.9648632910196213,98.9898423080643,,ACCEPT,,REJECT_INCONSISTENT,identity_equivalence_unproven,0.0
public-case30-0692,case30,21261493,30,20,190.33640583018993,True,0.9591425596914849,119.85294933445371,,ACCEPT,,REJECT_INCONSISTENT,identity_equivalence_unproven,0.0
public-case30-0693,case30,21261494,30,20,191.39258369590343,True,0.9603098840055224,116.59085921540529,,ACCEPT,,REJECT_INCONSISTENT,identity_equivalence_unproven,0.0
public-case30-0694,case30,21261495,30,20,177.7902047851974,True,0.9658781184447198,91.46995377626371,,ACCEPT,,REJECT_INCONSISTENT,identity_equivalence_unproven,0.0
public-case30-0695,case30,21261496,30,20,192.91565467964767,True,0.9548198254186627,134.96703552751552,,ACCEPT,,REJECT_INCONSISTENT,identity_equivalence_unproven,0.0
public-case30-0696,case30,21261497,30,20,191.504952744204,True,0.9592431006916441,113.27708069947239,,ACCEPT,,REJECT_INCONSISTENT,identity_equivalence_unproven,0.0
public-case30-0697,case30,21261498,30,20,174.65732311658073,True,0.9621736490094572,96.11042402203708,,ACCEPT,,REJECT_INCONSISTENT,identity_equivalence_unproven,0.0
public-case30-0698,case30,21261499,30,20,183.31145665352904,True,0.9663193145217754,88.14614603028107,,ACCEPT,,REJECT_INCONSISTENT,identity_equivalence_unproven,0.0
public-case30-0699,case30,21261500,30,20,186.16164419265385,True,0.9625869098935821,110.41383212633409,,ACCEPT,,REJECT_INCONSISTENT,identity_equivalence_unproven,0.0
public-case30-0700,case30,21261501,30,20,189.28274174639634,True,0.9619714457523842,103.28351559309708,,ACCEPT,,REJECT_INCONSISTENT,identity_equivalence_unproven,0.0
public-case30-0701,case30,21261502,30,20,188.3977656845079,True,0.9612291330452803,106.30233936898294,,ACCEPT,,REJECT_INCONSISTENT,identity_equivalence_unproven,0.0
public-case30-0702,case30,21261503,30,20,194.11916377363687,True,0.9556780477878536,130.33047761335584,,ACCEPT,,REJECT_INCONSISTENT,identity_equivalence_unproven,0.0
public-case30-0703,case30,21261504,30,20,181.38674913226495,True,0.9616768670536674,109.97565471680102,,ACCEPT,,REJECT_INCONSISTENT,identity_equivalence_unproven,0.0
public-case30-0704,case30,21261505,30,20,185.72790001831487,True,0.9615547697916085,108.40735920458037,,ACCEPT,,REJECT_INCONSISTENT,identity_equivalence_unproven,0.0
public-case30-0705,case30,21261506,30,20,190.93031575848622,True,0.9560556083987418,131.4621652544197,,ACCEPT,,REJECT_INCONSISTENT,identity_equivalence_unproven,0.0
public-case30-0706,case30,21261507,30,20,188.3539261865982,True,0.9606119030194207,110.58617448124141,,ACCEPT,,REJECT_INCONSISTENT,identity_equivalence_unproven,0.0
public-case30-0707,case30,21261508,30,20,181.26065794612737,True,0.9561346376635976,134.972645953032,,ACCEPT,,REJECT_INCONSISTENT,identity_equivalence_unproven,0.0
public-case30-0708,case30,21261509,30,20,186.43737841821724,True,0.9622081200098356,107.79728335200318,,ACCEPT,,REJECT_INCONSISTENT,identity_equivalence_unproven,0.0
public-case30-0709,case30,21261510,30,20,196.08589713548696,True,0.9557131018175993,128.7978214570149,,ACCEPT,,REJECT_INCONSISTENT,identity_equivalence_unproven,0.0
public-case30-0710,case30,21261511,30,20,197.97615006770909,True,0.9574758700541026,121.90919872926213,,ACCEPT,,REJECT_INCONSISTENT,identity_equivalence_unproven,0.0
public-case30-0711,case30,21261512,30,20,192.36721623983925,True,0.9577090866433562,120.1004140578739,,ACCEPT,,REJECT_INCONSISTENT,identity_equivalence_unproven,0.0
public-case30-0712,case30,21261513,30,20,195.88022810164776,True,0.9583362508265157,120.18351930632387,,ACCEPT,,REJECT_INCONSISTENT,identity_equivalence_unproven,0.0
public-case30-0713,case30,21261514,30,20,195.96419214451723,True,0.9601799821041237,110.76526572288124,,ACCEPT,,REJECT_INCONSISTENT,identity_equivalence_unproven,0.0
public-case30-0714,case30,21261515,30,20,183.19884766164392,True,0.9611527245153707,113.13963373566955,,ACCEPT,,REJECT_INCONSISTENT,identity_equivalence_unproven,0.0
public-case30-0715,case30,21261516,30,20,198.0160692758978,True,0.9581610510732106,117.48897774969632,,ACCEPT,,REJECT_INCONSISTENT,identity_equivalence_unproven,0.0
public-case30-0716,case30,21261517,30,20,187.96988397030555,True,0.9595924672202253,115.21177941760547,,ACCEPT,,REJECT_INCONSISTENT,identity_equivalence_unproven,0.0
public-case30-0717,case30,21261518,30,20,185.89225586274623,True,0.9644629837825627,102.20926482317576,,ACCEPT,,REJECT_INCONSISTENT,identity_equivalence_unproven,0.0
public-case30-0718,case30,21261519,30,20,194.7631810119172,True,0.9589807558818897,114.39226608057002,,ACCEPT,,REJECT_INCONSISTENT,identity_equivalence_unproven,0.0
public-case30-0719,case30,21261520,30,20,195.87999508678485,True,0.9608427095677045,105.7259576961552,,ACCEPT,,REJECT_INCONSISTENT,identity_equivalence_unproven,0.0
public-case30-0720,case30,21261521,30,20,195.518939940232,True,0.9586496274478619,116.76114560923601,,ACCEPT,,REJECT_INCONSISTENT,identity_equivalence_unproven,0.0
public-case30-0721,case30,21261522,30,20,184.32859813664206,True,0.9569858493501707,129.32846162085175,,ACCEPT,,REJECT_INCONSISTENT,identity_equivalence_unproven,0.0
public-case30-0722,case30,21261523,30,20,191.758864371476,True,0.9645058938115032,101.83220055554014,,ACCEPT,,REJECT_INCONSISTENT,identity_equivalence_unproven,0.0
public-case30-0723,case30,21261524,30,20,195.70904563353446,True,0.9556630540725691,128.0692835671314,,ACCEPT,,REJECT_INCONSISTENT,identity_equivalence_unproven,0.0
public-case30-0724,case30,21261525,30,20,189.43601090193232,True,0.9577451056244077,126.43838869595466,,ACCEPT,,REJECT_INCONSISTENT,identity_equivalence_unproven,0.0
public-case30-0725,case30,21261526,30,20,176.19070509243622,True,0.9647960627091161,101.1622753964163,,ACCEPT,,REJECT_INCONSISTENT,identity_equivalence_unproven,0.0
public-case30-0726,case30,21261527,30,20,183.98860778037155,True,0.9650442789850697,93.67982396165225,,ACCEPT,,REJECT_INCONSISTENT,identity_equivalence_unproven,0.0
public-case30-0727,case30,21261528,30,20,187.39741233680422,True,0.9627324303681969,100.34027837009285,,ACCEPT,,REJECT_INCONSISTENT,identity_equivalence_unproven,0.0
public-case30-0728,case30,21261529,30,20,197.28195178467672,True,0.9590970620238076,113.71323453270692,,ACCEPT,,REJECT_INCONSISTENT,identity_equivalence_unproven,0.0
public-case30-0729,case30,21261530,30,20,188.10623140341448,True,0.9576483510792538,125.02229099678648,,ACCEPT,,REJECT_INCONSISTENT,identity_equivalence_unproven,0.0
public-case30-0730,case30,21261531,30,20,186.2559362247608,True,0.9599201012635797,117.99636834989893,,ACCEPT,,REJECT_INCONSISTENT,identity_equivalence_unproven,0.0
public-case30-0731,case30,21261532,30,20,191.25187433281064,True,0.9596478491853764,119.8559386642059,,ACCEPT,,REJECT_INCONSISTENT,identity_equivalence_unproven,0.0
public-case30-0732,case30,21261533,30,20,179.08254571662528,True,0.9629322326029738,96.72273109725027,,ACCEPT,,REJECT_INCONSISTENT,identity_equivalence_unproven,0.0
public-case30-0733,case30,21261534,30,20,192.2677796787251,True,0.9606160024234278,112.98135496811199,,ACCEPT,,REJECT_INCONSISTENT,identity_equivalence_unproven,0.0
public-case30-0734,case30,21261535,30,20,183.64496136762466,True,0.9644780895666558,94.9293413519698,,ACCEPT,,REJECT_INCONSISTENT,identity_equivalence_unproven,0.0
public-case30-0735,case30,21261536,30,20,177.70630045970694,True,0.9637355227066484,105.23820463218756,,ACCEPT,,REJECT_INCONSISTENT,identity_equivalence_unproven,0.0
public-case30-0736,case30,21261537,30,20,181.12221203310693,True,0.956371405657122,134.97403060794326,,ACCEPT,,REJECT_INCONSISTENT,identity_equivalence_unproven,0.0
public-case30-0737,case30,21261538,30,20,185.6481919709512,True,0.9565585454138616,132.81583986451307,,ACCEPT,,REJECT_INCONSISTENT,identity_equivalence_unproven,0.0
public-case30-0738,case30,21261539,30,20,192.5126978317496,True,0.9593187254493997,118.02334598248001,,ACCEPT,,REJECT_INCONSISTENT,identity_equivalence_unproven,0.0
public-case30-0739,case30,21261540,30,20,198.68728265856066,True,0.9534098806613527,134.79926803923343,,ACCEPT,,REJECT_INCONSISTENT,identity_equivalence_unproven,0.0
public-case30-0740,case30,21261541,30,20,196.40733897345834,True,0.9571487112522592,124.20453251114094,,ACCEPT,,REJECT_INCONSISTENT,identity_equivalence_unproven,0.0
public-case30-0741,case30,21261542,30,20,191.60783162056,True,0.9639029579926403,100.07295930703218,,ACCEPT,,REJECT_INCONSISTENT,identity_equivalence_unproven,0.0
public-case30-0742,case30,21261543,30,20,189.62326607851392,True,0.959975328898568,108.94501873458016,,ACCEPT,,REJECT_INCONSISTENT,identity_equivalence_unproven,0.0
public-case30-0743,case30,21261544,30,20,185.96857753112107,True,0.9565926323868919,131.08147208310882,,ACCEPT,,REJECT_INCONSISTENT,identity_equivalence_unproven,0.0
public-case30-0744,case30,21261545,30,20,174.8428576116651,True,0.963054731813047,95.84857477908196,,ACCEPT,,REJECT_INCONSISTENT,identity_equivalence_unproven,0.0
public-case30-0745,case30,21261546,30,20,195.42615315535062,True,0.956447988594522,124.33364864062386,,ACCEPT,,REJECT_INCONSISTENT,identity_equivalence_unproven,0.0
public-case30-0746,case30,21261547,30,20,203.50389878432247,True,0.9532953256033261,135.9379657824639,,ACCEPT,,REJECT_INCONSISTENT,identity_equivalence_unproven,0.0
public-case30-0747,case30,21261548,30,20,184.80358068733497,True,0.9599705956466298,111.99170654295425,,ACCEPT,,REJECT_INCONSISTENT,identity_equivalence_unproven,0.0
public-case30-0748,case30,21261549,30,20,187.21866663030542,True,0.9603193411385735,115.90924917426572,,ACCEPT,,REJECT_INCONSISTENT,identity_equivalence_unproven,0.0
public-case30-0749,case30,21261550,30,20,186.1766116100169,True,0.9634910650299372,100.0304303963583,,ACCEPT,,REJECT_INCONSISTENT,identity_equivalence_unproven,0.0
public-case30-0750,case30,21261551,30,20,191.78965218277287,True,0.9621973303858847,105.67600810000579,,ACCEPT,,REJECT_INCONSISTENT,identity_equivalence_unproven,0.0
public-case30-0751,case30,21261552,30,20,195.21305435148804,True,0.9570581060371297,123.40354854127608,,ACCEPT,,REJECT_INCONSISTENT,identity_equivalence_unproven,0.0
public-case30-0752,case30,21261553,30,20,191.88608382935132,True,0.9569882632202238,131.0932615962917,,ACCEPT,,REJECT_INCONSISTENT,identity_equivalence_unproven,0.0
public-case30-0753,case30,21261554,30,20,195.55421969342,True,0.9560213109109562,128.41983011016796,,ACCEPT,,REJECT_INCONSISTENT,identity_equivalence_unproven,0.0
public-case30-0754,case30,21261555,30,20,190.3911010322188,True,0.9578475733414933,127.0047333769292,,ACCEPT,,REJECT_INCONSISTENT,identity_equivalence_unproven,0.0
public-case30-0755,case30,21261556,30,20,189.90944679666705,True,0.960398757629117,110.69823901133785,,ACCEPT,,REJECT_INCONSISTENT,identity_equivalence_unproven,0.0
public-case30-0756,case30,21261557,30,20,195.27356833361395,True,0.9596676058648738,112.00986360938347,,ACCEPT,,REJECT_INCONSISTENT,identity_equivalence_unproven,0.0
public-case30-0757,case30,21261558,30,20,197.4072287753052,True,0.9549308936171952,131.09362619655747,,ACCEPT,,REJECT_INCONSISTENT,identity_equivalence_unproven,0.0
public-case30-0758,case30,21261559,30,20,191.06588717605672,True,0.9570298581928091,124.06166309540025,,ACCEPT,,REJECT_INCONSISTENT,identity_equivalence_unproven,0.0
public-case30-0759,case30,21261560,30,20,184.23884659509946,True,0.9599427971440323,115.03293062754045,,ACCEPT,,REJECT_INCONSISTENT,identity_equivalence_unproven,0.0
public-case30-0760,case30,21261561,30,20,198.97124274745312,True,0.9550759527863887,128.75366752013935,,ACCEPT,,REJECT_INCONSISTENT,identity_equivalence_unproven,0.0
public-case30-0761,case30,21261562,30,20,172.53103171507385,True,0.9654312864296526,97.47670881339162,,ACCEPT,,REJECT_INCONSISTENT,identity_equivalence_unproven,0.0
public-case30-0762,case30,21261563,30,20,178.3088355275231,True,0.9661495602386865,98.84210308679636,,ACCEPT,,REJECT_INCONSISTENT,identity_equivalence_unproven,0.0
public-case30-0763,case30,21261564,30,20,189.34776395202988,True,0.9616799349241022,110.32599188574127,,ACCEPT,,REJECT_INCONSISTENT,identity_equivalence_unproven,0.0
public-case30-0764,case30,21261565,30,20,194.45539931525724,True,0.9621078733017091,104.0144083072286,,ACCEPT,,REJECT_INCONSISTENT,identity_equivalence_unproven,0.0
public-case30-0765,case30,21261566,30,20,191.62833649125176,True,0.9623405856188423,102.17500851294506,,ACCEPT,,REJECT_INCONSISTENT,identity_equivalence_unproven,0.0
public-case30-0766,case30,21261567,30,20,187.9984268553867,True,0.9589991510962405,117.17289126784978,,ACCEPT,,REJECT_INCONSISTENT,identity_equivalence_unproven,0.0
public-case30-0767,case30,21261568,30,20,187.3624565151624,True,0.9563979603814238,129.53583600211033,,ACCEPT,,REJECT_INCONSISTENT,identity_equivalence_unproven,0.0
public-case30-0768,case30,21261569,30,20,187.59037017674981,True,0.9626175262696117,107.99218644272185,,ACCEPT,,REJECT_INCONSISTENT,identity_equivalence_unproven,0.0
public-case30-0769,case30,21261570,30,20,186.80267245056802,True,0.9611151492681722,108.92015359064293,,ACCEPT,,REJECT_INCONSISTENT,identity_equivalence_unproven,0.0
public-case30-0770,case30,21261571,30,20,183.4036220757052,True,0.9614151881882549,112.163287283171,,ACCEPT,,REJECT_INCONSISTENT,identity_equivalence_unproven,0.0
public-case30-0771,case30,21261572,30,20,179.00871410522308,True,0.964787908784889,88.82279071676238,,ACCEPT,,REJECT_INCONSISTENT,identity_equivalence_unproven,0.0
public-case30-0772,case30,21261573,30,20,189.59892396496645,True,0.9661647969205379,95.78787046131643,,ACCEPT,,REJECT_INCONSISTENT,identity_equivalence_unproven,0.0
public-case30-0773,case30,21261574,30,20,181.6287970355509,True,0.9639416731375995,101.83769457658742,,ACCEPT,,REJECT_INCONSISTENT,identity_equivalence_unproven,0.0
public-case30-0774,case30,21261575,30,20,186.91949408592487,True,0.9571575859853468,124.03782982489187,,ACCEPT,,REJECT_INCONSISTENT,identity_equivalence_unproven,0.0
public-case30-0775,case30,21261576,30,20,188.3428032981241,True,0.9581497479655979,120.76775571847446,,ACCEPT,,REJECT_INCONSISTENT,identity_equivalence_unproven,0.0
public-case30-0776,case30,21261577,30,20,181.0312291425766,True,0.96275428069798,107.67628096957694,,ACCEPT,,REJECT_INCONSISTENT,identity_equivalence_unproven,0.0
public-case30-0777,case30,21261578,30,20,178.20139303412589,True,0.9654587552526154,93.48776110579632,,ACCEPT,,REJECT_INCONSISTENT,identity_equivalence_unproven,0.0
public-case30-0778,case30,21261579,30,20,184.44880427928254,True,0.9623942486679072,104.04672542179254,,ACCEPT,,REJECT_INCONSISTENT,identity_equivalence_unproven,0.0
public-case30-0779,case30,21261580,30,20,182.63911454175252,True,0.9660683792871564,91.1624358628407,,ACCEPT,,REJECT_INCONSISTENT,identity_equivalence_unproven,0.0
public-case30-0780,case30,21261581,30,20,186.53731926303107,True,0.9616098882975076,107.63625939818114,,ACCEPT,,REJECT_INCONSISTENT,identity_equivalence_unproven,0.0
public-case30-0781,case30,21261582,30,20,187.8914346220875,True,0.962850994967693,97.34537083631106,,ACCEPT,,REJECT_INCONSISTENT,identity_equivalence_unproven,0.0
public-case30-0782,case30,21261583,30,20,190.52917246815264,True,0.9628753051658091,105.10417789162376,,ACCEPT,,REJECT_INCONSISTENT,identity_equivalence_unproven,0.0
public-case30-0783,case30,21261584,30,20,186.58673875977414,True,0.9593889429811304,122.6121470434552,,ACCEPT,,REJECT_INCONSISTENT,identity_equivalence_unproven,0.0
public-case30-0784,case30,21261585,30,20,191.9841841760106,True,0.957693698990711,118.65913433962825,,ACCEPT,,REJECT_INCONSISTENT,identity_equivalence_unproven,0.0
public-case30-0785,case30,21261586,30,20,183.07794391148008,True,0.9645278703550952,103.65153240739747,,ACCEPT,,REJECT_INCONSISTENT,identity_equivalence_unproven,0.0
public-case30-0786,case30,21261587,30,20,190.71124675066724,True,0.9588396652258213,116.62063118065096,,ACCEPT,,REJECT_INCONSISTENT,identity_equivalence_unproven,0.0
public-case30-0787,case30,21261588,30,20,191.19886928516854,True,0.9600447156189659,114.01167352928661,,ACCEPT,,REJECT_INCONSISTENT,identity_equivalence_unproven,0.0
public-case30-0788,case30,21261589,30,20,187.08378310409046,True,0.9641553559452711,96.99551629785171,,ACCEPT,,REJECT_INCONSISTENT,identity_equivalence_unproven,0.0
public-case30-0789,case30,21261590,30,20,187.7974278188606,True,0.9587078659929572,123.75371857207,,ACCEPT,,REJECT_INCONSISTENT,identity_equivalence_unproven,0.0
public-case30-0790,case30,21261591,30,20,180.30780329933614,True,0.9641679239329556,92.13163504837296,,ACCEPT,,REJECT_INCONSISTENT,identity_equivalence_unproven,0.0
public-case30-0791,case30,21261592,30,20,200.7980240786647,True,0.9552939443996583,128.07052164106176,,ACCEPT,,REJECT_INCONSISTENT,identity_equivalence_unproven,0.0
public-case30-0792,case30,21261593,30,20,184.41067778003276,True,0.9597529911065474,115.26280215276347,,ACCEPT,,REJECT_INCONSISTENT,identity_equivalence_unproven,0.0
public-case30-0793,case30,21261594,30,20,200.64970008621628,True,0.9539920083851501,132.55622620597202,,ACCEPT,,REJECT_INCONSISTENT,identity_equivalence_unproven,0.0
public-case30-0794,case30,21261595,30,20,196.50421773966207,True,0.9649593152159694,98.06619914179527,,ACCEPT,,REJECT_INCONSISTENT,identity_equivalence_unproven,0.0
public-case30-0795,case30,21261596,30,20,190.2452014067018,True,0.954975746051382,133.3243776683371,,ACCEPT,,REJECT_INCONSISTENT,identity_equivalence_unproven,0.0
public-case30-0796,case30,21261597,30,20,190.11235500258002,True,0.9549468833359533,135.16368788564367,,ACCEPT,,REJECT_INCONSISTENT,identity_equivalence_unproven,0.0
public-case30-0797,case30,21261598,30,20,184.07794546934562,True,0.9648316119748535,97.27921664583037,,ACCEPT,,REJECT_INCONSISTENT,identity_equivalence_unproven,0.0
public-case30-0798,case30,21261599,30,20,178.9200365516964,True,0.9647628043475561,93.75791114024885,,ACCEPT,,REJECT_INCONSISTENT,identity_equivalence_unproven,0.0
public-case30-0799,case30,21261600,30,20,180.63250028185172,True,0.9627940511407067,108.64448893428612,,ACCEPT,,REJECT_INCONSISTENT,identity_equivalence_unproven,0.0
public-case30-0800,case30,21261601,30,20,208.65519346067566,True,0.9511718703709559,136.34201481480736,,ACCEPT,,REJECT_INCONSISTENT,identity_equivalence_unproven,0.0
public-case30-0801,case30,21261602,30,20,184.3973360231435,True,0.9635063308300599,97.7745935533628,,ACCEPT,,REJECT_INCONSISTENT,identity_equivalence_unproven,0.0
public-case30-0802,case30,21261603,30,20,185.03504829912745,True,0.9591446292906356,120.52531719128518,,ACCEPT,,REJECT_INCONSISTENT,identity_equivalence_unproven,0.0
public-case30-0803,case30,21261604,30,20,195.39157982560596,True,0.9589245000517841,117.37073684373307,,ACCEPT,,REJECT_INCONSISTENT,identity_equivalence_unproven,0.0
public-case30-0804,case30,21261605,30,20,187.28661842338408,True,0.9572224649027516,128.2515557423499,,ACCEPT,,REJECT_INCONSISTENT,identity_equivalence_unproven,0.0
public-case30-0805,case30,21261606,30,20,175.10690549030366,True,0.9639088282866716,91.61030256833187,,ACCEPT,,REJECT_INCONSISTENT,identity_equivalence_unproven,0.0
public-case30-0806,case30,21261607,30,20,193.61589546489154,True,0.9556189740798526,135.5071779650795,,ACCEPT,,REJECT_INCONSISTENT,identity_equivalence_unproven,0.0
public-case30-0807,case30,21261608,30,20,181.86458479140623,True,0.9662198566736939,96.35154060258863,,ACCEPT,,REJECT_INCONSISTENT,identity_equivalence_unproven,0.0
public-case30-0808,case30,21261609,30,20,201.08231126221833,True,0.9521293194156114,136.19637376179895,,ACCEPT,,REJECT_INCONSISTENT,identity_equivalence_unproven,0.0
public-case30-0809,case30,21261610,30,20,176.15148902812462,True,0.96405395753517,89.46109345195687,,ACCEPT,,REJECT_INCONSISTENT,identity_equivalence_unproven,0.0
public-case30-0810,case30,21261611,30,20,183.25025691284588,True,0.9652535187115906,91.47190119031072,,ACCEPT,,REJECT_INCONSISTENT,identity_equivalence_unproven,0.0
public-case30-0811,case30,21261612,30,20,198.4178636326875,True,0.9553298729472575,128.09477091688132,,ACCEPT,,REJECT_INCONSISTENT,identity_equivalence_unproven,0.0
public-case30-0812,case30,21261613,30,20,187.49604107277253,True,0.963480018369683,98.99134537973563,,ACCEPT,,REJECT_INCONSISTENT,identity_equivalence_unproven,0.0
public-case30-0813,case30,21261614,30,20,189.14358469644185,True,0.9628503961501523,106.62647928256743,,ACCEPT,,REJECT_INCONSISTENT,identity_equivalence_unproven,0.0
public-case30-0814,case30,21261615,30,20,191.18468493586306,True,0.96248153999352,104.27146767891867,,ACCEPT,,REJECT_INCONSISTENT,identity_equivalence_unproven,0.0
public-case30-0815,case30,21261616,30,20,185.757708069852,True,0.9655932804055403,98.40247854233678,,ACCEPT,,REJECT_INCONSISTENT,identity_equivalence_unproven,0.0
public-case30-0816,case30,21261617,30,20,200.40621923019236,True,0.9552529173587228,124.95397263724142,,ACCEPT,,REJECT_INCONSISTENT,identity_equivalence_unproven,0.0
public-case30-0817,case30,21261618,30,20,179.48629345507211,True,0.9661138474368567,91.45714558718213,,ACCEPT,,REJECT_INCONSISTENT,identity_equivalence_unproven,0.0
public-case30-0818,case30,21261619,30,20,191.4424780673313,True,0.9568667913005346,130.21804725254484,,ACCEPT,,REJECT_INCONSISTENT,identity_equivalence_unproven,0.0
public-case30-0819,case30,21261620,30,20,194.75416714248925,True,0.95688364157301,120.16238268393882,,ACCEPT,,REJECT_INCONSISTENT,identity_equivalence_unproven,0.0
public-case30-0820,case30,21261621,30,20,178.04382684196773,True,0.9644767261477775,101.27162867785273,,ACCEPT,,REJECT_INCONSISTENT,identity_equivalence_unproven,0.0
public-case30-0821,case30,21261622,30,20,188.9617017596559,True,0.9587666715187335,117.26255785787039,,ACCEPT,,REJECT_INCONSISTENT,identity_equivalence_unproven,0.0
public-case30-0822,case30,21261623,30,20,190.01526283847716,True,0.9581528575893877,128.06278856571737,,ACCEPT,,REJECT_INCONSISTENT,identity_equivalence_unproven,0.0
public-case30-0823,case30,21261624,30,20,200.72030012784293,True,0.9575329872834875,118.17992800586904,,ACCEPT,,REJECT_INCONSISTENT,identity_equivalence_unproven,0.0
public-case30-0824,case30,21261625,30,20,184.14835532817048,True,0.9617624598591527,109.9319096897329,,ACCEPT,,REJECT_INCONSISTENT,identity_equivalence_unproven,0.0
public-case30-0825,case30,21261626,30,20,193.3750593626802,True,0.9549818392681857,130.90809850427715,,ACCEPT,,REJECT_INCONSISTENT,identity_equivalence_unproven,0.0
public-case30-0826,case30,21261627,30,20,186.95750520208372,True,0.9603962881368574,119.24018704917412,,ACCEPT,,REJECT_INCONSISTENT,identity_equivalence_unproven,0.0
public-case30-0827,case30,21261628,30,20,191.8511707706298,True,0.95733353526136,128.52323881258067,,ACCEPT,,REJECT_INCONSISTENT,identity_equivalence_unproven,0.0
public-case30-0828,case30,21261629,30,20,184.35829872691204,True,0.9654277423313519,94.0479962065367,,ACCEPT,,REJECT_INCONSISTENT,identity_equivalence_unproven,0.0
public-case30-0829,case30,21261630,30,20,177.2241903611726,True,0.9662267157283487,93.4626959477886,,ACCEPT,,REJECT_INCONSISTENT,identity_equivalence_unproven,0.0
public-case30-0830,case30,21261631,30,20,193.51118360847786,True,0.955180339552448,133.98982519763817,,ACCEPT,,REJECT_INCONSISTENT,identity_equivalence_unproven,0.0
public-case30-0831,case30,21261632,30,20,187.90780199388658,True,0.9628444630798475,99.66415340623269,,ACCEPT,,REJECT_INCONSISTENT,identity_equivalence_unproven,0.0
public-case30-0832,case30,21261633,30,20,183.012379180811,True,0.9644094882824269,90.49974573721414,,ACCEPT,,REJECT_INCONSISTENT,identity_equivalence_unproven,0.0
public-case30-0833,case30,21261634,30,20,182.82277658132864,True,0.9562558738511894,134.96594478558163,,ACCEPT,,REJECT_INCONSISTENT,identity_equivalence_unproven,0.0
public-case30-0834,case30,21261635,30,20,176.43486448964137,True,0.9671306967870912,90.25420783678851,,ACCEPT,,REJECT_INCONSISTENT,identity_equivalence_unproven,0.0
public-case30-0835,case30,21261636,30,20,189.6864540432372,True,0.9643316320833565,94.29477196326259,,ACCEPT,,REJECT_INCONSISTENT,identity_equivalence_unproven,0.0
public-case30-0836,case30,21261637,30,20,182.6644218910717,True,0.9633069919543505,98.20297415243627,,ACCEPT,,REJECT_INCONSISTENT,identity_equivalence_unproven,0.0
public-case30-0837,case30,21261638,30,20,186.722191655153,True,0.9583105665082555,118.29072708201242,,ACCEPT,,REJECT_INCONSISTENT,identity_equivalence_unproven,0.0
public-case30-0838,case30,21261639,30,20,184.7721614849336,True,0.9638233859339024,101.243847844177,,ACCEPT,,REJECT_INCONSISTENT,identity_equivalence_unproven,0.0
public-case30-0839,case30,21261640,30,20,196.32559122506257,True,0.9617960473626816,102.56006865466804,,ACCEPT,,REJECT_INCONSISTENT,identity_equivalence_unproven,0.0
public-case30-0840,case30,21261641,30,20,187.23288041721526,True,0.9650599013334059,99.6589104434896,,ACCEPT,,REJECT_INCONSISTENT,identity_equivalence_unproven,0.0
public-case30-0841,case30,21261642,30,20,190.55629408208083,True,0.959380294766509,111.25061976706583,,ACCEPT,,REJECT_INCONSISTENT,identity_equivalence_unproven,0.0
public-case30-0842,case30,21261643,30,20,180.68006169880329,True,0.9631257233270107,99.73764883385402,,ACCEPT,,REJECT_INCONSISTENT,identity_equivalence_unproven,0.0
public-case30-0843,case30,21261644,30,20,185.3854574093683,True,0.9663764332505119,97.9505593878107,,ACCEPT,,REJECT_INCONSISTENT,identity_equivalence_unproven,0.0
public-case30-0844,case30,21261645,30,20,188.19534490048352,True,0.9573975853845926,125.1268772901362,,ACCEPT,,REJECT_INCONSISTENT,identity_equivalence_unproven,0.0
public-case30-0845,case30,21261646,30,20,180.16723630038726,True,0.9568921624694107,133.7897936362127,,ACCEPT,,REJECT_INCONSISTENT,identity_equivalence_unproven,0.0
public-case30-0846,case30,21261647,30,20,193.4903543088448,True,0.956484756974187,126.87307164315345,,ACCEPT,,REJECT_INCONSISTENT,identity_equivalence_unproven,0.0
public-case30-0847,case30,21261648,30,20,194.6384046268173,True,0.957193920380922,121.92807280426779,,ACCEPT,,REJECT_INCONSISTENT,identity_equivalence_unproven,0.0
public-case30-0848,case30,21261649,30,20,186.6911473773772,True,0.9627857855801619,103.49503142344454,,ACCEPT,,REJECT_INCONSISTENT,identity_equivalence_unproven,0.0
public-case30-0849,case30,21261650,30,20,191.05487842799056,True,0.9583010813029406,122.63895400645775,,ACCEPT,,REJECT_INCONSISTENT,identity_equivalence_unproven,0.0
public-case30-0850,case30,21261651,30,20,200.39430889729348,True,0.9536040452008443,129.73875053788416,,ACCEPT,,REJECT_INCONSISTENT,identity_equivalence_unproven,0.0
public-case30-0851,case30,21261652,30,20,181.4657591718361,True,0.9649208962904905,99.26863269003839,,ACCEPT,,REJECT_INCONSISTENT,identity_equivalence_unproven,0.0
public-case30-0852,case30,21261653,30,20,196.27105502097652,True,0.9621706459815963,99.99201127103879,,ACCEPT,,REJECT_INCONSISTENT,identity_equivalence_unproven,0.0
public-case30-0853,case30,21261654,30,20,194.65924634911892,True,0.9557119007560113,130.12575782349563,,ACCEPT,,REJECT_INCONSISTENT,identity_equivalence_unproven,0.0
public-case30-0854,case30,21261655,30,20,195.1127973839427,True,0.9575468837061939,122.89319408215466,,ACCEPT,,REJECT_INCONSISTENT,identity_equivalence_unproven,0.0
public-case30-0855,case30,21261656,30,20,193.6462213736274,True,0.9590155628219876,118.06178907623644,,ACCEPT,,REJECT_INCONSISTENT,identity_equivalence_unproven,0.0
public-case30-0856,case30,21261657,30,20,193.7360443192534,True,0.9548019418810687,133.08663822348083,,ACCEPT,,REJECT_INCONSISTENT,identity_equivalence_unproven,0.0
public-case30-0857,case30,21261658,30,20,203.37435532029778,True,0.953672463770312,132.42401882734143,,ACCEPT,,REJECT_INCONSISTENT,identity_equivalence_unproven,0.0
public-case30-0858,case30,21261659,30,20,196.32591166961845,True,0.9536816748607504,134.22769046802503,,ACCEPT,,REJECT_INCONSISTENT,identity_equivalence_unproven,0.0
public-case30-0859,case30,21261660,30,20,183.34079240413453,True,0.9653479614422266,92.32922561576102,,ACCEPT,,REJECT_INCONSISTENT,identity_equivalence_unproven,0.0
public-case30-0860,case30,21261661,30,20,201.02012155691816,True,0.9543304843934456,130.69148957903823,,ACCEPT,,REJECT_INCONSISTENT,identity_equivalence_unproven,0.0
public-case30-0861,case30,21261662,30,20,198.2542695355839,True,0.957128194291909,119.71659748737777,,ACCEPT,,REJECT_INCONSISTENT,identity_equivalence_unproven,0.0
public-case30-0862,case30,21261663,30,20,201.46780745349267,True,0.9555825569441763,127.76128136136835,,ACCEPT,,REJECT_INCONSISTENT,identity_equivalence_unproven,0.0
public-case30-0863,case30,21261664,30,20,181.07156037877496,True,0.9651431609155086,98.29945590999897,,ACCEPT,,REJECT_INCONSISTENT,identity_equivalence_unproven,0.0
public-case30-0864,case30,21261665,30,20,175.47287471270008,True,0.9611503286192054,118.38121410494664,,ACCEPT,,REJECT_INCONSISTENT,identity_equivalence_unproven,0.0
public-case30-0865,case30,21261666,30,20,193.2133534521347,True,0.9566604150096585,126.54963880848872,,ACCEPT,,REJECT_INCONSISTENT,identity_equivalence_unproven,0.0
public-case30-0866,case30,21261667,30,20,194.7345943260952,True,0.960133605096067,114.14726396253354,,ACCEPT,,REJECT_INCONSISTENT,identity_equivalence_unproven,0.0
public-case30-0867,case30,21261668,30,20,192.56370031741628,True,0.9605689988405739,114.73788082820913,,ACCEPT,,REJECT_INCONSISTENT,identity_equivalence_unproven,0.0
public-case30-0868,case30,21261669,30,20,186.48333909740867,True,0.964003388312083,98.37504435680661,,ACCEPT,,REJECT_INCONSISTENT,identity_equivalence_unproven,0.0
public-case30-0869,case30,21261670,30,20,187.00704677257517,True,0.9631879658182,98.45163265187507,,ACCEPT,,REJECT_INCONSISTENT,identity_equivalence_unproven,0.0
public-case30-0870,case30,21261671,30,20,197.51994877598673,True,0.9576202537998008,119.50697317237386,,ACCEPT,,REJECT_INCONSISTENT,identity_equivalence_unproven,0.0
public-case30-0871,case30,21261672,30,20,187.05663640294736,True,0.9590959244373428,114.78286400036058,,ACCEPT,,REJECT_INCONSISTENT,identity_equivalence_unproven,0.0
public-case30-0872,case30,21261673,30,20,198.48273072597485,True,0.9580211520411723,121.94590053734488,,ACCEPT,,REJECT_INCONSISTENT,identity_equivalence_unproven,0.0
public-case30-0873,case30,21261674,30,20,188.06397033592262,True,0.9551329602940031,134.9360336250749,,ACCEPT,,REJECT_INCONSISTENT,identity_equivalence_unproven,0.0
public-case30-0874,case30,21261675,30,20,186.7094145229772,True,0.9570748210485323,129.36950852036685,,ACCEPT,,REJECT_INCONSISTENT,identity_equivalence_unproven,0.0
public-case30-0875,case30,21261676,30,20,198.28311517273028,True,0.9553621110805,130.41354756444326,,ACCEPT,,REJECT_INCONSISTENT,identity_equivalence_unproven,0.0
public-case30-0876,case30,21261677,30,20,184.12886429452865,True,0.9650864243199988,93.90636870585733,,ACCEPT,,REJECT_INCONSISTENT,identity_equivalence_unproven,0.0
public-case30-0877,case30,21261678,30,20,189.02251615590578,True,0.9631625055146914,97.19219936418513,,ACCEPT,,REJECT_INCONSISTENT,identity_equivalence_unproven,0.0
public-case30-0878,case30,21261679,30,20,199.57126008984696,True,0.955849072871164,124.94105830563899,,ACCEPT,,REJECT_INCONSISTENT,identity_equivalence_unproven,0.0
public-case30-0879,case30,21261680,30,20,190.9660505183277,True,0.9625934529185716,105.82791720933002,,ACCEPT,,REJECT_INCONSISTENT,identity_equivalence_unproven,0.0
public-case30-0880,case30,21261681,30,20,188.05789517141164,True,0.9616689123129518,106.9261127146601,,ACCEPT,,REJECT_INCONSISTENT,identity_equivalence_unproven,0.0
public-case30-0881,case30,21261682,30,20,192.45054588981554,True,0.9622648883758184,102.7012334583266,,ACCEPT,,REJECT_INCONSISTENT,identity_equivalence_unproven,0.0
public-case30-0882,case30,21261683,30,20,175.65511128840285,True,0.9648449165532936,90.69112633424771,,ACCEPT,,REJECT_INCONSISTENT,identity_equivalence_unproven,0.0
public-case30-0883,case30,21261684,30,20,193.5828185345355,True,0.9562700917988844,126.38662973787886,,ACCEPT,,REJECT_INCONSISTENT,identity_equivalence_unproven,0.0
public-case30-0884,case30,21261685,30,20,190.29515527125014,True,0.9623369568184648,102.28825721121726,,ACCEPT,,REJECT_INCONSISTENT,identity_equivalence_unproven,0.0
public-case30-0885,case30,21261686,30,20,178.8718176763972,True,0.9658838570630285,90.09982791501957,,ACCEPT,,REJECT_INCONSISTENT,identity_equivalence_unproven,0.0
public-case30-0886,case30,21261687,30,20,187.16694881316164,True,0.9567424818642533,126.82987516216484,,ACCEPT,,REJECT_INCONSISTENT,identity_equivalence_unproven,0.0
public-case30-0887,case30,21261688,30,20,179.48796168974786,True,0.9668495973452951,89.1786131523317,,ACCEPT,,REJECT_INCONSISTENT,identity_equivalence_unproven,0.0
public-case30-0888,case30,21261689,30,20,186.05525541325605,True,0.9624239959624978,99.29473617686168,,ACCEPT,,REJECT_INCONSISTENT,identity_equivalence_unproven,0.0
public-case30-0889,case30,21261690,30,20,182.88592059900412,True,0.961679052516947,115.41226100395738,,ACCEPT,,REJECT_INCONSISTENT,identity_equivalence_unproven,0.0
public-case30-0890,case30,21261691,30,20,184.72393752874274,True,0.9640217520705173,93.83126466564137,,ACCEPT,,REJECT_INCONSISTENT,identity_equivalence_unproven,0.0
public-case30-0891,case30,21261692,30,20,194.4720861677443,True,0.9555157497569811,133.09775391217516,,ACCEPT,,REJECT_INCONSISTENT,identity_equivalence_unproven,0.0
public-case30-0892,case30,21261693,30,20,190.34713817653147,True,0.9632642172022572,102.70553521582977,,ACCEPT,,REJECT_INCONSISTENT,identity_equivalence_unproven,0.0
public-case30-0893,case30,21261694,30,20,193.89319450847532,True,0.9596488023115586,111.75902241487418,,ACCEPT,,REJECT_INCONSISTENT,identity_equivalence_unproven,0.0
public-case30-0894,case30,21261695,30,20,194.20303534006692,True,0.9566495018759942,127.61503412964166,,ACCEPT,,REJECT_INCONSISTENT,identity_equivalence_unproven,0.0
public-case30-0895,case30,21261696,30,20,201.4873216674488,True,0.954373519981524,128.67029512606908,,ACCEPT,,REJECT_INCONSISTENT,identity_equivalence_unproven,0.0
public-case30-0896,case30,21261697,30,20,203.9601432223803,True,0.954350106384514,131.05835201562385,,ACCEPT,,REJECT_INCONSISTENT,identity_equivalence_unproven,0.0
public-case30-0897,case30,21261698,30,20,195.87194909035108,True,0.9594162647578514,112.34641338799511,,ACCEPT,,REJECT_INCONSISTENT,identity_equivalence_unproven,0.0
public-case30-0898,case30,21261699,30,20,204.43880096613915,True,0.9540317881136586,128.3286460402784,,ACCEPT,,REJECT_INCONSISTENT,identity_equivalence_unproven,0.0
public-case30-0899,case30,21261700,30,20,188.2253082310763,True,0.9588262744866187,119.86002753782441,,ACCEPT,,REJECT_INCONSISTENT,identity_equivalence_unproven,0.0
public-case30-0900,case30,21261701,30,20,178.59525015005693,True,0.9667302841141577,90.11619848160154,,ACCEPT,,REJECT_INCONSISTENT,identity_equivalence_unproven,0.0
public-case30-0901,case30,21261702,30,20,184.4318965023814,True,0.9610253913562944,116.86503593656279,,ACCEPT,,REJECT_INCONSISTENT,identity_equivalence_unproven,0.0
public-case30-0902,case30,21261703,30,20,188.04667192569661,True,0.964961656197627,99.5370178051351,,ACCEPT,,REJECT_INCONSISTENT,identity_equivalence_unproven,0.0
public-case30-0903,case30,21261704,30,20,206.80995812350199,True,0.9541203610049311,131.0242257214832,,ACCEPT,,REJECT_INCONSISTENT,identity_equivalence_unproven,0.0
public-case30-0904,case30,21261705,30,20,184.04260388442944,True,0.9591525720764169,122.04347256479677,,ACCEPT,,REJECT_INCONSISTENT,identity_equivalence_unproven,0.0
public-case30-0905,case30,21261706,30,20,195.0185858312201,True,0.959031772474815,117.18530400283078,,ACCEPT,,REJECT_INCONSISTENT,identity_equivalence_unproven,0.0
public-case30-0906,case30,21261707,30,20,200.178217923208,True,0.9553150468732311,127.40156332422634,,ACCEPT,,REJECT_INCONSISTENT,identity_equivalence_unproven,0.0
public-case30-0907,case30,21261708,30,20,194.87842737594084,True,0.9539767923859334,136.98057858692928,,ACCEPT,,REJECT_INCONSISTENT,identity_equivalence_unproven,0.0
public-case30-0908,case30,21261709,30,20,193.52332255576877,True,0.9596325617464204,113.2798784543398,,ACCEPT,,REJECT_INCONSISTENT,identity_equivalence_unproven,0.0
public-case30-0909,case30,21261710,30,20,178.9255624336866,True,0.9635724910895641,104.4791024534734,,ACCEPT,,REJECT_INCONSISTENT,identity_equivalence_unproven,0.0
public-case30-0910,case30,21261711,30,20,190.658305721858,True,0.9593320685327533,119.23102271072732,,ACCEPT,,REJECT_INCONSISTENT,identity_equivalence_unproven,0.0
public-case30-0911,case30,21261712,30,20,189.54216551869942,True,0.9568490966408089,123.12698019499611,,ACCEPT,,REJECT_INCONSISTENT,identity_equivalence_unproven,0.0
public-case30-0912,case30,21261713,30,20,190.57587793243704,True,0.9579213528105768,119.36197120497974,,ACCEPT,,REJECT_INCONSISTENT,identity_equivalence_unproven,0.0
public-case30-0913,case30,21261714,30,20,187.69031030372236,True,0.9569845685259596,122.80218110951533,,ACCEPT,,REJECT_INCONSISTENT,identity_equivalence_unproven,0.0
public-case30-0914,case30,21261715,30,20,182.67286957710138,True,0.9649780317278908,100.27194565593425,,ACCEPT,,REJECT_INCONSISTENT,identity_equivalence_unproven,0.0
public-case30-0915,case30,21261716,30,20,188.0533122433916,True,0.9567832061629803,131.81166349713723,,ACCEPT,,REJECT_INCONSISTENT,identity_equivalence_unproven,0.0
public-case30-0916,case30,21261717,30,20,192.39969171730064,True,0.9586342635341135,114.9713238848231,,ACCEPT,,REJECT_INCONSISTENT,identity_equivalence_unproven,0.0
public-case30-0917,case30,21261718,30,20,192.09980684826505,True,0.9569924550553275,123.65325917072059,,ACCEPT,,REJECT_INCONSISTENT,identity_equivalence_unproven,0.0
public-case30-0918,case30,21261719,30,20,182.3358052359168,True,0.9662360991773317,100.94239568487389,,ACCEPT,,REJECT_INCONSISTENT,identity_equivalence_unproven,0.0
public-case30-0919,case30,21261720,30,20,202.01794217972048,True,0.9586961588422889,114.54174473196778,,ACCEPT,,REJECT_INCONSISTENT,identity_equivalence_unproven,0.0
public-case30-0920,case30,21261721,30,20,190.14231115822136,True,0.9601158178583287,112.87608447615021,,ACCEPT,,REJECT_INCONSISTENT,identity_equivalence_unproven,0.0
public-case30-0921,case30,21261722,30,20,186.7435243325856,True,0.9654642426527743,101.72638529913543,,ACCEPT,,REJECT_INCONSISTENT,identity_equivalence_unproven,0.0
public-case30-0922,case30,21261723,30,20,185.55043751139152,True,0.9649642555681053,99.06203722668991,,ACCEPT,,REJECT_INCONSISTENT,identity_equivalence_unproven,0.0
public-case30-0923,case30,21261724,30,20,183.9201125079615,True,0.959706884203466,121.04782246565095,,ACCEPT,,REJECT_INCONSISTENT,identity_equivalence_unproven,0.0
public-case30-0924,case30,21261725,30,20,188.2140521616503,True,0.9629424974747683,107.2141426820752,,ACCEPT,,REJECT_INCONSISTENT,identity_equivalence_unproven,0.0
public-case30-0925,case30,21261726,30,20,191.97108145454868,True,0.9633725016950863,90.42344552470169,,ACCEPT,,REJECT_INCONSISTENT,identity_equivalence_unproven,0.0
public-case30-0926,case30,21261727,30,20,175.03046411932303,True,0.9672387573986189,91.74422503513891,,ACCEPT,,REJECT_INCONSISTENT,identity_equivalence_unproven,0.0
public-case30-0927,case30,21261728,30,20,187.48967879462475,True,0.9639844250152416,97.19873779867622,,ACCEPT,,REJECT_INCONSISTENT,identity_equivalence_unproven,0.0
public-case30-0928,case30,21261729,30,20,188.86489852166181,True,0.9603413991368829,111.27937565998197,,ACCEPT,,REJECT_INCONSISTENT,identity_equivalence_unproven,0.0
public-case30-0929,case30,21261730,30,20,179.78035075627056,True,0.9641251639168378,97.94549420642598,,ACCEPT,,REJECT_INCONSISTENT,identity_equivalence_unproven,0.0
public-case30-0930,case30,21261731,30,20,194.03434965831013,True,0.9576308793256156,123.59960950682016,,ACCEPT,,REJECT_INCONSISTENT,identity_equivalence_unproven,0.0
public-case30-0931,case30,21261732,30,20,200.74348070732017,True,0.9549041155229899,127.14032976583466,,ACCEPT,,REJECT_INCONSISTENT,identity_equivalence_unproven,0.0
public-case30-0932,case30,21261733,30,20,198.31100079967734,True,0.9545937989559977,128.51999652222102,,ACCEPT,,REJECT_INCONSISTENT,identity_equivalence_unproven,0.0
public-case30-0933,case30,21261734,30,20,190.60953293708604,True,0.9555844039665303,132.87197423215764,,ACCEPT,,REJECT_INCONSISTENT,identity_equivalence_unproven,0.0
public-case30-0934,case30,21261735,30,20,194.14868434638126,True,0.954724799386516,132.48157605357406,,ACCEPT,,REJECT_INCONSISTENT,identity_equivalence_unproven,0.0
public-case30-0935,case30,21261736,30,20,182.76049349524868,True,0.9661977232396912,96.99657253989477,,ACCEPT,,REJECT_INCONSISTENT,identity_equivalence_unproven,0.0
public-case30-0936,case30,21261737,30,20,189.01453305724922,True,0.9598269132717746,113.85080126197525,,ACCEPT,,REJECT_INCONSISTENT,identity_equivalence_unproven,0.0
public-case30-0937,case30,21261738,30,20,184.78685654175445,True,0.9627068674791303,103.93467682500854,,ACCEPT,,REJECT_INCONSISTENT,identity_equivalence_unproven,0.0
public-case30-0938,case30,21261739,30,20,185.57081334996758,True,0.9624637460017855,105.31010052829066,,ACCEPT,,REJECT_INCONSISTENT,identity_equivalence_unproven,0.0
public-case30-0939,case30,21261740,30,20,180.4053567778896,True,0.9611987536168061,114.20617305997357,,ACCEPT,,REJECT_INCONSISTENT,identity_equivalence_unproven,0.0
public-case30-0940,case30,21261741,30,20,186.6516829794827,True,0.962886322666422,103.07674137432419,,ACCEPT,,REJECT_INCONSISTENT,identity_equivalence_unproven,0.0
public-case30-0941,case30,21261742,30,20,188.01998239223616,True,0.9620646431095493,104.80322819358014,,ACCEPT,,REJECT_INCONSISTENT,identity_equivalence_unproven,0.0
public-case30-0942,case30,21261743,30,20,190.88480993466666,True,0.9571779243511166,128.33276749814684,,ACCEPT,,REJECT_INCONSISTENT,identity_equivalence_unproven,0.0
public-case30-0943,case30,21261744,30,20,195.99184069289933,True,0.9574922879200488,124.58133905244912,,ACCEPT,,REJECT_INCONSISTENT,identity_equivalence_unproven,0.0
public-case30-0944,case30,21261745,30,20,188.7204252599523,True,0.9649203108945072,98.57003615654739,,ACCEPT,,REJECT_INCONSISTENT,identity_equivalence_unproven,0.0
public-case30-0945,case30,21261746,30,20,184.44656953410478,True,0.9641532484063103,92.91246295000919,,ACCEPT,,REJECT_INCONSISTENT,identity_equivalence_unproven,0.0
public-case30-0946,case30,21261747,30,20,192.46947841177268,True,0.9610543703115717,106.52148691016204,,ACCEPT,,REJECT_INCONSISTENT,identity_equivalence_unproven,0.0
public-case30-0947,case30,21261748,30,20,198.06993415460633,True,0.953431271001441,136.2682000451023,,ACCEPT,,REJECT_INCONSISTENT,identity_equivalence_unproven,0.0
public-case30-0948,case30,21261749,30,20,190.99011232988533,True,0.9594709085883002,118.55565041184295,,ACCEPT,,REJECT_INCONSISTENT,identity_equivalence_unproven,0.0
public-case30-0949,case30,21261750,30,20,195.99488689078566,True,0.9567664230400554,123.65911915610654,,ACCEPT,,REJECT_INCONSISTENT,identity_equivalence_unproven,0.0
public-case30-0950,case30,21261751,30,20,197.3868756515233,True,0.9576869247836469,122.11444838195365,,ACCEPT,,REJECT_INCONSISTENT,identity_equivalence_unproven,0.0
public-case30-0951,case30,21261752,30,20,184.73862583544695,True,0.9633590572248513,104.54812849560922,,ACCEPT,,REJECT_INCONSISTENT,identity_equivalence_unproven,0.0
public-case30-0952,case30,21261753,30,20,188.59262759573346,True,0.96177740315438,100.25082809777479,,ACCEPT,,REJECT_INCONSISTENT,identity_equivalence_unproven,0.0
public-case30-0953,case30,21261754,30,20,193.31273089537657,True,0.9575014002856304,126.9270338654036,,ACCEPT,,REJECT_INCONSISTENT,identity_equivalence_unproven,0.0
public-case30-0954,case30,21261755,30,20,184.69603733955475,True,0.9638583738180434,96.51535366384418,,ACCEPT,,REJECT_INCONSISTENT,identity_equivalence_unproven,0.0
public-case30-0955,case30,21261756,30,20,185.90164442237668,True,0.9620384327988721,106.72811987851006,,ACCEPT,,REJECT_INCONSISTENT,identity_equivalence_unproven,0.0
public-case30-0956,case30,21261757,30,20,177.02501639561729,True,0.9661661622005753,93.19637489476807,,ACCEPT,,REJECT_INCONSISTENT,identity_equivalence_unproven,0.0
public-case30-0957,case30,21261758,30,20,184.7752945015951,True,0.9609126158799738,116.07533166921615,,ACCEPT,,REJECT_INCONSISTENT,identity_equivalence_unproven,0.0
public-case30-0958,case30,21261759,30,20,186.75427967694216,True,0.9604553990650974,114.93381279338625,,ACCEPT,,REJECT_INCONSISTENT,identity_equivalence_unproven,0.0
public-case30-0959,case30,21261760,30,20,191.4324992656831,True,0.962276116630226,100.72760587406435,,ACCEPT,,REJECT_INCONSISTENT,identity_equivalence_unproven,0.0
public-case30-0960,case30,21261761,30,20,187.2468219557362,True,0.9627676641224233,93.41208593794529,,ACCEPT,,REJECT_INCONSISTENT,identity_equivalence_unproven,0.0
public-case30-0961,case30,21261762,30,20,188.6728010500722,True,0.9582514617420648,122.1731664980858,,ACCEPT,,REJECT_INCONSISTENT,identity_equivalence_unproven,0.0
public-case30-0962,case30,21261763,30,20,177.42750824444866,True,0.9662265493234031,92.2177425064909,,ACCEPT,,REJECT_INCONSISTENT,identity_equivalence_unproven,0.0
public-case30-0963,case30,21261764,30,20,190.01917476755239,True,0.9558156635220331,131.99015643702262,,ACCEPT,,REJECT_INCONSISTENT,identity_equivalence_unproven,0.0
public-case30-0964,case30,21261765,30,20,183.0641845736744,True,0.9619356258260179,107.6792466594263,,ACCEPT,,REJECT_INCONSISTENT,identity_equivalence_unproven,0.0
public-case30-0965,case30,21261766,30,20,190.98115277339974,True,0.9579786495878942,119.0334965928058,,ACCEPT,,REJECT_INCONSISTENT,identity_equivalence_unproven,0.0
public-case30-0966,case30,21261767,30,20,192.71635889729055,True,0.9621241920770662,102.52696644903001,,ACCEPT,,REJECT_INCONSISTENT,identity_equivalence_unproven,0.0
public-case30-0967,case30,21261768,30,20,183.55665551347866,True,0.9617485544147266,112.86759314918844,,ACCEPT,,REJECT_INCONSISTENT,identity_equivalence_unproven,0.0
public-case30-0968,case30,21261769,30,20,182.16133264029818,True,0.9640457198929022,91.27717220826558,,ACCEPT,,REJECT_INCONSISTENT,identity_equivalence_unproven,0.0
public-case30-0969,case30,21261770,30,20,186.09249582038711,True,0.9657263327990614,91.80919180606914,,ACCEPT,,REJECT_INCONSISTENT,identity_equivalence_unproven,0.0
public-case30-0970,case30,21261771,30,20,185.0244627846233,True,0.9646024515231829,100.0900302026643,,ACCEPT,,REJECT_INCONSISTENT,identity_equivalence_unproven,0.0
public-case30-0971,case30,21261772,30,20,187.7422539345484,True,0.964734402920497,97.73476957522804,,ACCEPT,,REJECT_INCONSISTENT,identity_equivalence_unproven,0.0
public-case30-0972,case30,21261773,30,20,181.06746481182108,True,0.9623668926954912,89.28547126431552,,ACCEPT,,REJECT_INCONSISTENT,identity_equivalence_unproven,0.0
public-case30-0973,case30,21261774,30,20,186.89242640615515,True,0.9640717284488849,98.8321070671832,,ACCEPT,,REJECT_INCONSISTENT,identity_equivalence_unproven,0.0
public-case30-0974,case30,21261775,30,20,185.54737085435443,True,0.961566612174122,114.36959793600201,,ACCEPT,,REJECT_INCONSISTENT,identity_equivalence_unproven,0.0
public-case30-0975,case30,21261776,30,20,183.8441348540911,True,0.960147611283872,119.86923432520697,,ACCEPT,,REJECT_INCONSISTENT,identity_equivalence_unproven,0.0
public-case30-0976,case30,21261777,30,20,190.66557830594792,True,0.9631453087597902,95.07469516826936,,ACCEPT,,REJECT_INCONSISTENT,identity_equivalence_unproven,0.0
public-case30-0977,case30,21261778,30,20,194.87034268825198,True,0.962665322121253,104.29146354844062,,ACCEPT,,REJECT_INCONSISTENT,identity_equivalence_unproven,0.0
public-case30-0978,case30,21261779,30,20,184.00031887297718,True,0.9611229141595582,113.77921056532195,,ACCEPT,,REJECT_INCONSISTENT,identity_equivalence_unproven,0.0
public-case30-0979,case30,21261780,30,20,199.9036751993635,True,0.9622626189258647,102.85768245925375,,ACCEPT,,REJECT_INCONSISTENT,identity_equivalence_unproven,0.0
public-case30-0980,case30,21261781,30,20,184.9163550849724,True,0.9601593519389225,116.66932638983012,,ACCEPT,,REJECT_INCONSISTENT,identity_equivalence_unproven,0.0
public-case30-0981,case30,21261782,30,20,197.62572578225857,True,0.9579092323975853,116.80468059919549,,ACCEPT,,REJECT_INCONSISTENT,identity_equivalence_unproven,0.0
public-case30-0982,case30,21261783,30,20,181.67036508589112,True,0.9620629273773675,114.53876928683331,,ACCEPT,,REJECT_INCONSISTENT,identity_equivalence_unproven,0.0
public-case30-0983,case30,21261784,30,20,199.9215706393022,True,0.9539791048545755,129.0482675218877,,ACCEPT,,REJECT_INCONSISTENT,identity_equivalence_unproven,0.0
public-case30-0984,case30,21261785,30,20,179.6475927874279,True,0.9633605849844933,106.16795206186558,,ACCEPT,,REJECT_INCONSISTENT,identity_equivalence_unproven,0.0
public-case30-0985,case30,21261786,30,20,192.7595778551098,True,0.9587293143341769,117.14973138401523,,ACCEPT,,REJECT_INCONSISTENT,identity_equivalence_unproven,0.0
public-case30-0986,case30,21261787,30,20,197.79405787417016,True,0.9584793329839334,116.08860675686682,,ACCEPT,,REJECT_INCONSISTENT,identity_equivalence_unproven,0.0
public-case30-0987,case30,21261788,30,20,185.12306944345175,True,0.9617189662597752,105.63197915157929,,ACCEPT,,REJECT_INCONSISTENT,identity_equivalence_unproven,0.0
public-case30-0988,case30,21261789,30,20,194.99156443436632,True,0.9583489791486302,121.15881663528143,,ACCEPT,,REJECT_INCONSISTENT,identity_equivalence_unproven,0.0
public-case30-0989,case30,21261790,30,20,187.5236736185738,True,0.9600802943932065,111.02022865061039,,ACCEPT,,REJECT_INCONSISTENT,identity_equivalence_unproven,0.0
public-case30-0990,case30,21261791,30,20,183.42204711525355,True,0.9637860694022118,102.69666565231532,,ACCEPT,,REJECT_INCONSISTENT,identity_equivalence_unproven,0.0
public-case30-0991,case30,21261792,30,20,194.33579998065858,True,0.958217350027262,119.36494358566831,,ACCEPT,,REJECT_INCONSISTENT,identity_equivalence_unproven,0.0
public-case30-0992,case30,21261793,30,20,193.5379555471977,True,0.9565676250974344,124.06115579970805,,ACCEPT,,REJECT_INCONSISTENT,identity_equivalence_unproven,0.0
public-case30-0993,case30,21261794,30,20,188.55636426644924,True,0.9617521854725254,111.4012850243298,,ACCEPT,,REJECT_INCONSISTENT,identity_equivalence_unproven,0.0
public-case30-0994,case30,21261795,30,20,196.9401341142741,True,0.9572398754092879,119.02448164758856,,ACCEPT,,REJECT_INCONSISTENT,identity_equivalence_unproven,0.0
public-case30-0995,case30,21261796,30,20,193.37089534191296,True,0.9550320538796047,132.21319657192288,,ACCEPT,,REJECT_INCONSISTENT,identity_equivalence_unproven,0.0
public-case30-0996,case30,21261797,30,20,177.04871200412558,True,0.9657500598067427,93.63949235805207,,ACCEPT,,REJECT_INCONSISTENT,identity_equivalence_unproven,0.0
public-case30-0997,case30,21261798,30,20,186.6537180375242,True,0.958356964724932,120.75691861151174,,ACCEPT,,REJECT_INCONSISTENT,identity_equivalence_unproven,0.0
public-case30-0998,case30,21261799,30,20,188.08770587708355,True,0.9565853962723737,130.7669016330379,,ACCEPT,,REJECT_INCONSISTENT,identity_equivalence_unproven,0.0
public-case30-0999,case30,21261800,30,20,185.57079215395996,True,0.9626322503385558,101.86046807001068,,ACCEPT,,REJECT_INCONSISTENT,identity_equivalence_unproven,0.0
public-case57-0000,case57,22260801,57,42,1214.88277316855,True,0.7076662785312482,1.5633933380675047,,ACCEPT,,REJECT_INCONSISTENT,identity_equivalence_unproven,0.0
public-case57-0001,case57,22260802,57,42,1174.8999181528052,True,0.7203337650585008,1.709010345997122,,ACCEPT,,REJECT_INCONSISTENT,identity_equivalence_unproven,0.0
public-case57-0002,case57,22260803,57,42,1326.325479609055,True,0.7155596813836248,1.7638743799794216,,ACCEPT,,REJECT_INCONSISTENT,identity_equivalence_unproven,0.0
public-case57-0003,case57,22260804,57,42,1291.722745770617,True,0.7207614698386329,1.9220906085262608,,ACCEPT,,REJECT_INCONSISTENT,identity_equivalence_unproven,0.0
public-case57-0004,case57,22260805,57,42,1252.881659298924,True,0.7359918014751605,1.6663320150510486,,ACCEPT,,REJECT_INCONSISTENT,identity_equivalence_unproven,0.0
public-case57-0005,case57,22260806,57,42,1249.2241397624337,True,0.6993674489404834,1.7025152438375564,,ACCEPT,,REJECT_INCONSISTENT,identity_equivalence_unproven,0.0
public-case57-0006,case57,22260807,57,42,1209.8873897852575,True,0.6990832253484146,1.8966301268954684,,ACCEPT,,REJECT_INCONSISTENT,identity_equivalence_unproven,0.0
public-case57-0007,case57,22260808,57,42,1272.3089851497018,True,0.7141696219998318,2.0054730198148283,,ACCEPT,,REJECT_INCONSISTENT,identity_equivalence_unproven,0.0
public-case57-0008,case57,22260809,57,42,1181.3534974501574,True,0.7403798155331464,1.9846596115091923,,ACCEPT,,REJECT_INCONSISTENT,identity_equivalence_unproven,0.0
public-case57-0009,case57,22260810,57,42,1199.6154738975606,True,0.7100353350277698,1.954456014053802,,ACCEPT,,REJECT_INCONSISTENT,identity_equivalence_unproven,0.0
public-case57-0010,case57,22260811,57,42,1210.9981996669903,True,0.7274020190651054,1.7934258333022757,,ACCEPT,,REJECT_INCONSISTENT,identity_equivalence_unproven,0.0
public-case57-0011,case57,22260812,57,42,1226.9676437001576,True,0.7312264290527316,1.9107325297301834,,ACCEPT,,REJECT_INCONSISTENT,identity_equivalence_unproven,0.0
public-case57-0012,case57,22260813,57,42,1236.0101250841572,True,0.7333906815912103,1.7038229262586728,,ACCEPT,,REJECT_INCONSISTENT,identity_equivalence_unproven,0.0
public-case57-0013,case57,22260814,57,42,1316.4082741309574,True,0.7341202072441608,1.7158660679645383,,ACCEPT,,REJECT_INCONSISTENT,identity_equivalence_unproven,0.0
public-case57-0014,case57,22260815,57,42,1192.8812961572364,True,0.7188844066304922,1.7196097412013216,,ACCEPT,,REJECT_INCONSISTENT,identity_equivalence_unproven,0.0
public-case57-0015,case57,22260816,57,42,1226.7142179055434,True,0.7203334214485045,1.5654082216304428,,ACCEPT,,REJECT_INCONSISTENT,identity_equivalence_unproven,0.0
public-case57-0016,case57,22260817,57,42,1318.6488510009997,True,0.7133122761133899,1.7378823562220715,,ACCEPT,,REJECT_INCONSISTENT,identity_equivalence_unproven,0.0
public-case57-0017,case57,22260818,57,42,1273.9871468842864,True,0.7087616693936499,1.9164173656183756,,ACCEPT,,REJECT_INCONSISTENT,identity_equivalence_unproven,0.0
public-case57-0018,case57,22260819,57,42,1334.18817580867,True,0.7436642674658656,1.7678591754279513,,ACCEPT,,REJECT_INCONSISTENT,identity_equivalence_unproven,0.0
public-case57-0019,case57,22260820,57,42,1164.5268911265682,True,0.7290219088549006,1.771862247724964,,ACCEPT,,REJECT_INCONSISTENT,identity_equivalence_unproven,0.0
public-case57-0020,case57,22260821,57,42,1181.4204906473724,True,0.7429156034390261,1.5735506784030486,,ACCEPT,,REJECT_INCONSISTENT,identity_equivalence_unproven,0.0
public-case57-0021,case57,22260822,57,42,1357.1247002157802,True,0.7061893712272085,1.8855083887563289,,ACCEPT,,REJECT_INCONSISTENT,identity_equivalence_unproven,0.0
public-case57-0022,case57,22260823,57,42,1194.8409273986329,True,0.7122159199118915,1.864604894591019,,ACCEPT,,REJECT_INCONSISTENT,identity_equivalence_unproven,0.0
public-case57-0023,case57,22260824,57,42,1247.2578882330151,True,0.7073243078869833,1.6616856154476545,,ACCEPT,,REJECT_INCONSISTENT,identity_equivalence_unproven,0.0
public-case57-0024,case57,22260825,57,42,1247.438111277929,True,0.7356259098049627,1.9379344065576878,,ACCEPT,,REJECT_INCONSISTENT,identity_equivalence_unproven,0.0
public-case57-0025,case57,22260826,57,42,1205.426420642698,True,0.7098770423860178,1.7864400017690307,,ACCEPT,,REJECT_INCONSISTENT,identity_equivalence_unproven,0.0
public-case57-0026,case57,22260827,57,42,1224.8521730804712,True,0.7356166165269624,1.7141893942033182,,ACCEPT,,REJECT_INCONSISTENT,identity_equivalence_unproven,0.0
public-case57-0027,case57,22260828,57,42,1218.0066235377997,True,0.725307978115696,1.7833562830861012,,ACCEPT,,REJECT_INCONSISTENT,identity_equivalence_unproven,0.0
public-case57-0028,case57,22260829,57,42,1191.4344883439635,True,0.7045206862405062,1.6659370218459528,,ACCEPT,,REJECT_INCONSISTENT,identity_equivalence_unproven,0.0
public-case57-0029,case57,22260830,57,42,1268.3638200217115,True,0.7094890194397343,1.7131930079326256,,ACCEPT,,REJECT_INCONSISTENT,identity_equivalence_unproven,0.0
public-case57-0030,case57,22260831,57,42,1354.1752778285456,True,0.7344081311204974,1.828595754289294,,ACCEPT,,REJECT_INCONSISTENT,identity_equivalence_unproven,0.0
public-case57-0031,case57,22260832,57,42,1311.8010762563258,True,0.7059177371139259,1.7458987614064658,,ACCEPT,,REJECT_INCONSISTENT,identity_equivalence_unproven,0.0
public-case57-0032,case57,22260833,57,42,1260.9667207105608,True,0.7308609266847896,1.946682700454589,,ACCEPT,,REJECT_INCONSISTENT,identity_equivalence_unproven,0.0
public-case57-0033,case57,22260834,57,42,1236.4726333064891,True,0.7208109900119678,1.7160606131710467,,ACCEPT,,REJECT_INCONSISTENT,identity_equivalence_unproven,0.0
public-case57-0034,case57,22260835,57,42,1217.737524088416,True,0.6909121289604296,1.6998490201293057,,ACCEPT,,REJECT_INCONSISTENT,identity_equivalence_unproven,0.0
public-case57-0035,case57,22260836,57,42,1213.6028392085639,True,0.7155619014096595,1.7925671579526932,,ACCEPT,,REJECT_INCONSISTENT,identity_equivalence_unproven,0.0
public-case57-0036,case57,22260837,57,42,1242.920751598212,True,0.7304982611571356,1.869614745019665,,ACCEPT,,REJECT_INCONSISTENT,identity_equivalence_unproven,0.0
public-case57-0037,case57,22260838,57,42,1303.1187061397945,True,0.7188568695577264,1.8096947814563902,,ACCEPT,,REJECT_INCONSISTENT,identity_equivalence_unproven,0.0
public-case57-0038,case57,22260839,57,42,1271.0163368735612,True,0.7137657572931476,1.900921820192384,,ACCEPT,,REJECT_INCONSISTENT,identity_equivalence_unproven,0.0
public-case57-0039,case57,22260840,57,42,1356.5163342811602,True,0.7137237537596286,1.875970803218788,,ACCEPT,,REJECT_INCONSISTENT,identity_equivalence_unproven,0.0
public-case57-0040,case57,22260841,57,42,1256.5026764616512,True,0.7034102715611734,1.7780008112629884,,ACCEPT,,REJECT_INCONSISTENT,identity_equivalence_unproven,0.0
public-case57-0041,case57,22260842,57,42,1221.259785532354,True,0.7319719388744412,1.6092624435003433,,ACCEPT,,REJECT_INCONSISTENT,identity_equivalence_unproven,0.0
public-case57-0042,case57,22260843,57,42,1267.8036609452276,True,0.7172438577356803,1.937492894459536,,ACCEPT,,REJECT_INCONSISTENT,identity_equivalence_unproven,0.0
public-case57-0043,case57,22260844,57,42,1245.17101779972,True,0.7285726798890585,1.847823834451148,,ACCEPT,,REJECT_INCONSISTENT,identity_equivalence_unproven,0.0
public-case57-0044,case57,22260845,57,42,1216.4856005490471,True,0.7443970462366256,1.830176231681363,,ACCEPT,,REJECT_INCONSISTENT,identity_equivalence_unproven,0.0
public-case57-0045,case57,22260846,57,42,1325.208385182953,True,0.7142052685706171,2.064281029135228,,ACCEPT,,REJECT_INCONSISTENT,identity_equivalence_unproven,0.0
public-case57-0046,case57,22260847,57,42,1174.5134220160246,True,0.7208710991968333,1.6692605802733727,,ACCEPT,,REJECT_INCONSISTENT,identity_equivalence_unproven,0.0
public-case57-0047,case57,22260848,57,42,1297.8583659878877,True,0.7237937139501823,1.7648583399267022,,ACCEPT,,REJECT_INCONSISTENT,identity_equivalence_unproven,0.0
public-case57-0048,case57,22260849,57,42,1272.4215066384058,True,0.7226767177519062,1.607595529474724,,ACCEPT,,REJECT_INCONSISTENT,identity_equivalence_unproven,0.0
public-case57-0049,case57,22260850,57,42,1304.9476624462416,True,0.6988784508622459,1.6999297259397603,,ACCEPT,,REJECT_INCONSISTENT,identity_equivalence_unproven,0.0
public-case57-0050,case57,22260851,57,42,1211.0218083602203,True,0.7281371605119963,1.5148322271038652,,ACCEPT,,REJECT_INCONSISTENT,identity_equivalence_unproven,0.0
public-case57-0051,case57,22260852,57,42,1242.534354343,True,0.7206376326956153,1.773934092618909,,ACCEPT,,REJECT_INCONSISTENT,identity_equivalence_unproven,0.0
public-case57-0052,case57,22260853,57,42,1274.355578918138,True,0.7271844223898528,1.6640021080694263,,ACCEPT,,REJECT_INCONSISTENT,identity_equivalence_unproven,0.0
public-case57-0053,case57,22260854,57,42,1237.911217736472,True,0.7300579389357355,1.9020726814972906,,ACCEPT,,REJECT_INCONSISTENT,identity_equivalence_unproven,0.0
public-case57-0054,case57,22260855,57,42,1240.788276445606,True,0.7216776428333147,1.7838880961362158,,ACCEPT,,REJECT_INCONSISTENT,identity_equivalence_unproven,0.0
public-case57-0055,case57,22260856,57,42,1194.7398991212388,True,0.7186406706831414,1.5699324381215556,,ACCEPT,,REJECT_INCONSISTENT,identity_equivalence_unproven,0.0
public-case57-0056,case57,22260857,57,42,1155.4062439770512,True,0.6953213300808845,1.6552069339824858,,ACCEPT,,REJECT_INCONSISTENT,identity_equivalence_unproven,0.0
public-case57-0057,case57,22260858,57,42,1286.903849241603,True,0.7112517616727356,1.834774053739309,,ACCEPT,,REJECT_INCONSISTENT,identity_equivalence_unproven,0.0
public-case57-0058,case57,22260859,57,42,1198.7196945407634,True,0.7175696276338266,1.8347336994944352,,ACCEPT,,REJECT_INCONSISTENT,identity_equivalence_unproven,0.0
public-case57-0059,case57,22260860,57,42,1276.7498113363697,True,0.7288066591060857,1.8694929373997855,,ACCEPT,,REJECT_INCONSISTENT,identity_equivalence_unproven,0.0
public-case57-0060,case57,22260861,57,42,1234.4253011875924,True,0.7039656192282319,1.7051168869920759,,ACCEPT,,REJECT_INCONSISTENT,identity_equivalence_unproven,0.0
public-case57-0061,case57,22260862,57,42,1290.9798240332102,True,0.7211919143022433,2.0458884956310244,,ACCEPT,,REJECT_INCONSISTENT,identity_equivalence_unproven,0.0
public-case57-0062,case57,22260863,57,42,1303.8465214850628,True,0.729833742820915,1.6615468746883924,,ACCEPT,,REJECT_INCONSISTENT,identity_equivalence_unproven,0.0
public-case57-0063,case57,22260864,57,42,1288.4723856318653,True,0.7228005194523507,1.6345970675129957,,ACCEPT,,REJECT_INCONSISTENT,identity_equivalence_unproven,0.0
public-case57-0064,case57,22260865,57,42,1287.4278472730034,True,0.7215250674650867,1.872242858529947,,ACCEPT,,REJECT_INCONSISTENT,identity_equivalence_unproven,0.0
public-case57-0065,case57,22260866,57,42,1174.6891938580918,True,0.7048636147385785,1.8720366285647723,,ACCEPT,,REJECT_INCONSISTENT,identity_equivalence_unproven,0.0
public-case57-0066,case57,22260867,57,42,1327.6778799824087,True,0.7069331096973134,1.9391550020270927,,ACCEPT,,REJECT_INCONSISTENT,identity_equivalence_unproven,0.0
public-case57-0067,case57,22260868,57,42,1194.760000752633,True,0.7084170753265522,1.6095089919693963,,ACCEPT,,REJECT_INCONSISTENT,identity_equivalence_unproven,0.0
public-case57-0068,case57,22260869,57,42,1296.468435756378,True,0.705091662142776,1.9247110611664668,,ACCEPT,,REJECT_INCONSISTENT,identity_equivalence_unproven,0.0
public-case57-0069,case57,22260870,57,42,1293.192610754677,True,0.7173564514232533,1.860510206097257,,ACCEPT,,REJECT_INCONSISTENT,identity_equivalence_unproven,0.0
public-case57-0070,case57,22260871,57,42,1156.404150578201,True,0.7339496892027524,1.7005023584435282,,ACCEPT,,REJECT_INCONSISTENT,identity_equivalence_unproven,0.0
public-case57-0071,case57,22260872,57,42,1187.3350189495295,True,0.7311659825874545,1.8957496784598884,,ACCEPT,,REJECT_INCONSISTENT,identity_equivalence_unproven,0.0
public-case57-0072,case57,22260873,57,42,1291.3094461744615,True,0.7312615041839156,1.702402204622343,,ACCEPT,,REJECT_INCONSISTENT,identity_equivalence_unproven,0.0
public-case57-0073,case57,22260874,57,42,1286.5138854996148,True,0.726258329964694,1.7741384092790806,,ACCEPT,,REJECT_INCONSISTENT,identity_equivalence_unproven,0.0
public-case57-0074,case57,22260875,57,42,1291.270457186341,True,0.7049012806798245,1.853605099091466,,ACCEPT,,REJECT_INCONSISTENT,identity_equivalence_unproven,0.0
public-case57-0075,case57,22260876,57,42,1237.9163115708009,True,0.701512333081237,1.6401606977517775,,ACCEPT,,REJECT_INCONSISTENT,identity_equivalence_unproven,0.0
public-case57-0076,case57,22260877,57,42,1187.5471150891888,True,0.721015826043238,2.0018886191990624,,ACCEPT,,REJECT_INCONSISTENT,identity_equivalence_unproven,0.0
public-case57-0077,case57,22260878,57,42,1279.2528403736353,True,0.7195024359446824,1.8625826681163427,,ACCEPT,,REJECT_INCONSISTENT,identity_equivalence_unproven,0.0
public-case57-0078,case57,22260879,57,42,1274.8019715868168,True,0.7201902381740534,1.6107431075957153,,ACCEPT,,REJECT_INCONSISTENT,identity_equivalence_unproven,0.0
public-case57-0079,case57,22260880,57,42,1197.9486829365876,True,0.7071203623293278,1.7225674181423987,,ACCEPT,,REJECT_INCONSISTENT,identity_equivalence_unproven,0.0
public-case57-0080,case57,22260881,57,42,1316.49098633632,True,0.7043730680169847,2.02267628585696,,ACCEPT,,REJECT_INCONSISTENT,identity_equivalence_unproven,0.0
public-case57-0081,case57,22260882,57,42,1328.2370080299568,True,0.7042888905744946,1.878136734603419,,ACCEPT,,REJECT_INCONSISTENT,identity_equivalence_unproven,0.0
public-case57-0082,case57,22260883,57,42,1218.0268801426616,True,0.7033788078019738,1.803336641684335,,ACCEPT,,REJECT_INCONSISTENT,identity_equivalence_unproven,0.0
public-case57-0083,case57,22260884,57,42,1268.0502949523523,True,0.745768673516845,1.8999643688560748,,ACCEPT,,REJECT_INCONSISTENT,identity_equivalence_unproven,0.0
public-case57-0084,case57,22260885,57,42,1208.289891538877,True,0.6969809947662101,1.8342854900412826,,ACCEPT,,REJECT_INCONSISTENT,identity_equivalence_unproven,0.0
public-case57-0085,case57,22260886,57,42,1295.3090825934717,True,0.7383206769282763,1.7597111475972333,,ACCEPT,,REJECT_INCONSISTENT,identity_equivalence_unproven,0.0
public-case57-0086,case57,22260887,57,42,1371.1056654662475,True,0.7133280215303033,1.9261375811918564,,ACCEPT,,REJECT_INCONSISTENT,identity_equivalence_unproven,0.0
public-case57-0087,case57,22260888,57,42,1252.8183449374396,True,0.7257871225937678,1.8842314591749725,,ACCEPT,,REJECT_INCONSISTENT,identity_equivalence_unproven,0.0
public-case57-0088,case57,22260889,57,42,1224.179249936325,True,0.7244087668693387,1.5647102949554035,,ACCEPT,,REJECT_INCONSISTENT,identity_equivalence_unproven,0.0
public-case57-0089,case57,22260890,57,42,1130.6681008377775,True,0.7054655582601728,1.8729432827864065,,ACCEPT,,REJECT_INCONSISTENT,identity_equivalence_unproven,0.0
public-case57-0090,case57,22260891,57,42,1261.2611206659951,True,0.7088544184871601,1.9016463268458392,,ACCEPT,,REJECT_INCONSISTENT,identity_equivalence_unproven,0.0
public-case57-0091,case57,22260892,57,42,1276.070627734539,True,0.7319665031114564,1.7318454864670592,,ACCEPT,,REJECT_INCONSISTENT,identity_equivalence_unproven,0.0
public-case57-0092,case57,22260893,57,42,1216.2252533795372,True,0.7412295398859317,1.733639740478791,,ACCEPT,,REJECT_INCONSISTENT,identity_equivalence_unproven,0.0
public-case57-0093,case57,22260894,57,42,1217.4212967622343,True,0.7164436869646441,1.6456885921012316,,ACCEPT,,REJECT_INCONSISTENT,identity_equivalence_unproven,0.0
public-case57-0094,case57,22260895,57,42,1183.1421209396356,True,0.7197533019975602,1.6704758799984547,,ACCEPT,,REJECT_INCONSISTENT,identity_equivalence_unproven,0.0
public-case57-0095,case57,22260896,57,42,1304.210727215006,True,0.7453351066418945,1.8495191400276365,,ACCEPT,,REJECT_INCONSISTENT,identity_equivalence_unproven,0.0
public-case57-0096,case57,22260897,57,42,1333.795690152087,True,0.7208338004214587,1.8022136376500217,,ACCEPT,,REJECT_INCONSISTENT,identity_equivalence_unproven,0.0
public-case57-0097,case57,22260898,57,42,1288.7435425062208,True,0.728100491856175,2.0125697209739837,,ACCEPT,,REJECT_INCONSISTENT,identity_equivalence_unproven,0.0
public-case57-0098,case57,22260899,57,42,1182.9319568120743,True,0.7373111516527363,1.8810332889413313,,ACCEPT,,REJECT_INCONSISTENT,identity_equivalence_unproven,0.0
public-case57-0099,case57,22260900,57,42,1221.838422833052,True,0.7325133195570902,1.7947213057031155,,ACCEPT,,REJECT_INCONSISTENT,identity_equivalence_unproven,0.0
public-case57-0100,case57,22260901,57,42,1243.3868792435974,True,0.7178059629076502,1.643270436736536,,ACCEPT,,REJECT_INCONSISTENT,identity_equivalence_unproven,0.0
public-case57-0101,case57,22260902,57,42,1312.9511782657896,True,0.7404568244202221,1.7297781868710387,,ACCEPT,,REJECT_INCONSISTENT,identity_equivalence_unproven,0.0
public-case57-0102,case57,22260903,57,42,1288.9948812951052,True,0.7386819666159388,1.7559113736752736,,ACCEPT,,REJECT_INCONSISTENT,identity_equivalence_unproven,0.0
public-case57-0103,case57,22260904,57,42,1173.9427179729191,True,0.7287067343972558,1.8377007266137513,,ACCEPT,,REJECT_INCONSISTENT,identity_equivalence_unproven,0.0
public-case57-0104,case57,22260905,57,42,1283.7270829880542,True,0.7221856222441617,1.857908336643745,,ACCEPT,,REJECT_INCONSISTENT,identity_equivalence_unproven,0.0
public-case57-0105,case57,22260906,57,42,1268.1437614835675,True,0.7169136421332497,1.618810248018029,,ACCEPT,,REJECT_INCONSISTENT,identity_equivalence_unproven,0.0
public-case57-0106,case57,22260907,57,42,1203.5515562362823,True,0.7324653658202286,1.5755464939497112,,ACCEPT,,REJECT_INCONSISTENT,identity_equivalence_unproven,0.0
public-case57-0107,case57,22260908,57,42,1280.094984975444,True,0.7258385667439653,1.697103056913124,,ACCEPT,,REJECT_INCONSISTENT,identity_equivalence_unproven,0.0
public-case57-0108,case57,22260909,57,42,1264.4163545325252,True,0.740909514753732,1.941267365070325,,ACCEPT,,REJECT_INCONSISTENT,identity_equivalence_unproven,0.0
public-case57-0109,case57,22260910,57,42,1280.2701411370838,True,0.7341725153553308,1.7638991181396935,,ACCEPT,,REJECT_INCONSISTENT,identity_equivalence_unproven,0.0
public-case57-0110,case57,22260911,57,42,1311.2937188564142,True,0.7152775004132087,1.7841623143176073,,ACCEPT,,REJECT_INCONSISTENT,identity_equivalence_unproven,0.0
public-case57-0111,case57,22260912,57,42,1322.3343060009863,True,0.7056725659235288,1.926880959138009,,ACCEPT,,REJECT_INCONSISTENT,identity_equivalence_unproven,0.0
public-case57-0112,case57,22260913,57,42,1299.0290209529905,True,0.7002137885523292,1.904515154096732,,ACCEPT,,REJECT_INCONSISTENT,identity_equivalence_unproven,0.0
public-case57-0113,case57,22260914,57,42,1221.8586171644674,True,0.7148599395796577,1.5628098145069083,,ACCEPT,,REJECT_INCONSISTENT,identity_equivalence_unproven,0.0
public-case57-0114,case57,22260915,57,42,1164.6293491864908,True,0.7294042309160905,1.8569691538795978,,ACCEPT,,REJECT_INCONSISTENT,identity_equivalence_unproven,0.0
public-case57-0115,case57,22260916,57,42,1213.6753002841772,True,0.7140464889809224,1.6461389151875339,,ACCEPT,,REJECT_INCONSISTENT,identity_equivalence_unproven,0.0
public-case57-0116,case57,22260917,57,42,1262.3266211758857,True,0.7287199059541515,1.8112704853477977,,ACCEPT,,REJECT_INCONSISTENT,identity_equivalence_unproven,0.0
public-case57-0117,case57,22260918,57,42,1231.6090921032508,True,0.7278084552311853,1.9841721367478886,,ACCEPT,,REJECT_INCONSISTENT,identity_equivalence_unproven,0.0
public-case57-0118,case57,22260919,57,42,1280.4131264769865,True,0.7188009575837481,1.717929888227414,,ACCEPT,,REJECT_INCONSISTENT,identity_equivalence_unproven,0.0
public-case57-0119,case57,22260920,57,42,1315.1211836632656,True,0.717147008637894,1.7154395818239563,,ACCEPT,,REJECT_INCONSISTENT,identity_equivalence_unproven,0.0
public-case57-0120,case57,22260921,57,42,1316.9452516747008,True,0.7320271871061241,1.8162291333467009,,ACCEPT,,REJECT_INCONSISTENT,identity_equivalence_unproven,0.0
public-case57-0121,case57,22260922,57,42,1245.6213679413836,True,0.7294368342165929,1.8122262389225134,,ACCEPT,,REJECT_INCONSISTENT,identity_equivalence_unproven,0.0
public-case57-0122,case57,22260923,57,42,1332.270898642802,True,0.7016449841021035,1.7868323722243298,,ACCEPT,,REJECT_INCONSISTENT,identity_equivalence_unproven,0.0
public-case57-0123,case57,22260924,57,42,1335.4447291497702,True,0.7049606579818538,1.808569311733945,,ACCEPT,,REJECT_INCONSISTENT,identity_equivalence_unproven,0.0
public-case57-0124,case57,22260925,57,42,1276.3822996634667,True,0.7259652332757007,1.6399886604300096,,ACCEPT,,REJECT_INCONSISTENT,identity_equivalence_unproven,0.0
public-case57-0125,case57,22260926,57,42,1292.9323063648087,True,0.7112937905726335,1.8838920898136318,,ACCEPT,,REJECT_INCONSISTENT,identity_equivalence_unproven,0.0
public-case57-0126,case57,22260927,57,42,1297.095823307328,True,0.7316947524004193,1.838157798617003,,ACCEPT,,REJECT_INCONSISTENT,identity_equivalence_unproven,0.0
public-case57-0127,case57,22260928,57,42,1215.576315885573,True,0.7206409421027491,1.5793403176552763,,ACCEPT,,REJECT_INCONSISTENT,identity_equivalence_unproven,0.0
public-case57-0128,case57,22260929,57,42,1295.8709358577808,True,0.7113412654919912,1.73769657805018,,ACCEPT,,REJECT_INCONSISTENT,identity_equivalence_unproven,0.0
public-case57-0129,case57,22260930,57,42,1225.5769948324512,True,0.7206027825221046,1.5450087018781407,,ACCEPT,,REJECT_INCONSISTENT,identity_equivalence_unproven,0.0
public-case57-0130,case57,22260931,57,42,1240.1091133643708,True,0.719397129941997,1.5195142485464272,,ACCEPT,,REJECT_INCONSISTENT,identity_equivalence_unproven,0.0
public-case57-0131,case57,22260932,57,42,1250.6239056677064,True,0.7063092205526657,1.9233545264677552,,ACCEPT,,REJECT_INCONSISTENT,identity_equivalence_unproven,0.0
public-case57-0132,case57,22260933,57,42,1333.0021061622717,True,0.7094544499070191,1.8413004329045004,,ACCEPT,,REJECT_INCONSISTENT,identity_equivalence_unproven,0.0
public-case57-0133,case57,22260934,57,42,1182.9134397858581,True,0.7272434130117607,1.7757509932719124,,ACCEPT,,REJECT_INCONSISTENT,identity_equivalence_unproven,0.0
public-case57-0134,case57,22260935,57,42,1260.2720014853721,True,0.7114755065198679,1.982642378694555,,ACCEPT,,REJECT_INCONSISTENT,identity_equivalence_unproven,0.0
public-case57-0135,case57,22260936,57,42,1183.2003358192262,True,0.7211216580883106,1.919633862261667,,ACCEPT,,REJECT_INCONSISTENT,identity_equivalence_unproven,0.0
public-case57-0136,case57,22260937,57,42,1303.7426463219595,True,0.7102784535299886,2.0578941477030375,,ACCEPT,,REJECT_INCONSISTENT,identity_equivalence_unproven,0.0
public-case57-0137,case57,22260938,57,42,1256.1124873242416,True,0.7287375742941776,1.9466478953209465,,ACCEPT,,REJECT_INCONSISTENT,identity_equivalence_unproven,0.0
public-case57-0138,case57,22260939,57,42,1306.2406344541955,True,0.7327015178707625,1.8287541270757441,,ACCEPT,,REJECT_INCONSISTENT,identity_equivalence_unproven,0.0
public-case57-0139,case57,22260940,57,42,1307.5624415809225,True,0.7189375883201202,1.8617593049137497,,ACCEPT,,REJECT_INCONSISTENT,identity_equivalence_unproven,0.0
public-case57-0140,case57,22260941,57,42,1276.4150138653524,True,0.7103496325644989,1.6662853648259885,,ACCEPT,,REJECT_INCONSISTENT,identity_equivalence_unproven,0.0
public-case57-0141,case57,22260942,57,42,1253.6424741431422,True,0.7306185568193951,1.766370605597713,,ACCEPT,,REJECT_INCONSISTENT,identity_equivalence_unproven,0.0
public-case57-0142,case57,22260943,57,42,1183.1164805257567,True,0.7260069539272738,1.8143716794469231,,ACCEPT,,REJECT_INCONSISTENT,identity_equivalence_unproven,0.0
public-case57-0143,case57,22260944,57,42,1195.082583076725,True,0.709488936775614,1.6814393025987713,,ACCEPT,,REJECT_INCONSISTENT,identity_equivalence_unproven,0.0
public-case57-0144,case57,22260945,57,42,1269.3978720046612,True,0.6939898809099113,1.7300278866191428,,ACCEPT,,REJECT_INCONSISTENT,identity_equivalence_unproven,0.0
public-case57-0145,case57,22260946,57,42,1249.7288186028973,True,0.6979789891465286,1.64103183538177,,ACCEPT,,REJECT_INCONSISTENT,identity_equivalence_unproven,0.0
public-case57-0146,case57,22260947,57,42,1155.3890933475539,True,0.7090838028713299,1.8669801830533774,,ACCEPT,,REJECT_INCONSISTENT,identity_equivalence_unproven,0.0
public-case57-0147,case57,22260948,57,42,1210.1858157482927,True,0.7305261882953213,1.9230506228092772,,ACCEPT,,REJECT_INCONSISTENT,identity_equivalence_unproven,0.0
public-case57-0148,case57,22260949,57,42,1247.2058885440913,True,0.7220408655024476,1.6004552125354188,,ACCEPT,,REJECT_INCONSISTENT,identity_equivalence_unproven,0.0
public-case57-0149,case57,22260950,57,42,1272.6010569440975,True,0.7196542625154227,1.608295449511514,,ACCEPT,,REJECT_INCONSISTENT,identity_equivalence_unproven,0.0
public-case57-0150,case57,22260951,57,42,1246.9324115805268,True,0.7377936510296288,1.8567201195823995,,ACCEPT,,REJECT_INCONSISTENT,identity_equivalence_unproven,0.0
public-case57-0151,case57,22260952,57,42,1148.739413010034,True,0.7211002366490175,1.8709031994537464,,ACCEPT,,REJECT_INCONSISTENT,identity_equivalence_unproven,0.0
public-case57-0152,case57,22260953,57,42,1282.140467641861,True,0.7263751482152824,1.7529836488248223,,ACCEPT,,REJECT_INCONSISTENT,identity_equivalence_unproven,0.0
public-case57-0153,case57,22260954,57,42,1209.4089112331937,True,0.7152721716337778,1.7593528018019278,,ACCEPT,,REJECT_INCONSISTENT,identity_equivalence_unproven,0.0
public-case57-0154,case57,22260955,57,42,1334.6124135234206,True,0.7350269655873688,1.799272489959706,,ACCEPT,,REJECT_INCONSISTENT,identity_equivalence_unproven,0.0
public-case57-0155,case57,22260956,57,42,1243.2592408380303,True,0.7275767444943699,1.9197715302620797,,ACCEPT,,REJECT_INCONSISTENT,identity_equivalence_unproven,0.0
public-case57-0156,case57,22260957,57,42,1273.90834331926,True,0.7231331466547987,1.9603808058553225,,ACCEPT,,REJECT_INCONSISTENT,identity_equivalence_unproven,0.0
public-case57-0157,case57,22260958,57,42,1289.5204534575432,True,0.6957900563418147,1.8467105123449397,,ACCEPT,,REJECT_INCONSISTENT,identity_equivalence_unproven,0.0
public-case57-0158,case57,22260959,57,42,1160.7900803876882,True,0.7200762876896586,1.7949341679271948,,ACCEPT,,REJECT_INCONSISTENT,identity_equivalence_unproven,0.0
public-case57-0159,case57,22260960,57,42,1260.366353418271,True,0.7337833735233883,1.6242850421525505,,ACCEPT,,REJECT_INCONSISTENT,identity_equivalence_unproven,0.0
public-case57-0160,case57,22260961,57,42,1310.9311941846347,True,0.7367302553108078,1.881898464146918,,ACCEPT,,REJECT_INCONSISTENT,identity_equivalence_unproven,0.0
public-case57-0161,case57,22260962,57,42,1202.9729264694934,True,0.71090145844166,1.8366930532297578,,ACCEPT,,REJECT_INCONSISTENT,identity_equivalence_unproven,0.0
public-case57-0162,case57,22260963,57,42,1292.0152509270547,True,0.713454133027508,1.7346877083073313,,ACCEPT,,REJECT_INCONSISTENT,identity_equivalence_unproven,0.0
public-case57-0163,case57,22260964,57,42,1249.9143096897863,True,0.7098505514395541,1.5916938953503126,,ACCEPT,,REJECT_INCONSISTENT,identity_equivalence_unproven,0.0
public-case57-0164,case57,22260965,57,42,1298.63105908281,True,0.7241938103191777,1.958434043742123,,ACCEPT,,REJECT_INCONSISTENT,identity_equivalence_unproven,0.0
public-case57-0165,case57,22260966,57,42,1273.1554386686987,True,0.7338001965592597,1.7112643358552253,,ACCEPT,,REJECT_INCONSISTENT,identity_equivalence_unproven,0.0
public-case57-0166,case57,22260967,57,42,1240.3556853065215,True,0.7233147408094392,1.6757118579277597,,ACCEPT,,REJECT_INCONSISTENT,identity_equivalence_unproven,0.0
public-case57-0167,case57,22260968,57,42,1217.4940736980045,True,0.7258184593118209,1.6098729692413796,,ACCEPT,,REJECT_INCONSISTENT,identity_equivalence_unproven,0.0
public-case57-0168,case57,22260969,57,42,1215.2116834375845,True,0.7114021960181041,1.7080229606336608,,ACCEPT,,REJECT_INCONSISTENT,identity_equivalence_unproven,0.0
public-case57-0169,case57,22260970,57,42,1323.3725975270963,True,0.7155138598575695,1.7644521927405927,,ACCEPT,,REJECT_INCONSISTENT,identity_equivalence_unproven,0.0
public-case57-0170,case57,22260971,57,42,1272.367655216876,True,0.6947497893258213,1.6279632845760574,,ACCEPT,,REJECT_INCONSISTENT,identity_equivalence_unproven,0.0
public-case57-0171,case57,22260972,57,42,1181.39596799226,True,0.7187979232394804,1.841125640398616,,ACCEPT,,REJECT_INCONSISTENT,identity_equivalence_unproven,0.0
public-case57-0172,case57,22260973,57,42,1299.7545037831462,True,0.6912082013912227,1.7723684929102157,,ACCEPT,,REJECT_INCONSISTENT,identity_equivalence_unproven,0.0
public-case57-0173,case57,22260974,57,42,1245.1840481565316,True,0.7258371121088056,1.8748960078137162,,ACCEPT,,REJECT_INCONSISTENT,identity_equivalence_unproven,0.0
public-case57-0174,case57,22260975,57,42,1148.388493235297,True,0.71393810021014,1.876787521302169,,ACCEPT,,REJECT_INCONSISTENT,identity_equivalence_unproven,0.0
public-case57-0175,case57,22260976,57,42,1306.4148122825918,True,0.7331077960604503,1.8678371288505753,,ACCEPT,,REJECT_INCONSISTENT,identity_equivalence_unproven,0.0
public-case57-0176,case57,22260977,57,42,1254.214139866649,True,0.7277306281329248,1.7794509828231249,,ACCEPT,,REJECT_INCONSISTENT,identity_equivalence_unproven,0.0
public-case57-0177,case57,22260978,57,42,1144.8833534061055,True,0.7025821127382682,1.837839728448647,,ACCEPT,,REJECT_INCONSISTENT,identity_equivalence_unproven,0.0
public-case57-0178,case57,22260979,57,42,1248.6583670326938,True,0.7445060651396522,1.7592418469266873,,ACCEPT,,REJECT_INCONSISTENT,identity_equivalence_unproven,0.0
public-case57-0179,case57,22260980,57,42,1275.1404175942423,True,0.7061504159147839,1.593454123637233,,ACCEPT,,REJECT_INCONSISTENT,identity_equivalence_unproven,0.0
public-case57-0180,case57,22260981,57,42,1378.8717743488717,True,0.7301671476116266,1.953708563788464,,ACCEPT,,REJECT_INCONSISTENT,identity_equivalence_unproven,0.0
public-case57-0181,case57,22260982,57,42,1232.3082314325034,True,0.7016515756086256,1.6796484586761646,,ACCEPT,,REJECT_INCONSISTENT,identity_equivalence_unproven,0.0
public-case57-0182,case57,22260983,57,42,1226.066866322013,True,0.7310725661317254,1.675203364161368,,ACCEPT,,REJECT_INCONSISTENT,identity_equivalence_unproven,0.0
public-case57-0183,case57,22260984,57,42,1204.244682882466,True,0.719664755440331,1.7041706681344522,,ACCEPT,,REJECT_INCONSISTENT,identity_equivalence_unproven,0.0
public-case57-0184,case57,22260985,57,42,1208.273615619784,True,0.7153310522881983,1.6269169520204123,,ACCEPT,,REJECT_INCONSISTENT,identity_equivalence_unproven,0.0
public-case57-0185,case57,22260986,57,42,1169.4419669849187,True,0.7316383250554108,1.7547464324534534,,ACCEPT,,REJECT_INCONSISTENT,identity_equivalence_unproven,0.0
public-case57-0186,case57,22260987,57,42,1191.000687560984,True,0.7358633167951616,1.8681057704813833,,ACCEPT,,REJECT_INCONSISTENT,identity_equivalence_unproven,0.0
public-case57-0187,case57,22260988,57,42,1254.3843577882897,True,0.6988606834707789,1.75688764029883,,ACCEPT,,REJECT_INCONSISTENT,identity_equivalence_unproven,0.0
public-case57-0188,case57,22260989,57,42,1205.4169597891514,True,0.724363445356024,1.6044256232158012,,ACCEPT,,REJECT_INCONSISTENT,identity_equivalence_unproven,0.0
public-case57-0189,case57,22260990,57,42,1281.4504072802636,True,0.7086161761118744,1.9142372830842118,,ACCEPT,,REJECT_INCONSISTENT,identity_equivalence_unproven,0.0
public-case57-0190,case57,22260991,57,42,1157.9430233425346,True,0.6895165573267884,1.859265742073459,,ACCEPT,,REJECT_INCONSISTENT,identity_equivalence_unproven,0.0
public-case57-0191,case57,22260992,57,42,1185.375750355184,True,0.7008819482575345,1.7625522257056987,,ACCEPT,,REJECT_INCONSISTENT,identity_equivalence_unproven,0.0
public-case57-0192,case57,22260993,57,42,1339.6990283082632,True,0.7209795892600614,1.76367028325037,,ACCEPT,,REJECT_INCONSISTENT,identity_equivalence_unproven,0.0
public-case57-0193,case57,22260994,57,42,1253.2897215318264,True,0.7050982652286877,1.6189371517243039,,ACCEPT,,REJECT_INCONSISTENT,identity_equivalence_unproven,0.0
public-case57-0194,case57,22260995,57,42,1320.6729482154617,True,0.7062223286689144,1.8102020627383668,,ACCEPT,,REJECT_INCONSISTENT,identity_equivalence_unproven,0.0
public-case57-0195,case57,22260996,57,42,1220.9566167368348,True,0.7209195812224521,1.5826038004203964,,ACCEPT,,REJECT_INCONSISTENT,identity_equivalence_unproven,0.0
public-case57-0196,case57,22260997,57,42,1218.6687977089748,True,0.7313710000397455,1.6229711603792873,,ACCEPT,,REJECT_INCONSISTENT,identity_equivalence_unproven,0.0
public-case57-0197,case57,22260998,57,42,1278.505022132714,True,0.7120912344571382,1.7446576055332188,,ACCEPT,,REJECT_INCONSISTENT,identity_equivalence_unproven,0.0
public-case57-0198,case57,22260999,57,42,1232.9981156246656,True,0.6970366610131065,1.618402371034757,,ACCEPT,,REJECT_INCONSISTENT,identity_equivalence_unproven,0.0
public-case57-0199,case57,22261000,57,42,1195.5885789795493,True,0.7166634161054493,1.8877494918198088,,ACCEPT,,REJECT_INCONSISTENT,identity_equivalence_unproven,0.0
public-case57-0200,case57,22261001,57,42,1318.4009005057476,True,0.7245702308059011,1.7987652168173325,,ACCEPT,,REJECT_INCONSISTENT,identity_equivalence_unproven,0.0
public-case57-0201,case57,22261002,57,42,1223.9289213382376,True,0.7309747331868246,1.7041056189168207,,ACCEPT,,REJECT_INCONSISTENT,identity_equivalence_unproven,0.0
public-case57-0202,case57,22261003,57,42,1298.0033858089525,True,0.7093512744193083,1.7766820300116153,,ACCEPT,,REJECT_INCONSISTENT,identity_equivalence_unproven,0.0
public-case57-0203,case57,22261004,57,42,1258.81439175954,True,0.7349229465219936,1.7502552815680101,,ACCEPT,,REJECT_INCONSISTENT,identity_equivalence_unproven,0.0
public-case57-0204,case57,22261005,57,42,1301.958785099752,True,0.7372171100182263,1.832324245014122,,ACCEPT,,REJECT_INCONSISTENT,identity_equivalence_unproven,0.0
public-case57-0205,case57,22261006,57,42,1310.2749701098676,True,0.7202428934398447,1.9006760800256923,,ACCEPT,,REJECT_INCONSISTENT,identity_equivalence_unproven,0.0
public-case57-0206,case57,22261007,57,42,1285.2161899696225,True,0.7081228352967966,1.6675437133004785,,ACCEPT,,REJECT_INCONSISTENT,identity_equivalence_unproven,0.0
public-case57-0207,case57,22261008,57,42,1337.527555890053,True,0.7037647060341183,1.8677305230922407,,ACCEPT,,REJECT_INCONSISTENT,identity_equivalence_unproven,0.0
public-case57-0208,case57,22261009,57,42,1316.139631561011,True,0.7286266147613771,1.7198624500342417,,ACCEPT,,REJECT_INCONSISTENT,identity_equivalence_unproven,0.0
public-case57-0209,case57,22261010,57,42,1290.0703387823125,True,0.7059983559408834,1.850070557759325,,ACCEPT,,REJECT_INCONSISTENT,identity_equivalence_unproven,0.0
public-case57-0210,case57,22261011,57,42,1192.9490525606625,True,0.7381805992777254,1.8876599294572294,,ACCEPT,,REJECT_INCONSISTENT,identity_equivalence_unproven,0.0
public-case57-0211,case57,22261012,57,42,1285.9841018864488,True,0.715980740674705,1.790348916585699,,ACCEPT,,REJECT_INCONSISTENT,identity_equivalence_unproven,0.0
public-case57-0212,case57,22261013,57,42,1245.0623848955006,True,0.7205088037002313,1.8981915275280714,,ACCEPT,,REJECT_INCONSISTENT,identity_equivalence_unproven,0.0
public-case57-0213,case57,22261014,57,42,1204.7738205362436,True,0.7226826701167267,1.8153167470073377,,ACCEPT,,REJECT_INCONSISTENT,identity_equivalence_unproven,0.0
public-case57-0214,case57,22261015,57,42,1252.5195007353857,True,0.7198676025661338,1.6487987264816824,,ACCEPT,,REJECT_INCONSISTENT,identity_equivalence_unproven,0.0
public-case57-0215,case57,22261016,57,42,1231.7474981360733,True,0.7384724332206847,1.790448470373811,,ACCEPT,,REJECT_INCONSISTENT,identity_equivalence_unproven,0.0
public-case57-0216,case57,22261017,57,42,1230.9757416100508,True,0.7279444036030633,1.7831699528383367,,ACCEPT,,REJECT_INCONSISTENT,identity_equivalence_unproven,0.0
public-case57-0217,case57,22261018,57,42,1291.1461408516286,True,0.7158712677118164,1.771674527105269,,ACCEPT,,REJECT_INCONSISTENT,identity_equivalence_unproven,0.0
public-case57-0218,case57,22261019,57,42,1214.759632335613,True,0.7257878376307553,1.8348729527110819,,ACCEPT,,REJECT_INCONSISTENT,identity_equivalence_unproven,0.0
public-case57-0219,case57,22261020,57,42,1268.8106470923337,True,0.7157700970428644,1.828057598554217,,ACCEPT,,REJECT_INCONSISTENT,identity_equivalence_unproven,0.0
public-case57-0220,case57,22261021,57,42,1230.5450830496475,True,0.7224210161127864,1.834059688117308,,ACCEPT,,REJECT_INCONSISTENT,identity_equivalence_unproven,0.0
public-case57-0221,case57,22261022,57,42,1265.6937537614094,True,0.715525897507417,1.9706125683445552,,ACCEPT,,REJECT_INCONSISTENT,identity_equivalence_unproven,0.0
public-case57-0222,case57,22261023,57,42,1289.0100509055433,True,0.7310880107271511,1.9403707667393595,,ACCEPT,,REJECT_INCONSISTENT,identity_equivalence_unproven,0.0
public-case57-0223,case57,22261024,57,42,1290.9927047103845,True,0.7077645880805895,1.8110835354998012,,ACCEPT,,REJECT_INCONSISTENT,identity_equivalence_unproven,0.0
public-case57-0224,case57,22261025,57,42,1222.0785675479776,True,0.7034338984102582,1.7249862646633147,,ACCEPT,,REJECT_INCONSISTENT,identity_equivalence_unproven,0.0
public-case57-0225,case57,22261026,57,42,1278.0633687031273,True,0.7294113552190713,1.9463050700144684,,ACCEPT,,REJECT_INCONSISTENT,identity_equivalence_unproven,0.0
public-case57-0226,case57,22261027,57,42,1240.6054955959469,True,0.7090879715408154,1.8618668378763261,,ACCEPT,,REJECT_INCONSISTENT,identity_equivalence_unproven,0.0
public-case57-0227,case57,22261028,57,42,1240.361268217347,True,0.7124411735729105,1.9691615737593864,,ACCEPT,,REJECT_INCONSISTENT,identity_equivalence_unproven,0.0
public-case57-0228,case57,22261029,57,42,1166.9422146897434,True,0.7297106287336533,1.8303361248934096,,ACCEPT,,REJECT_INCONSISTENT,identity_equivalence_unproven,0.0
public-case57-0229,case57,22261030,57,42,1243.081759325355,True,0.7319410602032084,1.6082411865744444,,ACCEPT,,REJECT_INCONSISTENT,identity_equivalence_unproven,0.0
public-case57-0230,case57,22261031,57,42,1270.3122896034868,True,0.7197994448990013,1.7396961249489755,,ACCEPT,,REJECT_INCONSISTENT,identity_equivalence_unproven,0.0
public-case57-0231,case57,22261032,57,42,1246.5582194868837,True,0.7237792224998044,1.8387146926162126,,ACCEPT,,REJECT_INCONSISTENT,identity_equivalence_unproven,0.0
public-case57-0232,case57,22261033,57,42,1285.6111339479517,True,0.7298463126183365,1.8166923719782033,,ACCEPT,,REJECT_INCONSISTENT,identity_equivalence_unproven,0.0
public-case57-0233,case57,22261034,57,42,1315.942206362774,True,0.7094627975425738,1.8771589054115558,,ACCEPT,,REJECT_INCONSISTENT,identity_equivalence_unproven,0.0
public-case57-0234,case57,22261035,57,42,1335.5086749903267,True,0.7396565720608289,1.810492285750277,,ACCEPT,,REJECT_INCONSISTENT,identity_equivalence_unproven,0.0
public-case57-0235,case57,22261036,57,42,1251.7226447865444,True,0.7224895112793266,1.5954175463828644,,ACCEPT,,REJECT_INCONSISTENT,identity_equivalence_unproven,0.0
public-case57-0236,case57,22261037,57,42,1190.6617988772857,True,0.708994669278136,1.6201884201385026,,ACCEPT,,REJECT_INCONSISTENT,identity_equivalence_unproven,0.0
public-case57-0237,case57,22261038,57,42,1262.8793962901877,True,0.7163439816408137,1.8712988498838994,,ACCEPT,,REJECT_INCONSISTENT,identity_equivalence_unproven,0.0
public-case57-0238,case57,22261039,57,42,1283.9940248350508,True,0.7023027415045898,1.722105926669317,,ACCEPT,,REJECT_INCONSISTENT,identity_equivalence_unproven,0.0
public-case57-0239,case57,22261040,57,42,1359.926123275671,True,0.6987251231993975,1.9428176282614809,,ACCEPT,,REJECT_INCONSISTENT,identity_equivalence_unproven,0.0
public-case57-0240,case57,22261041,57,42,1255.668273538954,True,0.700442421101135,1.8075999910417733,,ACCEPT,,REJECT_INCONSISTENT,identity_equivalence_unproven,0.0
public-case57-0241,case57,22261042,57,42,1181.1617052119184,True,0.7309444514751601,1.81609107787375,,ACCEPT,,REJECT_INCONSISTENT,identity_equivalence_unproven,0.0
public-case57-0242,case57,22261043,57,42,1303.616139083943,True,0.709733988971233,1.7520992903677146,,ACCEPT,,REJECT_INCONSISTENT,identity_equivalence_unproven,0.0
public-case57-0243,case57,22261044,57,42,1234.2258291844362,True,0.7006372575895476,1.5879022574166919,,ACCEPT,,REJECT_INCONSISTENT,identity_equivalence_unproven,0.0
public-case57-0244,case57,22261045,57,42,1231.5388966498451,True,0.7311892166409821,1.7977562171080825,,ACCEPT,,REJECT_INCONSISTENT,identity_equivalence_unproven,0.0
public-case57-0245,case57,22261046,57,42,1197.8441096106067,True,0.7311539858538703,1.9300977488858613,,ACCEPT,,REJECT_INCONSISTENT,identity_equivalence_unproven,0.0
public-case57-0246,case57,22261047,57,42,1175.7762258803707,True,0.7192617795539481,1.6583055260391395,,ACCEPT,,REJECT_INCONSISTENT,identity_equivalence_unproven,0.0
public-case57-0247,case57,22261048,57,42,1287.0433899766845,True,0.706470670637968,1.7068539348184628,,ACCEPT,,REJECT_INCONSISTENT,identity_equivalence_unproven,0.0
public-case57-0248,case57,22261049,57,42,1360.7289570873695,True,0.7127785812073717,1.886201441082445,,ACCEPT,,REJECT_INCONSISTENT,identity_equivalence_unproven,0.0
public-case57-0249,case57,22261050,57,42,1255.9791439946089,True,0.7358719545886308,1.8177430533163033,,ACCEPT,,REJECT_INCONSISTENT,identity_equivalence_unproven,0.0
public-case57-0250,case57,22261051,57,42,1272.056564750503,True,0.715865093191038,1.9997276954784,,ACCEPT,,REJECT_INCONSISTENT,identity_equivalence_unproven,0.0
public-case57-0251,case57,22261052,57,42,1244.9335228071006,True,0.7248543249084398,1.7341942050457935,,ACCEPT,,REJECT_INCONSISTENT,identity_equivalence_unproven,0.0
public-case57-0252,case57,22261053,57,42,1224.7221753809538,True,0.6973317569847985,1.8052151493436603,,ACCEPT,,REJECT_INCONSISTENT,identity_equivalence_unproven,0.0
public-case57-0253,case57,22261054,57,42,1326.4199077926703,True,0.7211756480559867,1.7994529638015653,,ACCEPT,,REJECT_INCONSISTENT,identity_equivalence_unproven,0.0
public-case57-0254,case57,22261055,57,42,1217.681881644125,True,0.7120237599647156,1.9346086383141958,,ACCEPT,,REJECT_INCONSISTENT,identity_equivalence_unproven,0.0
public-case57-0255,case57,22261056,57,42,1325.136765881339,True,0.7498139109215239,1.7852171703561244,,ACCEPT,,REJECT_INCONSISTENT,identity_equivalence_unproven,0.0
public-case57-0256,case57,22261057,57,42,1178.8332270575124,True,0.7262061408391425,1.961340417451,,ACCEPT,,REJECT_INCONSISTENT,identity_equivalence_unproven,0.0
public-case57-0257,case57,22261058,57,42,1205.19440219053,True,0.710141594861227,1.589305714003251,,ACCEPT,,REJECT_INCONSISTENT,identity_equivalence_unproven,0.0
public-case57-0258,case57,22261059,57,42,1204.7305864433831,True,0.7381085047798986,1.9339568640063813,,ACCEPT,,REJECT_INCONSISTENT,identity_equivalence_unproven,0.0
public-case57-0259,case57,22261060,57,42,1281.4182927545414,True,0.7192506401368138,1.7945758300817394,,ACCEPT,,REJECT_INCONSISTENT,identity_equivalence_unproven,0.0
public-case57-0260,case57,22261061,57,42,1318.6027835976818,True,0.7143823222060656,2.0369233703555047,,ACCEPT,,REJECT_INCONSISTENT,identity_equivalence_unproven,0.0
public-case57-0261,case57,22261062,57,42,1241.3346806214781,True,0.7108653172137221,1.7424599708666764,,ACCEPT,,REJECT_INCONSISTENT,identity_equivalence_unproven,0.0
public-case57-0262,case57,22261063,57,42,1293.9727748690045,True,0.722977784403401,1.9167858127219144,,ACCEPT,,REJECT_INCONSISTENT,identity_equivalence_unproven,0.0
public-case57-0263,case57,22261064,57,42,1309.7619412125746,True,0.712517553227151,2.0436735477931296,,ACCEPT,,REJECT_INCONSISTENT,identity_equivalence_unproven,0.0
public-case57-0264,case57,22261065,57,42,1243.5066117676163,True,0.720878490895252,1.7871155079782515,,ACCEPT,,REJECT_INCONSISTENT,identity_equivalence_unproven,0.0
public-case57-0265,case57,22261066,57,42,1236.0926008317117,True,0.719925027691455,1.815951877664189,,ACCEPT,,REJECT_INCONSISTENT,identity_equivalence_unproven,0.0
public-case57-0266,case57,22261067,57,42,1348.8270868557383,True,0.6883532083351661,1.8903136385827275,,ACCEPT,,REJECT_INCONSISTENT,identity_equivalence_unproven,0.0
public-case57-0267,case57,22261068,57,42,1335.23475533277,True,0.7077163175333576,1.7991537489850833,,ACCEPT,,REJECT_INCONSISTENT,identity_equivalence_unproven,0.0
public-case57-0268,case57,22261069,57,42,1284.3590740094683,True,0.7317173773369517,1.662447711145714,,ACCEPT,,REJECT_INCONSISTENT,identity_equivalence_unproven,0.0
public-case57-0269,case57,22261070,57,42,1289.136789169016,True,0.7274237999114247,1.76108552431292,,ACCEPT,,REJECT_INCONSISTENT,identity_equivalence_unproven,0.0
public-case57-0270,case57,22261071,57,42,1253.6036991397605,True,0.7297924196998252,1.8274189455281433,,ACCEPT,,REJECT_INCONSISTENT,identity_equivalence_unproven,0.0
public-case57-0271,case57,22261072,57,42,1151.9463421569037,True,0.7135527935486734,1.7109805194146552,,ACCEPT,,REJECT_INCONSISTENT,identity_equivalence_unproven,0.0
public-case57-0272,case57,22261073,57,42,1328.6541305043804,True,0.7195443669034016,1.9666144328313862,,ACCEPT,,REJECT_INCONSISTENT,identity_equivalence_unproven,0.0
public-case57-0273,case57,22261074,57,42,1178.0037945768004,True,0.7152733904158979,1.6827346777389198,,ACCEPT,,REJECT_INCONSISTENT,identity_equivalence_unproven,0.0
public-case57-0274,case57,22261075,57,42,1360.8449332410353,True,0.7220849114401686,1.8808775596763059,,ACCEPT,,REJECT_INCONSISTENT,identity_equivalence_unproven,0.0
public-case57-0275,case57,22261076,57,42,1276.307038064207,True,0.7341644264069535,1.6834719383236603,,ACCEPT,,REJECT_INCONSISTENT,identity_equivalence_unproven,0.0
public-case57-0276,case57,22261077,57,42,1255.5048236422167,True,0.7288277041559165,1.782391576736314,,ACCEPT,,REJECT_INCONSISTENT,identity_equivalence_unproven,0.0
public-case57-0277,case57,22261078,57,42,1170.0920365386646,True,0.741033263337721,1.8560250703007244,,ACCEPT,,REJECT_INCONSISTENT,identity_equivalence_unproven,0.0
public-case57-0278,case57,22261079,57,42,1223.4690516352198,True,0.7289822035688586,1.8661312272301878,,ACCEPT,,REJECT_INCONSISTENT,identity_equivalence_unproven,0.0
public-case57-0279,case57,22261080,57,42,1195.0605974071607,True,0.7260776790951765,1.8613049556578916,,ACCEPT,,REJECT_INCONSISTENT,identity_equivalence_unproven,0.0
public-case57-0280,case57,22261081,57,42,1287.1044615993594,True,0.704705267525304,1.7026283624737792,,ACCEPT,,REJECT_INCONSISTENT,identity_equivalence_unproven,0.0
public-case57-0281,case57,22261082,57,42,1221.7393957267952,True,0.7405922548426404,1.6862976214785588,,ACCEPT,,REJECT_INCONSISTENT,identity_equivalence_unproven,0.0
public-case57-0282,case57,22261083,57,42,1250.8715837165182,True,0.7101006034805749,1.8895114811674705,,ACCEPT,,REJECT_INCONSISTENT,identity_equivalence_unproven,0.0
public-case57-0283,case57,22261084,57,42,1294.1463314241523,True,0.7157594973770391,2.055568440695257,,ACCEPT,,REJECT_INCONSISTENT,identity_equivalence_unproven,0.0
public-case57-0284,case57,22261085,57,42,1248.7562668993849,True,0.7402563174891829,1.8642055340393586,,ACCEPT,,REJECT_INCONSISTENT,identity_equivalence_unproven,0.0
public-case57-0285,case57,22261086,57,42,1278.5951132420203,True,0.7131473350010915,1.7946551156581965,,ACCEPT,,REJECT_INCONSISTENT,identity_equivalence_unproven,0.0
public-case57-0286,case57,22261087,57,42,1318.4129875428812,True,0.7129432713561409,1.9753214412032774,,ACCEPT,,REJECT_INCONSISTENT,identity_equivalence_unproven,0.0
public-case57-0287,case57,22261088,57,42,1224.273472108733,True,0.7281258803303428,1.605693701386669,,ACCEPT,,REJECT_INCONSISTENT,identity_equivalence_unproven,0.0
public-case57-0288,case57,22261089,57,42,1191.2492742120005,True,0.7300198087268994,1.6655187026951674,,ACCEPT,,REJECT_INCONSISTENT,identity_equivalence_unproven,0.0
public-case57-0289,case57,22261090,57,42,1228.104023114377,True,0.695634140502361,1.8160031009009858,,ACCEPT,,REJECT_INCONSISTENT,identity_equivalence_unproven,0.0
public-case57-0290,case57,22261091,57,42,1238.9447177313768,True,0.7148790328043786,1.798646807119945,,ACCEPT,,REJECT_INCONSISTENT,identity_equivalence_unproven,0.0
public-case57-0291,case57,22261092,57,42,1297.9099916589498,True,0.7330008282435162,1.782149913436585,,ACCEPT,,REJECT_INCONSISTENT,identity_equivalence_unproven,0.0
public-case57-0292,case57,22261093,57,42,1254.390392173469,True,0.7185048003880522,1.9245728428077948,,ACCEPT,,REJECT_INCONSISTENT,identity_equivalence_unproven,0.0
public-case57-0293,case57,22261094,57,42,1322.1537576078974,True,0.7256639400273257,1.8918126154836112,,ACCEPT,,REJECT_INCONSISTENT,identity_equivalence_unproven,0.0
public-case57-0294,case57,22261095,57,42,1293.14657973493,True,0.7302019729922111,1.8880474753895795,,ACCEPT,,REJECT_INCONSISTENT,identity_equivalence_unproven,0.0
public-case57-0295,case57,22261096,57,42,1293.0586303616274,True,0.7340752539052962,1.8740125512253933,,ACCEPT,,REJECT_INCONSISTENT,identity_equivalence_unproven,0.0
public-case57-0296,case57,22261097,57,42,1243.26420995752,True,0.7025375971217173,1.7665702759811763,,ACCEPT,,REJECT_INCONSISTENT,identity_equivalence_unproven,0.0
public-case57-0297,case57,22261098,57,42,1295.7554872495853,True,0.7173994328364633,1.7948951703933878,,ACCEPT,,REJECT_INCONSISTENT,identity_equivalence_unproven,0.0
public-case57-0298,case57,22261099,57,42,1291.120886833712,True,0.7390229402789968,1.698191443793851,,ACCEPT,,REJECT_INCONSISTENT,identity_equivalence_unproven,0.0
public-case57-0299,case57,22261100,57,42,1258.9020531915785,True,0.7343993908170787,1.5678124080832005,,ACCEPT,,REJECT_INCONSISTENT,identity_equivalence_unproven,0.0
public-case57-0300,case57,22261101,57,42,1299.3981587637008,True,0.7254888491576014,1.7933116934220035,,ACCEPT,,REJECT_INCONSISTENT,identity_equivalence_unproven,0.0
public-case57-0301,case57,22261102,57,42,1207.7585302356856,True,0.702013203523518,1.8751643958336532,,ACCEPT,,REJECT_INCONSISTENT,identity_equivalence_unproven,0.0
public-case57-0302,case57,22261103,57,42,1260.99482645598,True,0.7244351674671744,1.899267947479392,,ACCEPT,,REJECT_INCONSISTENT,identity_equivalence_unproven,0.0
public-case57-0303,case57,22261104,57,42,1166.1860352962183,True,0.7331425294453229,1.8793435694857883,,ACCEPT,,REJECT_INCONSISTENT,identity_equivalence_unproven,0.0
public-case57-0304,case57,22261105,57,42,1158.1995090237401,True,0.7042758674037657,1.7181869640129661,,ACCEPT,,REJECT_INCONSISTENT,identity_equivalence_unproven,0.0
public-case57-0305,case57,22261106,57,42,1267.147427720779,True,0.7175501627077597,1.5821405543099496,,ACCEPT,,REJECT_INCONSISTENT,identity_equivalence_unproven,0.0
public-case57-0306,case57,22261107,57,42,1326.0745681367289,True,0.7438189418496545,1.7954264971719642,,ACCEPT,,REJECT_INCONSISTENT,identity_equivalence_unproven,0.0
public-case57-0307,case57,22261108,57,42,1238.1750036120663,True,0.7247309566229219,1.908731632991146,,ACCEPT,,REJECT_INCONSISTENT,identity_equivalence_unproven,0.0
public-case57-0308,case57,22261109,57,42,1232.2777677321874,True,0.733638782877456,1.6890172161767927,,ACCEPT,,REJECT_INCONSISTENT,identity_equivalence_unproven,0.0
public-case57-0309,case57,22261110,57,42,1209.7566875934817,True,0.731420065202289,1.8768772916237366,,ACCEPT,,REJECT_INCONSISTENT,identity_equivalence_unproven,0.0
public-case57-0310,case57,22261111,57,42,1142.3604488383305,True,0.7318088669261404,1.7763307288912324,,ACCEPT,,REJECT_INCONSISTENT,identity_equivalence_unproven,0.0
public-case57-0311,case57,22261112,57,42,1243.7747230802197,True,0.7358702513625671,1.600672232439471,,ACCEPT,,REJECT_INCONSISTENT,identity_equivalence_unproven,0.0
public-case57-0312,case57,22261113,57,42,1255.2070046938031,True,0.6957094464291251,1.7669910762296788,,ACCEPT,,REJECT_INCONSISTENT,identity_equivalence_unproven,0.0
public-case57-0313,case57,22261114,57,42,1154.484115042216,True,0.7254625655509961,1.8709664233324812,,ACCEPT,,REJECT_INCONSISTENT,identity_equivalence_unproven,0.0
public-case57-0314,case57,22261115,57,42,1224.4798894753274,True,0.7099906821571929,1.9710568820060923,,ACCEPT,,REJECT_INCONSISTENT,identity_equivalence_unproven,0.0
public-case57-0315,case57,22261116,57,42,1206.0160781014272,True,0.7306273960141106,1.7960489537289206,,ACCEPT,,REJECT_INCONSISTENT,identity_equivalence_unproven,0.0
public-case57-0316,case57,22261117,57,42,1237.9424251898095,True,0.7205095645436311,1.9957411900736786,,ACCEPT,,REJECT_INCONSISTENT,identity_equivalence_unproven,0.0
public-case57-0317,case57,22261118,57,42,1292.5108011114562,True,0.7209435509724157,2.0336026764763324,,ACCEPT,,REJECT_INCONSISTENT,identity_equivalence_unproven,0.0
public-case57-0318,case57,22261119,57,42,1197.6170178860516,True,0.7279010346503003,1.8053201046836875,,ACCEPT,,REJECT_INCONSISTENT,identity_equivalence_unproven,0.0
public-case57-0319,case57,22261120,57,42,1263.8981918366774,True,0.7229095068108833,1.6936498515612808,,ACCEPT,,REJECT_INCONSISTENT,identity_equivalence_unproven,0.0
public-case57-0320,case57,22261121,57,42,1218.3848567186183,True,0.7010713430288977,1.8852998434136328,,ACCEPT,,REJECT_INCONSISTENT,identity_equivalence_unproven,0.0
public-case57-0321,case57,22261122,57,42,1211.850346725992,True,0.7280225791908198,1.708768759835539,,ACCEPT,,REJECT_INCONSISTENT,identity_equivalence_unproven,0.0
public-case57-0322,case57,22261123,57,42,1302.2019735183635,True,0.7106819340904884,1.782143075589259,,ACCEPT,,REJECT_INCONSISTENT,identity_equivalence_unproven,0.0
public-case57-0323,case57,22261124,57,42,1202.7553740059939,True,0.7341180745124787,1.5789413013003006,,ACCEPT,,REJECT_INCONSISTENT,identity_equivalence_unproven,0.0
public-case57-0324,case57,22261125,57,42,1171.3661743360708,True,0.707493863109799,1.742255482047399,,ACCEPT,,REJECT_INCONSISTENT,identity_equivalence_unproven,0.0
public-case57-0325,case57,22261126,57,42,1193.9093071306884,True,0.7181428622586352,1.8306592123577436,,ACCEPT,,REJECT_INCONSISTENT,identity_equivalence_unproven,0.0
public-case57-0326,case57,22261127,57,42,1160.2942221993455,True,0.7058822996262964,1.8937500860864285,,ACCEPT,,REJECT_INCONSISTENT,identity_equivalence_unproven,0.0
public-case57-0327,case57,22261128,57,42,1272.0829726858167,True,0.7034840976071967,1.781292353762538,,ACCEPT,,REJECT_INCONSISTENT,identity_equivalence_unproven,0.0
public-case57-0328,case57,22261129,57,42,1219.1720334330857,True,0.7271588235440244,1.8325525787455568,,ACCEPT,,REJECT_INCONSISTENT,identity_equivalence_unproven,0.0
public-case57-0329,case57,22261130,57,42,1154.0636170241949,True,0.7296956525112704,1.8610034142860645,,ACCEPT,,REJECT_INCONSISTENT,identity_equivalence_unproven,0.0
public-case57-0330,case57,22261131,57,42,1360.3595104819158,True,0.7010393885648752,1.8930604969198759,,ACCEPT,,REJECT_INCONSISTENT,identity_equivalence_unproven,0.0
public-case57-0331,case57,22261132,57,42,1285.6457136142164,True,0.707849429904398,1.9365881088330077,,ACCEPT,,REJECT_INCONSISTENT,identity_equivalence_unproven,0.0
public-case57-0332,case57,22261133,57,42,1167.0097193726347,True,0.7081432887864525,1.9065426943946868,,ACCEPT,,REJECT_INCONSISTENT,identity_equivalence_unproven,0.0
public-case57-0333,case57,22261134,57,42,1180.9392461904883,True,0.7243194158954281,1.6738141146175314,,ACCEPT,,REJECT_INCONSISTENT,identity_equivalence_unproven,0.0
public-case57-0334,case57,22261135,57,42,1271.9762671440694,True,0.743824933292364,1.9387868212965862,,ACCEPT,,REJECT_INCONSISTENT,identity_equivalence_unproven,0.0
public-case57-0335,case57,22261136,57,42,1237.723974921532,True,0.7066621243334553,1.825385408450527,,ACCEPT,,REJECT_INCONSISTENT,identity_equivalence_unproven,0.0
public-case57-0336,case57,22261137,57,42,1179.6458907694512,True,0.7155362484185177,1.8812188404431562,,ACCEPT,,REJECT_INCONSISTENT,identity_equivalence_unproven,0.0
public-case57-0337,case57,22261138,57,42,1233.7978215633425,True,0.7402081244326459,1.9900844892804237,,ACCEPT,,REJECT_INCONSISTENT,identity_equivalence_unproven,0.0
public-case57-0338,case57,22261139,57,42,1138.6712106581926,True,0.7434509350353153,1.8706863187840694,,ACCEPT,,REJECT_INCONSISTENT,identity_equivalence_unproven,0.0
public-case57-0339,case57,22261140,57,42,1286.6278317722085,True,0.7031226464119695,1.8075317745686783,,ACCEPT,,REJECT_INCONSISTENT,identity_equivalence_unproven,0.0
public-case57-0340,case57,22261141,57,42,1237.2609403196636,True,0.7320995774546629,1.741527535857968,,ACCEPT,,REJECT_INCONSISTENT,identity_equivalence_unproven,0.0
public-case57-0341,case57,22261142,57,42,1321.55917518711,True,0.6857714101683078,1.9162118418558618,,ACCEPT,,REJECT_INCONSISTENT,identity_equivalence_unproven,0.0
public-case57-0342,case57,22261143,57,42,1205.3141693974235,True,0.7373411319866318,1.617796290254507,,ACCEPT,,REJECT_INCONSISTENT,identity_equivalence_unproven,0.0
public-case57-0343,case57,22261144,57,42,1375.7464799266636,True,0.7030889618066167,1.9602476815690444,,ACCEPT,,REJECT_INCONSISTENT,identity_equivalence_unproven,0.0
public-case57-0344,case57,22261145,57,42,1310.4233602610284,True,0.7254742170078414,1.988286619539837,,ACCEPT,,REJECT_INCONSISTENT,identity_equivalence_unproven,0.0
public-case57-0345,case57,22261146,57,42,1270.6806198158106,True,0.7129809593791566,1.6606930388299381,,ACCEPT,,REJECT_INCONSISTENT,identity_equivalence_unproven,0.0
public-case57-0346,case57,22261147,57,42,1221.0434227811518,True,0.7134732443105205,1.7878531337769257,,ACCEPT,,REJECT_INCONSISTENT,identity_equivalence_unproven,0.0
public-case57-0347,case57,22261148,57,42,1178.4187075525656,True,0.7383402116450706,1.6430641421703485,,ACCEPT,,REJECT_INCONSISTENT,identity_equivalence_unproven,0.0
public-case57-0348,case57,22261149,57,42,1220.4675953574624,True,0.7244013208917257,1.9139282340952455,,ACCEPT,,REJECT_INCONSISTENT,identity_equivalence_unproven,0.0
public-case57-0349,case57,22261150,57,42,1213.2243117206992,True,0.7234026248218179,1.8026896035803102,,ACCEPT,,REJECT_INCONSISTENT,identity_equivalence_unproven,0.0
public-case57-0350,case57,22261151,57,42,1220.0055987923693,True,0.7263503201138117,1.8270315114133375,,ACCEPT,,REJECT_INCONSISTENT,identity_equivalence_unproven,0.0
public-case57-0351,case57,22261152,57,42,1177.7504984666557,True,0.7329326314196067,1.691211904268199,,ACCEPT,,REJECT_INCONSISTENT,identity_equivalence_unproven,0.0
public-case57-0352,case57,22261153,57,42,1328.4592505115525,True,0.7272611211551043,1.813988111208678,,ACCEPT,,REJECT_INCONSISTENT,identity_equivalence_unproven,0.0
public-case57-0353,case57,22261154,57,42,1302.3543003145828,True,0.7437281637403024,2.04628561032886,,ACCEPT,,REJECT_INCONSISTENT,identity_equivalence_unproven,0.0
public-case57-0354,case57,22261155,57,42,1276.9243244020217,True,0.7272482081677513,1.6311159646771878,,ACCEPT,,REJECT_INCONSISTENT,identity_equivalence_unproven,0.0
public-case57-0355,case57,22261156,57,42,1342.4675162741303,True,0.704532784620469,1.8455606287575885,,ACCEPT,,REJECT_INCONSISTENT,identity_equivalence_unproven,0.0
public-case57-0356,case57,22261157,57,42,1206.4641888869764,True,0.7236772730241554,1.927247970616825,,ACCEPT,,REJECT_INCONSISTENT,identity_equivalence_unproven,0.0
public-case57-0357,case57,22261158,57,42,1303.6716564220458,True,0.7033340439540813,1.8774678984740782,,ACCEPT,,REJECT_INCONSISTENT,identity_equivalence_unproven,0.0
public-case57-0358,case57,22261159,57,42,1193.6139119757406,True,0.713733020835713,1.5237180146575875,,ACCEPT,,REJECT_INCONSISTENT,identity_equivalence_unproven,0.0
public-case57-0359,case57,22261160,57,42,1312.8172795430821,True,0.7241840322122945,1.8577910366779575,,ACCEPT,,REJECT_INCONSISTENT,identity_equivalence_unproven,0.0
public-case57-0360,case57,22261161,57,42,1254.7086745204813,True,0.7027869217362165,1.8333717910349923,,ACCEPT,,REJECT_INCONSISTENT,identity_equivalence_unproven,0.0
public-case57-0361,case57,22261162,57,42,1241.6585823755802,True,0.7163590912366299,2.0476764486792476,,ACCEPT,,REJECT_INCONSISTENT,identity_equivalence_unproven,0.0
public-case57-0362,case57,22261163,57,42,1258.7466287389282,True,0.7185608354682749,1.82348095753525,,ACCEPT,,REJECT_INCONSISTENT,identity_equivalence_unproven,0.0
public-case57-0363,case57,22261164,57,42,1188.2564395272889,True,0.7202925048012423,1.78960586090157,,ACCEPT,,REJECT_INCONSISTENT,identity_equivalence_unproven,0.0
public-case57-0364,case57,22261165,57,42,1193.7414132559277,True,0.7317660812334708,1.9414677401339144,,ACCEPT,,REJECT_INCONSISTENT,identity_equivalence_unproven,0.0
public-case57-0365,case57,22261166,57,42,1331.9805027716639,True,0.7044763918134327,1.8793327160182338,,ACCEPT,,REJECT_INCONSISTENT,identity_equivalence_unproven,0.0
public-case57-0366,case57,22261167,57,42,1278.9534615152502,True,0.7118313957248675,1.847262042744565,,ACCEPT,,REJECT_INCONSISTENT,identity_equivalence_unproven,0.0
public-case57-0367,case57,22261168,57,42,1144.7987374233041,True,0.7217747085550784,1.9083098600284867,,ACCEPT,,REJECT_INCONSISTENT,identity_equivalence_unproven,0.0
public-case57-0368,case57,22261169,57,42,1225.7730557779519,True,0.7304750801555959,1.7158640095070918,,ACCEPT,,REJECT_INCONSISTENT,identity_equivalence_unproven,0.0
public-case57-0369,case57,22261170,57,42,1274.8733882043794,True,0.7219366616658187,1.8534287511008436,,ACCEPT,,REJECT_INCONSISTENT,identity_equivalence_unproven,0.0
public-case57-0370,case57,22261171,57,42,1226.2126563194042,True,0.7328946434941795,1.6822319920051096,,ACCEPT,,REJECT_INCONSISTENT,identity_equivalence_unproven,0.0
public-case57-0371,case57,22261172,57,42,1333.3093692314608,True,0.7278268619826767,1.8327846077935268,,ACCEPT,,REJECT_INCONSISTENT,identity_equivalence_unproven,0.0
public-case57-0372,case57,22261173,57,42,1319.8580876882518,True,0.7337384016553101,1.77617658709638,,ACCEPT,,REJECT_INCONSISTENT,identity_equivalence_unproven,0.0
public-case57-0373,case57,22261174,57,42,1231.1144965898047,True,0.7334314055091993,1.7102909224576963,,ACCEPT,,REJECT_INCONSISTENT,identity_equivalence_unproven,0.0
public-case57-0374,case57,22261175,57,42,1249.5716626145727,True,0.7316942504415427,1.6876104097347158,,ACCEPT,,REJECT_INCONSISTENT,identity_equivalence_unproven,0.0
public-case57-0375,case57,22261176,57,42,1303.2816950433964,True,0.7084497578750079,1.9385431611846748,,ACCEPT,,REJECT_INCONSISTENT,identity_equivalence_unproven,0.0
public-case57-0376,case57,22261177,57,42,1218.7928834337138,True,0.7112060506752734,1.8086157013418473,,ACCEPT,,REJECT_INCONSISTENT,identity_equivalence_unproven,0.0
public-case57-0377,case57,22261178,57,42,1179.3119006125162,True,0.7106105577833144,1.717611163236178,,ACCEPT,,REJECT_INCONSISTENT,identity_equivalence_unproven,0.0
public-case57-0378,case57,22261179,57,42,1256.9649057548527,True,0.720382527638606,1.9432979158939965,,ACCEPT,,REJECT_INCONSISTENT,identity_equivalence_unproven,0.0
public-case57-0379,case57,22261180,57,42,1352.908238474628,True,0.7086511046912539,1.837208731815732,,ACCEPT,,REJECT_INCONSISTENT,identity_equivalence_unproven,0.0
public-case57-0380,case57,22261181,57,42,1293.611429277782,True,0.6972919257951188,1.9440498020797619,,ACCEPT,,REJECT_INCONSISTENT,identity_equivalence_unproven,0.0
public-case57-0381,case57,22261182,57,42,1300.0488981463898,True,0.7378062995503607,1.700547605436019,,ACCEPT,,REJECT_INCONSISTENT,identity_equivalence_unproven,0.0
public-case57-0382,case57,22261183,57,42,1264.3412667555074,True,0.7417263211719768,1.7940557762667655,,ACCEPT,,REJECT_INCONSISTENT,identity_equivalence_unproven,0.0
public-case57-0383,case57,22261184,57,42,1237.6891168285274,True,0.7296426951482669,1.9349398499266917,,ACCEPT,,REJECT_INCONSISTENT,identity_equivalence_unproven,0.0
public-case57-0384,case57,22261185,57,42,1275.1450059178455,True,0.7021071727269846,1.839017920397456,,ACCEPT,,REJECT_INCONSISTENT,identity_equivalence_unproven,0.0
public-case57-0385,case57,22261186,57,42,1275.7001687536938,True,0.7165998861107125,1.9047961815556342,,ACCEPT,,REJECT_INCONSISTENT,identity_equivalence_unproven,0.0
public-case57-0386,case57,22261187,57,42,1310.4315300592978,True,0.7262128648164374,1.8196295022999673,,ACCEPT,,REJECT_INCONSISTENT,identity_equivalence_unproven,0.0
public-case57-0387,case57,22261188,57,42,1284.8433893692822,True,0.6977949011487269,1.7997528232891506,,ACCEPT,,REJECT_INCONSISTENT,identity_equivalence_unproven,0.0
public-case57-0388,case57,22261189,57,42,1332.3565345857671,True,0.7304889037787857,1.7809822551927665,,ACCEPT,,REJECT_INCONSISTENT,identity_equivalence_unproven,0.0
public-case57-0389,case57,22261190,57,42,1276.4349669663027,True,0.7228887909394102,1.774688953066083,,ACCEPT,,REJECT_INCONSISTENT,identity_equivalence_unproven,0.0
public-case57-0390,case57,22261191,57,42,1238.6765229791363,True,0.7177376101623006,1.7060113793685006,,ACCEPT,,REJECT_INCONSISTENT,identity_equivalence_unproven,0.0
public-case57-0391,case57,22261192,57,42,1320.4772313426272,True,0.7153549103844761,1.7277234537348543,,ACCEPT,,REJECT_INCONSISTENT,identity_equivalence_unproven,0.0
public-case57-0392,case57,22261193,57,42,1207.5809868141873,True,0.7036363948727149,1.7414470077247914,,ACCEPT,,REJECT_INCONSISTENT,identity_equivalence_unproven,0.0
public-case57-0393,case57,22261194,57,42,1219.164281864789,True,0.7111273569623927,1.7724324275910135,,ACCEPT,,REJECT_INCONSISTENT,identity_equivalence_unproven,0.0
public-case57-0394,case57,22261195,57,42,1326.1604094897575,True,0.7156328548440721,1.7188364040269812,,ACCEPT,,REJECT_INCONSISTENT,identity_equivalence_unproven,0.0
public-case57-0395,case57,22261196,57,42,1260.1913729942219,True,0.7211099537115374,1.6285808201793452,,ACCEPT,,REJECT_INCONSISTENT,identity_equivalence_unproven,0.0
public-case57-0396,case57,22261197,57,42,1264.2006688866234,True,0.722560483470736,1.846064097710189,,ACCEPT,,REJECT_INCONSISTENT,identity_equivalence_unproven,0.0
public-case57-0397,case57,22261198,57,42,1243.6083829980885,True,0.7302721720297073,1.6500472603534106,,ACCEPT,,REJECT_INCONSISTENT,identity_equivalence_unproven,0.0
public-case57-0398,case57,22261199,57,42,1284.335941796389,True,0.7268659159985019,1.9680611107653005,,ACCEPT,,REJECT_INCONSISTENT,identity_equivalence_unproven,0.0
public-case57-0399,case57,22261200,57,42,1260.590034328105,True,0.7233566692212936,1.8360022859500886,,ACCEPT,,REJECT_INCONSISTENT,identity_equivalence_unproven,0.0
public-case57-0400,case57,22261201,57,42,1373.9653487294368,True,0.7062749336152724,1.954110470936957,,ACCEPT,,REJECT_INCONSISTENT,identity_equivalence_unproven,0.0
public-case57-0401,case57,22261202,57,42,1276.3956781214472,True,0.708803485760636,1.7187105452380325,,ACCEPT,,REJECT_INCONSISTENT,identity_equivalence_unproven,0.0
public-case57-0402,case57,22261203,57,42,1273.7419896098866,True,0.7160039180441419,2.0252610390402026,,ACCEPT,,REJECT_INCONSISTENT,identity_equivalence_unproven,0.0
public-case57-0403,case57,22261204,57,42,1231.3865483666689,True,0.7199533511100468,1.8058147689102162,,ACCEPT,,REJECT_INCONSISTENT,identity_equivalence_unproven,0.0
public-case57-0404,case57,22261205,57,42,1240.3452005353724,True,0.7219593384392586,1.6439219591148697,,ACCEPT,,REJECT_INCONSISTENT,identity_equivalence_unproven,0.0
public-case57-0405,case57,22261206,57,42,1296.260912113227,True,0.7076773243405312,1.7047278671885782,,ACCEPT,,REJECT_INCONSISTENT,identity_equivalence_unproven,0.0
public-case57-0406,case57,22261207,57,42,1230.4295733090175,True,0.7164735334149123,1.8045654846234345,,ACCEPT,,REJECT_INCONSISTENT,identity_equivalence_unproven,0.0
public-case57-0407,case57,22261208,57,42,1248.614080482954,True,0.7203145594613742,1.685215648414457,,ACCEPT,,REJECT_INCONSISTENT,identity_equivalence_unproven,0.0
public-case57-0408,case57,22261209,57,42,1259.651825353503,True,0.6989558935877211,1.764484501842685,,ACCEPT,,REJECT_INCONSISTENT,identity_equivalence_unproven,0.0
public-case57-0409,case57,22261210,57,42,1290.5957093490742,True,0.714806320664947,2.02203880081667,,ACCEPT,,REJECT_INCONSISTENT,identity_equivalence_unproven,0.0
public-case57-0410,case57,22261211,57,42,1189.0241024275656,True,0.7323706268537192,1.5895971123574986,,ACCEPT,,REJECT_INCONSISTENT,identity_equivalence_unproven,0.0
public-case57-0411,case57,22261212,57,42,1283.4266976616645,True,0.7209878611219829,1.700127060154236,,ACCEPT,,REJECT_INCONSISTENT,identity_equivalence_unproven,0.0
public-case57-0412,case57,22261213,57,42,1221.7318864334707,True,0.7286909723398892,1.635790517930861,,ACCEPT,,REJECT_INCONSISTENT,identity_equivalence_unproven,0.0
public-case57-0413,case57,22261214,57,42,1281.4741297036728,True,0.7301530645585844,1.8713484641288807,,ACCEPT,,REJECT_INCONSISTENT,identity_equivalence_unproven,0.0
public-case57-0414,case57,22261215,57,42,1178.1016087939804,True,0.7515205215530606,1.6156650388395417,,ACCEPT,,REJECT_INCONSISTENT,identity_equivalence_unproven,0.0
public-case57-0415,case57,22261216,57,42,1217.7899470220898,True,0.6912661616359023,1.8876095638801156,,ACCEPT,,REJECT_INCONSISTENT,identity_equivalence_unproven,0.0
public-case57-0416,case57,22261217,57,42,1226.2269605380413,True,0.7088937034732962,1.8347630603334177,,ACCEPT,,REJECT_INCONSISTENT,identity_equivalence_unproven,0.0
public-case57-0417,case57,22261218,57,42,1336.0967989179126,True,0.7461170142740817,1.8523054779190944,,ACCEPT,,REJECT_INCONSISTENT,identity_equivalence_unproven,0.0
public-case57-0418,case57,22261219,57,42,1217.8978419528821,True,0.7082005231021914,1.7394498855233382,,ACCEPT,,REJECT_INCONSISTENT,identity_equivalence_unproven,0.0
public-case57-0419,case57,22261220,57,42,1161.1673258144574,True,0.7342830715731967,1.962228237759334,,ACCEPT,,REJECT_INCONSISTENT,identity_equivalence_unproven,0.0
public-case57-0420,case57,22261221,57,42,1293.6680626129187,True,0.7246859098537386,1.7907908662376917,,ACCEPT,,REJECT_INCONSISTENT,identity_equivalence_unproven,0.0
public-case57-0421,case57,22261222,57,42,1319.3392396874199,True,0.71257789900072,1.8409209653391754,,ACCEPT,,REJECT_INCONSISTENT,identity_equivalence_unproven,0.0
public-case57-0422,case57,22261223,57,42,1317.5659688382618,True,0.7130726663819177,1.758288530543607,,ACCEPT,,REJECT_INCONSISTENT,identity_equivalence_unproven,0.0
public-case57-0423,case57,22261224,57,42,1265.2767993778557,True,0.7152616596338559,1.6140352869530412,,ACCEPT,,REJECT_INCONSISTENT,identity_equivalence_unproven,0.0
public-case57-0424,case57,22261225,57,42,1165.0907918451182,True,0.7299072501570353,1.7804011934514468,,ACCEPT,,REJECT_INCONSISTENT,identity_equivalence_unproven,0.0
public-case57-0425,case57,22261226,57,42,1277.5468190090974,True,0.7266460041540058,2.0594257781568723,,ACCEPT,,REJECT_INCONSISTENT,identity_equivalence_unproven,0.0
public-case57-0426,case57,22261227,57,42,1337.4493139374952,True,0.7496227440866094,1.8767904548626373,,ACCEPT,,REJECT_INCONSISTENT,identity_equivalence_unproven,0.0
public-case57-0427,case57,22261228,57,42,1315.7383046985408,True,0.7085951055403511,1.8029930539176713,,ACCEPT,,REJECT_INCONSISTENT,identity_equivalence_unproven,0.0
public-case57-0428,case57,22261229,57,42,1233.16136324662,True,0.7275237908761762,1.927949969852943,,ACCEPT,,REJECT_INCONSISTENT,identity_equivalence_unproven,0.0
public-case57-0429,case57,22261230,57,42,1227.3189585559658,True,0.7007109491644296,1.7950858049072518,,ACCEPT,,REJECT_INCONSISTENT,identity_equivalence_unproven,0.0
public-case57-0430,case57,22261231,57,42,1226.339347178478,True,0.7147753168815485,1.734133428089345,,ACCEPT,,REJECT_INCONSISTENT,identity_equivalence_unproven,0.0
public-case57-0431,case57,22261232,57,42,1221.4096235450538,True,0.7234960668926225,1.9237020187386762,,ACCEPT,,REJECT_INCONSISTENT,identity_equivalence_unproven,0.0
public-case57-0432,case57,22261233,57,42,1222.0732370410512,True,0.7325858637660857,1.98173120408245,,ACCEPT,,REJECT_INCONSISTENT,identity_equivalence_unproven,0.0
public-case57-0433,case57,22261234,57,42,1197.923865519041,True,0.7320299609125787,1.717935835353759,,ACCEPT,,REJECT_INCONSISTENT,identity_equivalence_unproven,0.0
public-case57-0434,case57,22261235,57,42,1223.518951311351,True,0.726983184807193,1.8906184073494599,,ACCEPT,,REJECT_INCONSISTENT,identity_equivalence_unproven,0.0
public-case57-0435,case57,22261236,57,42,1278.2612363545418,True,0.720855995708915,1.7518452015845676,,ACCEPT,,REJECT_INCONSISTENT,identity_equivalence_unproven,0.0
public-case57-0436,case57,22261237,57,42,1330.2401504389331,True,0.704036759066962,1.7600071130098003,,ACCEPT,,REJECT_INCONSISTENT,identity_equivalence_unproven,0.0
public-case57-0437,case57,22261238,57,42,1200.9511645074451,True,0.7478811284145944,1.6511714859543165,,ACCEPT,,REJECT_INCONSISTENT,identity_equivalence_unproven,0.0
public-case57-0438,case57,22261239,57,42,1213.088560512658,True,0.7245999661890153,1.6661784070586025,,ACCEPT,,REJECT_INCONSISTENT,identity_equivalence_unproven,0.0
public-case57-0439,case57,22261240,57,42,1321.3706891600546,True,0.7197489795510804,1.8109806179686188,,ACCEPT,,REJECT_INCONSISTENT,identity_equivalence_unproven,0.0
public-case57-0440,case57,22261241,57,42,1268.671116374636,True,0.7022739665031306,1.7863574447115016,,ACCEPT,,REJECT_INCONSISTENT,identity_equivalence_unproven,0.0
public-case57-0441,case57,22261242,57,42,1140.1300891334722,True,0.7072889741399973,1.8821787684347928,,ACCEPT,,REJECT_INCONSISTENT,identity_equivalence_unproven,0.0
public-case57-0442,case57,22261243,57,42,1272.7092112690839,True,0.728290881681713,1.6940501925246387,,ACCEPT,,REJECT_INCONSISTENT,identity_equivalence_unproven,0.0
public-case57-0443,case57,22261244,57,42,1306.8061651613255,True,0.7353363754452428,1.8608177614068737,,ACCEPT,,REJECT_INCONSISTENT,identity_equivalence_unproven,0.0
public-case57-0444,case57,22261245,57,42,1243.1107717925563,True,0.7027584247805526,1.8264969489722425,,ACCEPT,,REJECT_INCONSISTENT,identity_equivalence_unproven,0.0
public-case57-0445,case57,22261246,57,42,1290.5004974678334,True,0.7098221308607149,1.984738025586797,,ACCEPT,,REJECT_INCONSISTENT,identity_equivalence_unproven,0.0
public-case57-0446,case57,22261247,57,42,1323.4600941110257,True,0.6845225221571404,1.8863599503722104,,ACCEPT,,REJECT_INCONSISTENT,identity_equivalence_unproven,0.0
public-case57-0447,case57,22261248,57,42,1224.8324386499798,True,0.7220303443683441,1.685356998226321,,ACCEPT,,REJECT_INCONSISTENT,identity_equivalence_unproven,0.0
public-case57-0448,case57,22261249,57,42,1143.34568607826,True,0.707751636562737,1.9409262749767633,,ACCEPT,,REJECT_INCONSISTENT,identity_equivalence_unproven,0.0
public-case57-0449,case57,22261250,57,42,1250.2915636030536,True,0.7304981469108305,1.8769195317972993,,ACCEPT,,REJECT_INCONSISTENT,identity_equivalence_unproven,0.0
public-case57-0450,case57,22261251,57,42,1208.4152070509426,True,0.683563190083042,1.793438162546791,,ACCEPT,,REJECT_INCONSISTENT,identity_equivalence_unproven,0.0
public-case57-0451,case57,22261252,57,42,1204.1343000341726,True,0.724959344795237,1.6005669793645456,,ACCEPT,,REJECT_INCONSISTENT,identity_equivalence_unproven,0.0
public-case57-0452,case57,22261253,57,42,1308.816096671001,True,0.7204419986609985,1.7085616227576088,,ACCEPT,,REJECT_INCONSISTENT,identity_equivalence_unproven,0.0
public-case57-0453,case57,22261254,57,42,1275.7344212951132,True,0.7309210856194213,1.8052841268948954,,ACCEPT,,REJECT_INCONSISTENT,identity_equivalence_unproven,0.0
public-case57-0454,case57,22261255,57,42,1271.8334503300705,True,0.7322972007516659,1.7247290006863807,,ACCEPT,,REJECT_INCONSISTENT,identity_equivalence_unproven,0.0
public-case57-0455,case57,22261256,57,42,1162.659541542282,True,0.7289320580900314,1.7880698490920333,,ACCEPT,,REJECT_INCONSISTENT,identity_equivalence_unproven,0.0
public-case57-0456,case57,22261257,57,42,1237.513786862749,True,0.6936032494189692,1.597942097909482,,ACCEPT,,REJECT_INCONSISTENT,identity_equivalence_unproven,0.0
public-case57-0457,case57,22261258,57,42,1313.1323766262876,True,0.7501468234525608,1.7292456290232638,,ACCEPT,,REJECT_INCONSISTENT,identity_equivalence_unproven,0.0
public-case57-0458,case57,22261259,57,42,1213.6366496924668,True,0.7192259790908205,1.8814774392098288,,ACCEPT,,REJECT_INCONSISTENT,identity_equivalence_unproven,0.0
public-case57-0459,case57,22261260,57,42,1269.4998886763565,True,0.722972771504378,1.940603887099217,,ACCEPT,,REJECT_INCONSISTENT,identity_equivalence_unproven,0.0
public-case57-0460,case57,22261261,57,42,1198.1151433461723,True,0.7263557605228766,1.7177398625539273,,ACCEPT,,REJECT_INCONSISTENT,identity_equivalence_unproven,0.0
public-case57-0461,case57,22261262,57,42,1252.429944238865,True,0.7167453101410636,1.7129146823200907,,ACCEPT,,REJECT_INCONSISTENT,identity_equivalence_unproven,0.0
public-case57-0462,case57,22261263,57,42,1312.8457592012123,True,0.7241376994918838,1.7171689210165049,,ACCEPT,,REJECT_INCONSISTENT,identity_equivalence_unproven,0.0
public-case57-0463,case57,22261264,57,42,1286.0507986222137,True,0.7194450133152304,1.9159825453257378,,ACCEPT,,REJECT_INCONSISTENT,identity_equivalence_unproven,0.0
public-case57-0464,case57,22261265,57,42,1269.3672370376037,True,0.7356961392119178,1.9017295673766574,,ACCEPT,,REJECT_INCONSISTENT,identity_equivalence_unproven,0.0
public-case57-0465,case57,22261266,57,42,1219.2743171997706,True,0.7183149742052543,1.991158841792932,,ACCEPT,,REJECT_INCONSISTENT,identity_equivalence_unproven,0.0
public-case57-0466,case57,22261267,57,42,1168.7177273203602,True,0.7173665271398415,1.7888083742481087,,ACCEPT,,REJECT_INCONSISTENT,identity_equivalence_unproven,0.0
public-case57-0467,case57,22261268,57,42,1215.430239435191,True,0.7265333149761958,1.8620081110610482,,ACCEPT,,REJECT_INCONSISTENT,identity_equivalence_unproven,0.0
public-case57-0468,case57,22261269,57,42,1167.1488238599084,True,0.7292667536552929,1.8927594716289031,,ACCEPT,,REJECT_INCONSISTENT,identity_equivalence_unproven,0.0
public-case57-0469,case57,22261270,57,42,1190.390467429543,True,0.7265121159599878,1.5509088300488876,,ACCEPT,,REJECT_INCONSISTENT,identity_equivalence_unproven,0.0
public-case57-0470,case57,22261271,57,42,1272.047106093499,True,0.7181782957416798,1.6911698927417502,,ACCEPT,,REJECT_INCONSISTENT,identity_equivalence_unproven,0.0
public-case57-0471,case57,22261272,57,42,1331.2993252645574,True,0.7259121005932663,1.8389279019506262,,ACCEPT,,REJECT_INCONSISTENT,identity_equivalence_unproven,0.0
public-case57-0472,case57,22261273,57,42,1246.135478325593,True,0.711703194535751,1.9441149872643428,,ACCEPT,,REJECT_INCONSISTENT,identity_equivalence_unproven,0.0
public-case57-0473,case57,22261274,57,42,1289.9846796052848,True,0.7069742568194409,1.8552952810784913,,ACCEPT,,REJECT_INCONSISTENT,identity_equivalence_unproven,0.0
public-case57-0474,case57,22261275,57,42,1279.7436724247286,True,0.7205516987729953,1.8204927426184065,,ACCEPT,,REJECT_INCONSISTENT,identity_equivalence_unproven,0.0
public-case57-0475,case57,22261276,57,42,1324.1618909087172,True,0.7105617344057742,1.790551617416502,,ACCEPT,,REJECT_INCONSISTENT,identity_equivalence_unproven,0.0
public-case57-0476,case57,22261277,57,42,1216.296453198603,True,0.72067989367558,1.8024270658751278,,ACCEPT,,REJECT_INCONSISTENT,identity_equivalence_unproven,0.0
public-case57-0477,case57,22261278,57,42,1211.2370527453145,True,0.7197140096287045,1.524397174026713,,ACCEPT,,REJECT_INCONSISTENT,identity_equivalence_unproven,0.0
public-case57-0478,case57,22261279,57,42,1290.6640148218162,True,0.7255312890804303,1.8526367629295468,,ACCEPT,,REJECT_INCONSISTENT,identity_equivalence_unproven,0.0
public-case57-0479,case57,22261280,57,42,1322.7050014385673,True,0.7242223345504395,1.7609481013810335,,ACCEPT,,REJECT_INCONSISTENT,identity_equivalence_unproven,0.0
public-case57-0480,case57,22261281,57,42,1177.5887041039261,True,0.7073574101966428,1.9904992056899378,,ACCEPT,,REJECT_INCONSISTENT,identity_equivalence_unproven,0.0
public-case57-0481,case57,22261282,57,42,1167.5625983897835,True,0.7068954099865657,1.848690857610122,,ACCEPT,,REJECT_INCONSISTENT,identity_equivalence_unproven,0.0
public-case57-0482,case57,22261283,57,42,1269.3325032725843,True,0.7216968830573603,1.6693300681614058,,ACCEPT,,REJECT_INCONSISTENT,identity_equivalence_unproven,0.0
public-case57-0483,case57,22261284,57,42,1240.329488082558,True,0.7198145406126097,1.8056975524029997,,ACCEPT,,REJECT_INCONSISTENT,identity_equivalence_unproven,0.0
public-case57-0484,case57,22261285,57,42,1270.601768572943,True,0.7327255907066046,1.7361402029216408,,ACCEPT,,REJECT_INCONSISTENT,identity_equivalence_unproven,0.0
public-case57-0485,case57,22261286,57,42,1271.4402821384986,True,0.7142562546319494,1.7787814452743047,,ACCEPT,,REJECT_INCONSISTENT,identity_equivalence_unproven,0.0
public-case57-0486,case57,22261287,57,42,1303.9833405251643,True,0.7165568096403149,1.7855034249340682,,ACCEPT,,REJECT_INCONSISTENT,identity_equivalence_unproven,0.0
public-case57-0487,case57,22261288,57,42,1275.9074424657667,True,0.7243791360440849,1.6533217546075223,,ACCEPT,,REJECT_INCONSISTENT,identity_equivalence_unproven,0.0
public-case57-0488,case57,22261289,57,42,1249.1128111887074,True,0.7027303077783468,1.6411295038711744,,ACCEPT,,REJECT_INCONSISTENT,identity_equivalence_unproven,0.0
public-case57-0489,case57,22261290,57,42,1303.7646819652653,True,0.7301091146614818,1.9176935213688475,,ACCEPT,,REJECT_INCONSISTENT,identity_equivalence_unproven,0.0
public-case57-0490,case57,22261291,57,42,1329.0414739250618,True,0.6911270147851409,1.8144169718100633,,ACCEPT,,REJECT_INCONSISTENT,identity_equivalence_unproven,0.0
public-case57-0491,case57,22261292,57,42,1330.713853995091,True,0.7047998046436936,1.7657776543959507,,ACCEPT,,REJECT_INCONSISTENT,identity_equivalence_unproven,0.0
public-case57-0492,case57,22261293,57,42,1339.2768992318697,True,0.7174919781339351,1.80058239627762,,ACCEPT,,REJECT_INCONSISTENT,identity_equivalence_unproven,0.0
public-case57-0493,case57,22261294,57,42,1208.3474002162254,True,0.7050135569075903,1.8058314822157842,,ACCEPT,,REJECT_INCONSISTENT,identity_equivalence_unproven,0.0
public-case57-0494,case57,22261295,57,42,1236.8672778834198,True,0.7161878230022029,1.9082427550650518,,ACCEPT,,REJECT_INCONSISTENT,identity_equivalence_unproven,0.0
public-case57-0495,case57,22261296,57,42,1253.0444330490334,True,0.7019889880289175,1.9573642374812634,,ACCEPT,,REJECT_INCONSISTENT,identity_equivalence_unproven,0.0
public-case57-0496,case57,22261297,57,42,1158.0043411289864,True,0.7268385994113722,1.9028144445083286,,ACCEPT,,REJECT_INCONSISTENT,identity_equivalence_unproven,0.0
public-case57-0497,case57,22261298,57,42,1248.7742508097751,True,0.7322461126090359,1.6937024976588624,,ACCEPT,,REJECT_INCONSISTENT,identity_equivalence_unproven,0.0
public-case57-0498,case57,22261299,57,42,1202.1005189407817,True,0.7071416372771631,1.7759596361228247,,ACCEPT,,REJECT_INCONSISTENT,identity_equivalence_unproven,0.0
public-case57-0499,case57,22261300,57,42,1332.4749400234352,True,0.7368462098035677,1.792907141909076,,ACCEPT,,REJECT_INCONSISTENT,identity_equivalence_unproven,0.0
public-case57-0500,case57,22261301,57,42,1297.9958756251674,True,0.7115272454724452,1.7886406572495146,,ACCEPT,,REJECT_INCONSISTENT,identity_equivalence_unproven,0.0
public-case57-0501,case57,22261302,57,42,1310.1640840069444,True,0.714586718790309,1.8356588130383564,,ACCEPT,,REJECT_INCONSISTENT,identity_equivalence_unproven,0.0
public-case57-0502,case57,22261303,57,42,1286.6279832005455,True,0.7177341688771126,1.803222656554953,,ACCEPT,,REJECT_INCONSISTENT,identity_equivalence_unproven,0.0
public-case57-0503,case57,22261304,57,42,1297.7617486254255,True,0.7353163857707429,1.7320095795775272,,ACCEPT,,REJECT_INCONSISTENT,identity_equivalence_unproven,0.0
public-case57-0504,case57,22261305,57,42,1267.3219374611506,True,0.7142463746421381,2.096214563745497,,ACCEPT,,REJECT_INCONSISTENT,identity_equivalence_unproven,0.0
public-case57-0505,case57,22261306,57,42,1189.6595183844306,True,0.7254545338750871,1.5478573547706376,,ACCEPT,,REJECT_INCONSISTENT,identity_equivalence_unproven,0.0
public-case57-0506,case57,22261307,57,42,1232.3153766114328,True,0.7049661786248216,1.6048581675746132,,ACCEPT,,REJECT_INCONSISTENT,identity_equivalence_unproven,0.0
public-case57-0507,case57,22261308,57,42,1198.2636176030514,True,0.7270593643538822,1.7218005033877788,,ACCEPT,,REJECT_INCONSISTENT,identity_equivalence_unproven,0.0
public-case57-0508,case57,22261309,57,42,1318.9052142639152,True,0.7243181236336594,1.8168777055135594,,ACCEPT,,REJECT_INCONSISTENT,identity_equivalence_unproven,0.0
public-case57-0509,case57,22261310,57,42,1215.7407405302906,True,0.7151514785819486,1.6042728162281348,,ACCEPT,,REJECT_INCONSISTENT,identity_equivalence_unproven,0.0
public-case57-0510,case57,22261311,57,42,1158.9753227121719,True,0.7377258500918958,1.8259735163806485,,ACCEPT,,REJECT_INCONSISTENT,identity_equivalence_unproven,0.0
public-case57-0511,case57,22261312,57,42,1265.5797681055442,True,0.7210167238633973,1.926874242628173,,ACCEPT,,REJECT_INCONSISTENT,identity_equivalence_unproven,0.0
public-case57-0512,case57,22261313,57,42,1213.0153593222717,True,0.7137723813111335,1.7462460781067244,,ACCEPT,,REJECT_INCONSISTENT,identity_equivalence_unproven,0.0
public-case57-0513,case57,22261314,57,42,1293.8087422431022,True,0.705685293091775,1.9184856701061257,,ACCEPT,,REJECT_INCONSISTENT,identity_equivalence_unproven,0.0
public-case57-0514,case57,22261315,57,42,1191.2149229122563,True,0.7261345811917749,1.5938962003423696,,ACCEPT,,REJECT_INCONSISTENT,identity_equivalence_unproven,0.0
public-case57-0515,case57,22261316,57,42,1245.2553412189707,True,0.721908083613736,1.6617116814449797,,ACCEPT,,REJECT_INCONSISTENT,identity_equivalence_unproven,0.0
public-case57-0516,case57,22261317,57,42,1269.6391773391206,True,0.7083935712810115,1.747424535992441,,ACCEPT,,REJECT_INCONSISTENT,identity_equivalence_unproven,0.0
public-case57-0517,case57,22261318,57,42,1192.8608935536117,True,0.7127412445380661,1.5723460080818916,,ACCEPT,,REJECT_INCONSISTENT,identity_equivalence_unproven,0.0
public-case57-0518,case57,22261319,57,42,1328.2058402219782,True,0.7278351965529685,1.8241318957785377,,ACCEPT,,REJECT_INCONSISTENT,identity_equivalence_unproven,0.0
public-case57-0519,case57,22261320,57,42,1217.758941228318,True,0.7200827688907208,1.607355920249624,,ACCEPT,,REJECT_INCONSISTENT,identity_equivalence_unproven,0.0
public-case57-0520,case57,22261321,57,42,1231.7053518439002,True,0.7218707514530529,1.869630294644161,,ACCEPT,,REJECT_INCONSISTENT,identity_equivalence_unproven,0.0
public-case57-0521,case57,22261322,57,42,1326.6625858859416,True,0.7412105261021236,1.7543384369713109,,ACCEPT,,REJECT_INCONSISTENT,identity_equivalence_unproven,0.0
public-case57-0522,case57,22261323,57,42,1288.649056444398,True,0.6980207251993652,1.6574481058493513,,ACCEPT,,REJECT_INCONSISTENT,identity_equivalence_unproven,0.0
public-case57-0523,case57,22261324,57,42,1223.0150591403756,True,0.6947453371743756,1.772551640000988,,ACCEPT,,REJECT_INCONSISTENT,identity_equivalence_unproven,0.0
public-case57-0524,case57,22261325,57,42,1252.212450967468,True,0.7166281148180689,1.7951211236583906,,ACCEPT,,REJECT_INCONSISTENT,identity_equivalence_unproven,0.0
public-case57-0525,case57,22261326,57,42,1224.7434999352906,True,0.7264401299113695,1.7194084211517409,,ACCEPT,,REJECT_INCONSISTENT,identity_equivalence_unproven,0.0
public-case57-0526,case57,22261327,57,42,1246.4942182630605,True,0.737802457781286,1.8244524702509837,,ACCEPT,,REJECT_INCONSISTENT,identity_equivalence_unproven,0.0
public-case57-0527,case57,22261328,57,42,1310.041154017475,True,0.7039159737653916,1.778672412218335,,ACCEPT,,REJECT_INCONSISTENT,identity_equivalence_unproven,0.0
public-case57-0528,case57,22261329,57,42,1234.8970178035909,True,0.7340302927233952,2.0458044873817447,,ACCEPT,,REJECT_INCONSISTENT,identity_equivalence_unproven,0.0
public-case57-0529,case57,22261330,57,42,1215.5852822522506,True,0.7391932511289996,1.7885957092101292,,ACCEPT,,REJECT_INCONSISTENT,identity_equivalence_unproven,0.0
public-case57-0530,case57,22261331,57,42,1185.435641848048,True,0.7246009454770257,1.649450655330357,,ACCEPT,,REJECT_INCONSISTENT,identity_equivalence_unproven,0.0
public-case57-0531,case57,22261332,57,42,1316.8236213267523,True,0.7334609568873531,1.7267219671605871,,ACCEPT,,REJECT_INCONSISTENT,identity_equivalence_unproven,0.0
public-case57-0532,case57,22261333,57,42,1207.6885617232103,True,0.714098995038739,1.673233339780798,,ACCEPT,,REJECT_INCONSISTENT,identity_equivalence_unproven,0.0
public-case57-0533,case57,22261334,57,42,1204.7742023025141,True,0.7247296192392275,1.7559742653634838,,ACCEPT,,REJECT_INCONSISTENT,identity_equivalence_unproven,0.0
public-case57-0534,case57,22261335,57,42,1231.426925346527,True,0.6959585991627858,1.75128397747767,,ACCEPT,,REJECT_INCONSISTENT,identity_equivalence_unproven,0.0
public-case57-0535,case57,22261336,57,42,1270.929721717592,True,0.70675275604602,1.7018238192398905,,ACCEPT,,REJECT_INCONSISTENT,identity_equivalence_unproven,0.0
public-case57-0536,case57,22261337,57,42,1205.193403625853,True,0.6988799427909583,1.8014543189272914,,ACCEPT,,REJECT_INCONSISTENT,identity_equivalence_unproven,0.0
public-case57-0537,case57,22261338,57,42,1255.3113295700027,True,0.719943440497133,1.6456989829794284,,ACCEPT,,REJECT_INCONSISTENT,identity_equivalence_unproven,0.0
public-case57-0538,case57,22261339,57,42,1226.200505657151,True,0.7163613156387765,1.7879878437662595,,ACCEPT,,REJECT_INCONSISTENT,identity_equivalence_unproven,0.0
public-case57-0539,case57,22261340,57,42,1221.214791252927,True,0.7113468819852871,1.9463244797297095,,ACCEPT,,REJECT_INCONSISTENT,identity_equivalence_unproven,0.0
public-case57-0540,case57,22261341,57,42,1226.795829510491,True,0.720090239893575,1.6612888127114378,,ACCEPT,,REJECT_INCONSISTENT,identity_equivalence_unproven,0.0
public-case57-0541,case57,22261342,57,42,1221.9989478950636,True,0.7088019214788578,1.973705623589667,,ACCEPT,,REJECT_INCONSISTENT,identity_equivalence_unproven,0.0
public-case57-0542,case57,22261343,57,42,1332.8909640931972,True,0.7272965059904283,1.8390822791750436,,ACCEPT,,REJECT_INCONSISTENT,identity_equivalence_unproven,0.0
public-case57-0543,case57,22261344,57,42,1190.263900066778,True,0.7205821246570143,1.7593595459196036,,ACCEPT,,REJECT_INCONSISTENT,identity_equivalence_unproven,0.0
public-case57-0544,case57,22261345,57,42,1213.6055706386137,True,0.7296916515733015,1.580253983506745,,ACCEPT,,REJECT_INCONSISTENT,identity_equivalence_unproven,0.0
public-case57-0545,case57,22261346,57,42,1183.1065685685926,True,0.7124619702792863,1.6829766216551296,,ACCEPT,,REJECT_INCONSISTENT,identity_equivalence_unproven,0.0
public-case57-0546,case57,22261347,57,42,1288.5422850019606,True,0.7213196135284213,2.0628312092126344,,ACCEPT,,REJECT_INCONSISTENT,identity_equivalence_unproven,0.0
public-case57-0547,case57,22261348,57,42,1251.6980544743726,True,0.7143743171538675,1.9336688581692567,,ACCEPT,,REJECT_INCONSISTENT,identity_equivalence_unproven,0.0
public-case57-0548,case57,22261349,57,42,1159.8838587553487,True,0.715613908540998,1.8651764064270198,,ACCEPT,,REJECT_INCONSISTENT,identity_equivalence_unproven,0.0
public-case57-0549,case57,22261350,57,42,1234.2724674676774,True,0.7221922176716069,1.740081984895641,,ACCEPT,,REJECT_INCONSISTENT,identity_equivalence_unproven,0.0
public-case57-0550,case57,22261351,57,42,1259.3573786579025,True,0.739380805433626,1.948541281424013,,ACCEPT,,REJECT_INCONSISTENT,identity_equivalence_unproven,0.0
public-case57-0551,case57,22261352,57,42,1270.9753049961796,True,0.7053460363775776,1.864582430068554,,ACCEPT,,REJECT_INCONSISTENT,identity_equivalence_unproven,0.0
public-case57-0552,case57,22261353,57,42,1284.1286995275077,True,0.7056096093822047,2.0092816154823128,,ACCEPT,,REJECT_INCONSISTENT,identity_equivalence_unproven,0.0
public-case57-0553,case57,22261354,57,42,1192.2937344833977,True,0.7085951082724518,1.895064723956176,,ACCEPT,,REJECT_INCONSISTENT,identity_equivalence_unproven,0.0
public-case57-0554,case57,22261355,57,42,1170.2839074539627,True,0.7107748087074209,1.725235911185029,,ACCEPT,,REJECT_INCONSISTENT,identity_equivalence_unproven,0.0
public-case57-0555,case57,22261356,57,42,1217.499441817217,True,0.7203869986022301,1.7938460219312533,,ACCEPT,,REJECT_INCONSISTENT,identity_equivalence_unproven,0.0
public-case57-0556,case57,22261357,57,42,1304.0347467023767,True,0.7228963658913352,1.7060248251776575,,ACCEPT,,REJECT_INCONSISTENT,identity_equivalence_unproven,0.0
public-case57-0557,case57,22261358,57,42,1154.5379225089928,True,0.7124633049047342,1.665965377036271,,ACCEPT,,REJECT_INCONSISTENT,identity_equivalence_unproven,0.0
public-case57-0558,case57,22261359,57,42,1252.254176926718,True,0.7055614566466671,1.7523844123071592,,ACCEPT,,REJECT_INCONSISTENT,identity_equivalence_unproven,0.0
public-case57-0559,case57,22261360,57,42,1323.5876022078537,True,0.7325955530116034,1.7879216731468706,,ACCEPT,,REJECT_INCONSISTENT,identity_equivalence_unproven,0.0
public-case57-0560,case57,22261361,57,42,1255.685122203902,True,0.7191279630867498,1.8010453369527935,,ACCEPT,,REJECT_INCONSISTENT,identity_equivalence_unproven,0.0
public-case57-0561,case57,22261362,57,42,1267.0249053425207,True,0.7288597718127405,1.6354806496381504,,ACCEPT,,REJECT_INCONSISTENT,identity_equivalence_unproven,0.0
public-case57-0562,case57,22261363,57,42,1188.8102324463293,True,0.7215619077574992,1.8513988631091722,,ACCEPT,,REJECT_INCONSISTENT,identity_equivalence_unproven,0.0
public-case57-0563,case57,22261364,57,42,1261.8718244084218,True,0.7256021519889193,1.7376651946106496,,ACCEPT,,REJECT_INCONSISTENT,identity_equivalence_unproven,0.0
public-case57-0564,case57,22261365,57,42,1255.1994701966503,True,0.7354760490681189,1.7765171911928987,,ACCEPT,,REJECT_INCONSISTENT,identity_equivalence_unproven,0.0
public-case57-0565,case57,22261366,57,42,1307.229340328617,True,0.697530656004472,1.7632768206275982,,ACCEPT,,REJECT_INCONSISTENT,identity_equivalence_unproven,0.0
public-case57-0566,case57,22261367,57,42,1265.8706562540635,True,0.7209672591967059,1.7064354120821994,,ACCEPT,,REJECT_INCONSISTENT,identity_equivalence_unproven,0.0
public-case57-0567,case57,22261368,57,42,1293.9764371417723,True,0.7026450537509786,1.8016164141749242,,ACCEPT,,REJECT_INCONSISTENT,identity_equivalence_unproven,0.0
public-case57-0568,case57,22261369,57,42,1187.508237603732,True,0.7002919199249753,1.6223708545307844,,ACCEPT,,REJECT_INCONSISTENT,identity_equivalence_unproven,0.0
public-case57-0569,case57,22261370,57,42,1297.9310544302277,True,0.707758165786969,1.647695125129028,,ACCEPT,,REJECT_INCONSISTENT,identity_equivalence_unproven,0.0
public-case57-0570,case57,22261371,57,42,1206.6884722190039,True,0.7166070813520785,1.5772890958977857,,ACCEPT,,REJECT_INCONSISTENT,identity_equivalence_unproven,0.0
public-case57-0571,case57,22261372,57,42,1303.5919914401618,True,0.728121387681332,1.6760321317450846,,ACCEPT,,REJECT_INCONSISTENT,identity_equivalence_unproven,0.0
public-case57-0572,case57,22261373,57,42,1131.330137506755,True,0.7401044501935691,1.8012419881807173,,ACCEPT,,REJECT_INCONSISTENT,identity_equivalence_unproven,0.0
public-case57-0573,case57,22261374,57,42,1341.3847676634846,True,0.7301702010360485,1.8621812431013591,,ACCEPT,,REJECT_INCONSISTENT,identity_equivalence_unproven,0.0
public-case57-0574,case57,22261375,57,42,1291.6886733136942,True,0.7417691524296353,1.6736987183392953,,ACCEPT,,REJECT_INCONSISTENT,identity_equivalence_unproven,0.0
public-case57-0575,case57,22261376,57,42,1305.4289834997257,True,0.7117125934029376,1.9728428118753039,,ACCEPT,,REJECT_INCONSISTENT,identity_equivalence_unproven,0.0
public-case57-0576,case57,22261377,57,42,1253.011664463839,True,0.7175049279453735,1.700366366064298,,ACCEPT,,REJECT_INCONSISTENT,identity_equivalence_unproven,0.0
public-case57-0577,case57,22261378,57,42,1321.6562288698824,True,0.7207967996823037,1.9156274874527626,,ACCEPT,,REJECT_INCONSISTENT,identity_equivalence_unproven,0.0
public-case57-0578,case57,22261379,57,42,1180.990257062863,True,0.7235548352678866,1.7028063034606462,,ACCEPT,,REJECT_INCONSISTENT,identity_equivalence_unproven,0.0
public-case57-0579,case57,22261380,57,42,1191.1300782475205,True,0.715165264116029,1.6169985927052606,,ACCEPT,,REJECT_INCONSISTENT,identity_equivalence_unproven,0.0
public-case57-0580,case57,22261381,57,42,1305.8637956667842,True,0.7149374196063993,1.9703823363534985,,ACCEPT,,REJECT_INCONSISTENT,identity_equivalence_unproven,0.0
public-case57-0581,case57,22261382,57,42,1266.1624123561623,True,0.7089698771091424,1.7768099043057959,,ACCEPT,,REJECT_INCONSISTENT,identity_equivalence_unproven,0.0
public-case57-0582,case57,22261383,57,42,1296.0744425013252,True,0.7296160319281859,1.902053875736084,,ACCEPT,,REJECT_INCONSISTENT,identity_equivalence_unproven,0.0
public-case57-0583,case57,22261384,57,42,1311.9132248970607,True,0.7057206515454602,1.734555411885355,,ACCEPT,,REJECT_INCONSISTENT,identity_equivalence_unproven,0.0
public-case57-0584,case57,22261385,57,42,1210.6462605878205,True,0.7198993276007162,1.8609434240627856,,ACCEPT,,REJECT_INCONSISTENT,identity_equivalence_unproven,0.0
public-case57-0585,case57,22261386,57,42,1202.0558148358873,True,0.7383000042603738,2.0314331458120938,,ACCEPT,,REJECT_INCONSISTENT,identity_equivalence_unproven,0.0
public-case57-0586,case57,22261387,57,42,1192.4731642923084,True,0.7191499489194911,1.7764162803948145,,ACCEPT,,REJECT_INCONSISTENT,identity_equivalence_unproven,0.0
public-case57-0587,case57,22261388,57,42,1275.9291887271984,True,0.7306391202684362,1.622596759125091,,ACCEPT,,REJECT_INCONSISTENT,identity_equivalence_unproven,0.0
public-case57-0588,case57,22261389,57,42,1224.792899832754,True,0.7379442088330697,1.756732494786187,,ACCEPT,,REJECT_INCONSISTENT,identity_equivalence_unproven,0.0
public-case57-0589,case57,22261390,57,42,1222.1758815702237,True,0.7204457520992713,1.7213019276306745,,ACCEPT,,REJECT_INCONSISTENT,identity_equivalence_unproven,0.0
public-case57-0590,case57,22261391,57,42,1256.910021967711,True,0.7047392456145812,1.737984203975686,,ACCEPT,,REJECT_INCONSISTENT,identity_equivalence_unproven,0.0
public-case57-0591,case57,22261392,57,42,1186.2597791737553,True,0.694612232932308,1.5423681657623625,,ACCEPT,,REJECT_INCONSISTENT,identity_equivalence_unproven,0.0
public-case57-0592,case57,22261393,57,42,1193.929379405051,True,0.735099725751421,1.7336984353057867,,ACCEPT,,REJECT_INCONSISTENT,identity_equivalence_unproven,0.0
public-case57-0593,case57,22261394,57,42,1291.544552209124,True,0.7252424504873186,2.0176034778149368,,ACCEPT,,REJECT_INCONSISTENT,identity_equivalence_unproven,0.0
public-case57-0594,case57,22261395,57,42,1253.9793837940774,True,0.7197021419312364,1.7893104327123825,,ACCEPT,,REJECT_INCONSISTENT,identity_equivalence_unproven,0.0
public-case57-0595,case57,22261396,57,42,1179.212869790797,True,0.7184932586325411,1.867931112052028,,ACCEPT,,REJECT_INCONSISTENT,identity_equivalence_unproven,0.0
public-case57-0596,case57,22261397,57,42,1236.2295132226495,True,0.7149182739801061,1.7039353981989864,,ACCEPT,,REJECT_INCONSISTENT,identity_equivalence_unproven,0.0
public-case57-0597,case57,22261398,57,42,1179.9419617122164,True,0.7333744623697107,1.9243100094884922,,ACCEPT,,REJECT_INCONSISTENT,identity_equivalence_unproven,0.0
public-case57-0598,case57,22261399,57,42,1201.263598882962,True,0.7273959563327544,1.7325956384603534,,ACCEPT,,REJECT_INCONSISTENT,identity_equivalence_unproven,0.0
public-case57-0599,case57,22261400,57,42,1325.7985339439972,True,0.7343827074280214,1.812064647936173,,ACCEPT,,REJECT_INCONSISTENT,identity_equivalence_unproven,0.0
public-case57-0600,case57,22261401,57,42,1244.5932134190418,True,0.725136585496758,1.6856418864972484,,ACCEPT,,REJECT_INCONSISTENT,identity_equivalence_unproven,0.0
public-case57-0601,case57,22261402,57,42,1287.1856445298295,True,0.7114362153692,1.6921829030532223,,ACCEPT,,REJECT_INCONSISTENT,identity_equivalence_unproven,0.0
public-case57-0602,case57,22261403,57,42,1250.4271987228035,True,0.7176758394576882,1.8027751600131463,,ACCEPT,,REJECT_INCONSISTENT,identity_equivalence_unproven,0.0
public-case57-0603,case57,22261404,57,42,1254.1390996398823,True,0.7213046542270158,1.9225918603514247,,ACCEPT,,REJECT_INCONSISTENT,identity_equivalence_unproven,0.0
public-case57-0604,case57,22261405,57,42,1266.9277285791713,True,0.7252743746553137,1.6516898229207984,,ACCEPT,,REJECT_INCONSISTENT,identity_equivalence_unproven,0.0
public-case57-0605,case57,22261406,57,42,1245.1456047787951,True,0.7277346484956386,1.9891076143423188,,ACCEPT,,REJECT_INCONSISTENT,identity_equivalence_unproven,0.0
public-case57-0606,case57,22261407,57,42,1264.176609246556,True,0.7232456094902517,1.8149047169102337,,ACCEPT,,REJECT_INCONSISTENT,identity_equivalence_unproven,0.0
public-case57-0607,case57,22261408,57,42,1275.1304369767913,True,0.7100649640365417,1.9280172023936233,,ACCEPT,,REJECT_INCONSISTENT,identity_equivalence_unproven,0.0
public-case57-0608,case57,22261409,57,42,1229.660293689813,True,0.7168603243738082,1.7636120663583839,,ACCEPT,,REJECT_INCONSISTENT,identity_equivalence_unproven,0.0
public-case57-0609,case57,22261410,57,42,1334.6180421221786,True,0.720162761526004,1.8369930283829876,,ACCEPT,,REJECT_INCONSISTENT,identity_equivalence_unproven,0.0
public-case57-0610,case57,22261411,57,42,1176.0408816763324,True,0.7226781685261956,1.8202476511941308,,ACCEPT,,REJECT_INCONSISTENT,identity_equivalence_unproven,0.0
public-case57-0611,case57,22261412,57,42,1302.4866894713728,True,0.7481173526280424,1.6432377863563177,,ACCEPT,,REJECT_INCONSISTENT,identity_equivalence_unproven,0.0
public-case57-0612,case57,22261413,57,42,1247.1026452879341,True,0.7274910410942438,1.6232833042157255,,ACCEPT,,REJECT_INCONSISTENT,identity_equivalence_unproven,0.0
public-case57-0613,case57,22261414,57,42,1205.821872778282,True,0.7126473125197427,1.5312019047207892,,ACCEPT,,REJECT_INCONSISTENT,identity_equivalence_unproven,0.0
public-case57-0614,case57,22261415,57,42,1179.6360194207903,True,0.7393701587397447,1.6156027228710086,,ACCEPT,,REJECT_INCONSISTENT,identity_equivalence_unproven,0.0
public-case57-0615,case57,22261416,57,42,1285.5014711867445,True,0.7156888605965076,1.904021533746204,,ACCEPT,,REJECT_INCONSISTENT,identity_equivalence_unproven,0.0
public-case57-0616,case57,22261417,57,42,1219.025057708579,True,0.7428362063061897,1.9946501887481802,,ACCEPT,,REJECT_INCONSISTENT,identity_equivalence_unproven,0.0
public-case57-0617,case57,22261418,57,42,1338.0090867280344,True,0.7452540794625968,1.7911823210749682,,ACCEPT,,REJECT_INCONSISTENT,identity_equivalence_unproven,0.0
public-case57-0618,case57,22261419,57,42,1276.734815891214,True,0.7135841854989949,1.7219546174818148,,ACCEPT,,REJECT_INCONSISTENT,identity_equivalence_unproven,0.0
public-case57-0619,case57,22261420,57,42,1295.1536807852751,True,0.7109916085377154,1.9793750854350793,,ACCEPT,,REJECT_INCONSISTENT,identity_equivalence_unproven,0.0
public-case57-0620,case57,22261421,57,42,1276.1624418295464,True,0.7021938646653745,1.7514147512056049,,ACCEPT,,REJECT_INCONSISTENT,identity_equivalence_unproven,0.0
public-case57-0621,case57,22261422,57,42,1207.393447044255,True,0.7418717946120931,1.8902392378600026,,ACCEPT,,REJECT_INCONSISTENT,identity_equivalence_unproven,0.0
public-case57-0622,case57,22261423,57,42,1296.1548733564632,True,0.7137172799792826,1.9565409486454415,,ACCEPT,,REJECT_INCONSISTENT,identity_equivalence_unproven,0.0
public-case57-0623,case57,22261424,57,42,1284.4765816308263,True,0.7440328865507599,1.9110052261709236,,ACCEPT,,REJECT_INCONSISTENT,identity_equivalence_unproven,0.0
public-case57-0624,case57,22261425,57,42,1307.9439874902073,True,0.7308836879756587,1.7580257772254078,,ACCEPT,,REJECT_INCONSISTENT,identity_equivalence_unproven,0.0
public-case57-0625,case57,22261426,57,42,1178.736200385172,True,0.7321705746192867,1.8709233520038209,,ACCEPT,,REJECT_INCONSISTENT,identity_equivalence_unproven,0.0
public-case57-0626,case57,22261427,57,42,1287.6682211659434,True,0.7363912049512101,1.8698226363883987,,ACCEPT,,REJECT_INCONSISTENT,identity_equivalence_unproven,0.0
public-case57-0627,case57,22261428,57,42,1309.386480507695,True,0.6961893768607869,1.7630960706808276,,ACCEPT,,REJECT_INCONSISTENT,identity_equivalence_unproven,0.0
public-case57-0628,case57,22261429,57,42,1214.315823736287,True,0.7156300558145097,1.7500651428048064,,ACCEPT,,REJECT_INCONSISTENT,identity_equivalence_unproven,0.0
public-case57-0629,case57,22261430,57,42,1296.644187100401,True,0.7133006840983334,1.658477981388026,,ACCEPT,,REJECT_INCONSISTENT,identity_equivalence_unproven,0.0
public-case57-0630,case57,22261431,57,42,1315.079051603713,True,0.7004136767717069,1.7447535489493393,,ACCEPT,,REJECT_INCONSISTENT,identity_equivalence_unproven,0.0
public-case57-0631,case57,22261432,57,42,1287.9478166460733,True,0.7266008174243419,1.8622098875908364,,ACCEPT,,REJECT_INCONSISTENT,identity_equivalence_unproven,0.0
public-case57-0632,case57,22261433,57,42,1268.397268664575,True,0.73236970118356,1.7989070890994927,,ACCEPT,,REJECT_INCONSISTENT,identity_equivalence_unproven,0.0
public-case57-0633,case57,22261434,57,42,1294.843483719522,True,0.7184541719952731,1.863808083290294,,ACCEPT,,REJECT_INCONSISTENT,identity_equivalence_unproven,0.0
public-case57-0634,case57,22261435,57,42,1288.2339007300172,True,0.7385094174204333,1.8681795150156753,,ACCEPT,,REJECT_INCONSISTENT,identity_equivalence_unproven,0.0
public-case57-0635,case57,22261436,57,42,1267.3016201022303,True,0.736355342174493,1.8642882733740085,,ACCEPT,,REJECT_INCONSISTENT,identity_equivalence_unproven,0.0
public-case57-0636,case57,22261437,57,42,1266.4933216147967,True,0.700058812301345,1.5834801769521283,,ACCEPT,,REJECT_INCONSISTENT,identity_equivalence_unproven,0.0
public-case57-0637,case57,22261438,57,42,1274.7093261442817,True,0.738259544852649,1.709364113930192,,ACCEPT,,REJECT_INCONSISTENT,identity_equivalence_unproven,0.0
public-case57-0638,case57,22261439,57,42,1155.5160686390182,True,0.7128709585682281,1.8254639261225045,,ACCEPT,,REJECT_INCONSISTENT,identity_equivalence_unproven,0.0
public-case57-0639,case57,22261440,57,42,1217.362616626977,True,0.7394796669011452,1.8121376156905993,,ACCEPT,,REJECT_INCONSISTENT,identity_equivalence_unproven,0.0
public-case57-0640,case57,22261441,57,42,1268.2056740730504,True,0.7159575862371738,1.8004867057943408,,ACCEPT,,REJECT_INCONSISTENT,identity_equivalence_unproven,0.0
public-case57-0641,case57,22261442,57,42,1359.1337241604538,True,0.7219784632319026,1.866653817788352,,ACCEPT,,REJECT_INCONSISTENT,identity_equivalence_unproven,0.0
public-case57-0642,case57,22261443,57,42,1255.0436170179685,True,0.7292903124962488,1.656844962668937,,ACCEPT,,REJECT_INCONSISTENT,identity_equivalence_unproven,0.0
public-case57-0643,case57,22261444,57,42,1273.51604628256,True,0.7146479132826216,1.8157240946737971,,ACCEPT,,REJECT_INCONSISTENT,identity_equivalence_unproven,0.0
public-case57-0644,case57,22261445,57,42,1215.8496533831703,True,0.730084866660035,1.6754505701024134,,ACCEPT,,REJECT_INCONSISTENT,identity_equivalence_unproven,0.0
public-case57-0645,case57,22261446,57,42,1228.5860070927476,True,0.7182340407952554,1.89528124548074,,ACCEPT,,REJECT_INCONSISTENT,identity_equivalence_unproven,0.0
public-case57-0646,case57,22261447,57,42,1203.1424574201574,True,0.709924529761159,1.9002937974631873,,ACCEPT,,REJECT_INCONSISTENT,identity_equivalence_unproven,0.0
public-case57-0647,case57,22261448,57,42,1310.9241097344816,True,0.7167055226953954,1.8958542858089436,,ACCEPT,,REJECT_INCONSISTENT,identity_equivalence_unproven,0.0
public-case57-0648,case57,22261449,57,42,1224.6370784797743,True,0.704432396368816,1.667079848385293,,ACCEPT,,REJECT_INCONSISTENT,identity_equivalence_unproven,0.0
public-case57-0649,case57,22261450,57,42,1243.7602658738447,True,0.7139044056113346,1.6716263637667428,,ACCEPT,,REJECT_INCONSISTENT,identity_equivalence_unproven,0.0
public-case57-0650,case57,22261451,57,42,1250.5942511566393,True,0.7105723626695784,1.5784937738917246,,ACCEPT,,REJECT_INCONSISTENT,identity_equivalence_unproven,0.0
public-case57-0651,case57,22261452,57,42,1270.7230106010893,True,0.7327650588166436,1.7433895577250254,,ACCEPT,,REJECT_INCONSISTENT,identity_equivalence_unproven,0.0
public-case57-0652,case57,22261453,57,42,1285.7458733416138,True,0.7007517235324403,1.8652632830439737,,ACCEPT,,REJECT_INCONSISTENT,identity_equivalence_unproven,0.0
public-case57-0653,case57,22261454,57,42,1293.4558773315632,True,0.7206975503729705,1.79705188074934,,ACCEPT,,REJECT_INCONSISTENT,identity_equivalence_unproven,0.0
public-case57-0654,case57,22261455,57,42,1187.9545604004645,True,0.7334316997955094,1.8350539838481852,,ACCEPT,,REJECT_INCONSISTENT,identity_equivalence_unproven,0.0
public-case57-0655,case57,22261456,57,42,1267.056566018039,True,0.7031088360894782,1.7815048003331706,,ACCEPT,,REJECT_INCONSISTENT,identity_equivalence_unproven,0.0
public-case57-0656,case57,22261457,57,42,1241.3483609321263,True,0.7394873751632786,1.6252068964727018,,ACCEPT,,REJECT_INCONSISTENT,identity_equivalence_unproven,0.0
public-case57-0657,case57,22261458,57,42,1211.4926015794126,True,0.7044247914860416,1.6936140631348569,,ACCEPT,,REJECT_INCONSISTENT,identity_equivalence_unproven,0.0
public-case57-0658,case57,22261459,57,42,1211.2765802815932,True,0.7282153634914269,1.992466306862499,,ACCEPT,,REJECT_INCONSISTENT,identity_equivalence_unproven,0.0
public-case57-0659,case57,22261460,57,42,1165.9168388535738,True,0.7152538265443228,1.688072983883327,,ACCEPT,,REJECT_INCONSISTENT,identity_equivalence_unproven,0.0
public-case57-0660,case57,22261461,57,42,1260.6833743071018,True,0.6956538872076232,1.6041279028267459,,ACCEPT,,REJECT_INCONSISTENT,identity_equivalence_unproven,0.0
public-case57-0661,case57,22261462,57,42,1192.6472421693247,True,0.7100660609796409,1.874505932524238,,ACCEPT,,REJECT_INCONSISTENT,identity_equivalence_unproven,0.0
public-case57-0662,case57,22261463,57,42,1169.7957495904739,True,0.6978118896359697,1.6975931373851276,,ACCEPT,,REJECT_INCONSISTENT,identity_equivalence_unproven,0.0
public-case57-0663,case57,22261464,57,42,1205.3511168097755,True,0.7210438047128327,1.832861978165948,,ACCEPT,,REJECT_INCONSISTENT,identity_equivalence_unproven,0.0
public-case57-0664,case57,22261465,57,42,1266.5698577924388,True,0.7269502639058107,1.6905689246157263,,ACCEPT,,REJECT_INCONSISTENT,identity_equivalence_unproven,0.0
public-case57-0665,case57,22261466,57,42,1233.268134766808,True,0.7333660063446881,1.9217859177727799,,ACCEPT,,REJECT_INCONSISTENT,identity_equivalence_unproven,0.0
public-case57-0666,case57,22261467,57,42,1267.683676035247,True,0.7035500136476083,1.949543477857751,,ACCEPT,,REJECT_INCONSISTENT,identity_equivalence_unproven,0.0
public-case57-0667,case57,22261468,57,42,1209.4367063888349,True,0.7236617868500606,1.9456177611364596,,ACCEPT,,REJECT_INCONSISTENT,identity_equivalence_unproven,0.0
public-case57-0668,case57,22261469,57,42,1184.1470573528377,True,0.7124999574023504,1.635544498029903,,ACCEPT,,REJECT_INCONSISTENT,identity_equivalence_unproven,0.0
public-case57-0669,case57,22261470,57,42,1292.6418938811557,True,0.7085124113695316,1.689866269551497,,ACCEPT,,REJECT_INCONSISTENT,identity_equivalence_unproven,0.0
public-case57-0670,case57,22261471,57,42,1203.9867874135407,True,0.7306149441575213,1.8969579805125611,,ACCEPT,,REJECT_INCONSISTENT,identity_equivalence_unproven,0.0
public-case57-0671,case57,22261472,57,42,1252.62053406399,True,0.7132523975027548,1.6464289423142973,,ACCEPT,,REJECT_INCONSISTENT,identity_equivalence_unproven,0.0
public-case57-0672,case57,22261473,57,42,1199.2380258129028,True,0.7157044061692972,1.8898527980961397,,ACCEPT,,REJECT_INCONSISTENT,identity_equivalence_unproven,0.0
public-case57-0673,case57,22261474,57,42,1294.1953890906293,True,0.6983257542858098,1.787859351668211,,ACCEPT,,REJECT_INCONSISTENT,identity_equivalence_unproven,0.0
public-case57-0674,case57,22261475,57,42,1225.4410859796512,True,0.7039482028192295,1.582705374252148,,ACCEPT,,REJECT_INCONSISTENT,identity_equivalence_unproven,0.0
public-case57-0675,case57,22261476,57,42,1266.0166693218664,True,0.7249567409012629,1.659715565607074,,ACCEPT,,REJECT_INCONSISTENT,identity_equivalence_unproven,0.0
public-case57-0676,case57,22261477,57,42,1324.3024438464963,True,0.73074565487498,1.9516983782962367,,ACCEPT,,REJECT_INCONSISTENT,identity_equivalence_unproven,0.0
public-case57-0677,case57,22261478,57,42,1226.4855263515922,True,0.7006327030618605,1.6258121844888629,,ACCEPT,,REJECT_INCONSISTENT,identity_equivalence_unproven,0.0
public-case57-0678,case57,22261479,57,42,1316.0643102469312,True,0.7353130973226353,1.7349632411412883,,ACCEPT,,REJECT_INCONSISTENT,identity_equivalence_unproven,0.0
public-case57-0679,case57,22261480,57,42,1312.1677344817301,True,0.6905465363378972,1.7126368372448435,,ACCEPT,,REJECT_INCONSISTENT,identity_equivalence_unproven,0.0
public-case57-0680,case57,22261481,57,42,1245.5830222162206,True,0.7220002113742694,1.5417190960598486,,ACCEPT,,REJECT_INCONSISTENT,identity_equivalence_unproven,0.0
public-case57-0681,case57,22261482,57,42,1214.97531198053,True,0.7311727485302093,1.6716903595179589,,ACCEPT,,REJECT_INCONSISTENT,identity_equivalence_unproven,0.0
public-case57-0682,case57,22261483,57,42,1357.197939344136,True,0.7139235238023326,1.9044240579733234,,ACCEPT,,REJECT_INCONSISTENT,identity_equivalence_unproven,0.0
public-case57-0683,case57,22261484,57,42,1271.9576308780195,True,0.730552856342172,1.6957938618782074,,ACCEPT,,REJECT_INCONSISTENT,identity_equivalence_unproven,0.0
public-case57-0684,case57,22261485,57,42,1215.3546320788903,True,0.708178367853588,1.6994655126605969,,ACCEPT,,REJECT_INCONSISTENT,identity_equivalence_unproven,0.0
public-case57-0685,case57,22261486,57,42,1238.2393009159996,True,0.7164948176498889,1.6866333127426,,ACCEPT,,REJECT_INCONSISTENT,identity_equivalence_unproven,0.0
public-case57-0686,case57,22261487,57,42,1221.4867051278086,True,0.7280124156168067,1.7787059848751816,,ACCEPT,,REJECT_INCONSISTENT,identity_equivalence_unproven,0.0
public-case57-0687,case57,22261488,57,42,1310.033726843797,True,0.7107987274227728,1.8971186438127514,,ACCEPT,,REJECT_INCONSISTENT,identity_equivalence_unproven,0.0
public-case57-0688,case57,22261489,57,42,1167.4160166592303,True,0.709101726413516,1.7051832151876938,,ACCEPT,,REJECT_INCONSISTENT,identity_equivalence_unproven,0.0
public-case57-0689,case57,22261490,57,42,1280.6757341316793,True,0.7365193339823717,1.7394146566623154,,ACCEPT,,REJECT_INCONSISTENT,identity_equivalence_unproven,0.0
public-case57-0690,case57,22261491,57,42,1272.2933811873881,True,0.6940788471568251,1.9856473641893821,,ACCEPT,,REJECT_INCONSISTENT,identity_equivalence_unproven,0.0
public-case57-0691,case57,22261492,57,42,1313.7022286759757,True,0.7191331760040155,1.9480342149202596,,ACCEPT,,REJECT_INCONSISTENT,identity_equivalence_unproven,0.0
public-case57-0692,case57,22261493,57,42,1302.0523627045013,True,0.7292366769529312,1.6578358395446857,,ACCEPT,,REJECT_INCONSISTENT,identity_equivalence_unproven,0.0
public-case57-0693,case57,22261494,57,42,1257.0353318140683,True,0.7010283863132973,1.9116879127003166,,ACCEPT,,REJECT_INCONSISTENT,identity_equivalence_unproven,0.0
public-case57-0694,case57,22261495,57,42,1323.2802301369968,True,0.7157892658967454,1.815046905995376,,ACCEPT,,REJECT_INCONSISTENT,identity_equivalence_unproven,0.0
public-case57-0695,case57,22261496,57,42,1300.8302720497568,True,0.7286610338852807,1.705770085043672,,ACCEPT,,REJECT_INCONSISTENT,identity_equivalence_unproven,0.0
public-case57-0696,case57,22261497,57,42,1191.4472387302628,True,0.7267191419943542,1.779364620426625,,ACCEPT,,REJECT_INCONSISTENT,identity_equivalence_unproven,0.0
public-case57-0697,case57,22261498,57,42,1228.0336900805871,True,0.7231419910981735,1.7903205759168797,,ACCEPT,,REJECT_INCONSISTENT,identity_equivalence_unproven,0.0
public-case57-0698,case57,22261499,57,42,1290.776874488254,True,0.7384777561454627,1.9321556339717236,,ACCEPT,,REJECT_INCONSISTENT,identity_equivalence_unproven,0.0
public-case57-0699,case57,22261500,57,42,1327.6768043700176,True,0.7266292771792733,1.7676176168444528,,ACCEPT,,REJECT_INCONSISTENT,identity_equivalence_unproven,0.0
public-case57-0700,case57,22261501,57,42,1298.2688571354759,True,0.7102733832370224,1.8143614828583787,,ACCEPT,,REJECT_INCONSISTENT,identity_equivalence_unproven,0.0
public-case57-0701,case57,22261502,57,42,1223.2499120882594,True,0.728486182248016,1.967500745573298,,ACCEPT,,REJECT_INCONSISTENT,identity_equivalence_unproven,0.0
public-case57-0702,case57,22261503,57,42,1264.5312277804858,True,0.7252732500689311,1.8321958747748626,,ACCEPT,,REJECT_INCONSISTENT,identity_equivalence_unproven,0.0
public-case57-0703,case57,22261504,57,42,1248.754769338764,True,0.7060843466111899,1.843391705695125,,ACCEPT,,REJECT_INCONSISTENT,identity_equivalence_unproven,0.0
public-case57-0704,case57,22261505,57,42,1242.7781825906186,True,0.7162416597913561,1.7349979901943824,,ACCEPT,,REJECT_INCONSISTENT,identity_equivalence_unproven,0.0
public-case57-0705,case57,22261506,57,42,1262.2372733482723,True,0.7284661794090248,1.722901326481722,,ACCEPT,,REJECT_INCONSISTENT,identity_equivalence_unproven,0.0
public-case57-0706,case57,22261507,57,42,1300.3187820554888,True,0.7046236651158886,1.7775987429358684,,ACCEPT,,REJECT_INCONSISTENT,identity_equivalence_unproven,0.0
public-case57-0707,case57,22261508,57,42,1322.5233773338393,True,0.7182836361809012,1.8021993503734142,,ACCEPT,,REJECT_INCONSISTENT,identity_equivalence_unproven,0.0
public-case57-0708,case57,22261509,57,42,1257.660452500267,True,0.7021610059975711,1.9247954502990015,,ACCEPT,,REJECT_INCONSISTENT,identity_equivalence_unproven,0.0
public-case57-0709,case57,22261510,57,42,1218.5760329159484,True,0.7330885270579205,1.7310483666588667,,ACCEPT,,REJECT_INCONSISTENT,identity_equivalence_unproven,0.0
public-case57-0710,case57,22261511,57,42,1254.1995052841432,True,0.7216545833978986,1.8385839167759277,,ACCEPT,,REJECT_INCONSISTENT,identity_equivalence_unproven,0.0
public-case57-0711,case57,22261512,57,42,1189.492941632843,True,0.7176774778766813,1.6503585619364338,,ACCEPT,,REJECT_INCONSISTENT,identity_equivalence_unproven,0.0
public-case57-0712,case57,22261513,57,42,1300.5689902729293,True,0.7382353338841522,2.0199038711567368,,ACCEPT,,REJECT_INCONSISTENT,identity_equivalence_unproven,0.0
public-case57-0713,case57,22261514,57,42,1225.4698294831076,True,0.7190699184761749,1.8341241619235487,,ACCEPT,,REJECT_INCONSISTENT,identity_equivalence_unproven,0.0
public-case57-0714,case57,22261515,57,42,1190.6005905305549,True,0.7173779124838024,1.7956109311567283,,ACCEPT,,REJECT_INCONSISTENT,identity_equivalence_unproven,0.0
public-case57-0715,case57,22261516,57,42,1321.24338237343,True,0.727106499012558,1.7712427554448547,,ACCEPT,,REJECT_INCONSISTENT,identity_equivalence_unproven,0.0
public-case57-0716,case57,22261517,57,42,1358.1559411360024,True,0.7307803170515924,1.862491476703594,,ACCEPT,,REJECT_INCONSISTENT,identity_equivalence_unproven,0.0
public-case57-0717,case57,22261518,57,42,1296.0318011428087,True,0.7285279437787662,1.943924412441505,,ACCEPT,,REJECT_INCONSISTENT,identity_equivalence_unproven,0.0
public-case57-0718,case57,22261519,57,42,1253.9884202062958,True,0.700474351677928,1.7617389064021,,ACCEPT,,REJECT_INCONSISTENT,identity_equivalence_unproven,0.0
public-case57-0719,case57,22261520,57,42,1245.171043733521,True,0.704169192401152,1.7683746985223865,,ACCEPT,,REJECT_INCONSISTENT,identity_equivalence_unproven,0.0
public-case57-0720,case57,22261521,57,42,1315.3474721744988,True,0.709611970800071,1.9693498882094023,,ACCEPT,,REJECT_INCONSISTENT,identity_equivalence_unproven,0.0
public-case57-0721,case57,22261522,57,42,1328.5775956385803,True,0.7107298819817913,1.8075217852515937,,ACCEPT,,REJECT_INCONSISTENT,identity_equivalence_unproven,0.0
public-case57-0722,case57,22261523,57,42,1212.627359698972,True,0.7102176983364235,1.8965913595947588,,ACCEPT,,REJECT_INCONSISTENT,identity_equivalence_unproven,0.0
public-case57-0723,case57,22261524,57,42,1201.608478355484,True,0.7339741631295662,1.6767821204820517,,ACCEPT,,REJECT_INCONSISTENT,identity_equivalence_unproven,0.0
public-case57-0724,case57,22261525,57,42,1202.3112028626226,True,0.6984544400373341,1.9700939003328712,,ACCEPT,,REJECT_INCONSISTENT,identity_equivalence_unproven,0.0
public-case57-0725,case57,22261526,57,42,1205.6256803182225,True,0.7075638397639704,1.9365243030020771,,ACCEPT,,REJECT_INCONSISTENT,identity_equivalence_unproven,0.0
public-case57-0726,case57,22261527,57,42,1304.4360494725204,True,0.710847642797172,1.7394164225377275,,ACCEPT,,REJECT_INCONSISTENT,identity_equivalence_unproven,0.0
public-case57-0727,case57,22261528,57,42,1311.2116517784532,True,0.7073468704760273,1.8313573124879796,,ACCEPT,,REJECT_INCONSISTENT,identity_equivalence_unproven,0.0
public-case57-0728,case57,22261529,57,42,1174.0386202127202,True,0.7246777925134451,1.8169778176257063,,ACCEPT,,REJECT_INCONSISTENT,identity_equivalence_unproven,0.0
public-case57-0729,case57,22261530,57,42,1280.6940277199199,True,0.7115110537265352,1.9011803194082366,,ACCEPT,,REJECT_INCONSISTENT,identity_equivalence_unproven,0.0
public-case57-0730,case57,22261531,57,42,1163.2951132298215,True,0.7193090265416704,1.9332517641152858,,ACCEPT,,REJECT_INCONSISTENT,identity_equivalence_unproven,0.0
public-case57-0731,case57,22261532,57,42,1304.5823844349256,True,0.7136053763031097,1.9191605120245026,,ACCEPT,,REJECT_INCONSISTENT,identity_equivalence_unproven,0.0
public-case57-0732,case57,22261533,57,42,1213.0854255632178,True,0.7028273356953666,1.6254352069005182,,ACCEPT,,REJECT_INCONSISTENT,identity_equivalence_unproven,0.0
public-case57-0733,case57,22261534,57,42,1212.6997769062389,True,0.7093995898386785,1.8544049673227851,,ACCEPT,,REJECT_INCONSISTENT,identity_equivalence_unproven,0.0
public-case57-0734,case57,22261535,57,42,1317.985699811469,True,0.7100830213331396,1.948700344719318,,ACCEPT,,REJECT_INCONSISTENT,identity_equivalence_unproven,0.0
public-case57-0735,case57,22261536,57,42,1221.9937240402112,True,0.6999373765181779,1.789024202684636,,ACCEPT,,REJECT_INCONSISTENT,identity_equivalence_unproven,0.0
public-case57-0736,case57,22261537,57,42,1273.8554513146264,True,0.7126107242775754,1.7015657011137129,,ACCEPT,,REJECT_INCONSISTENT,identity_equivalence_unproven,0.0
public-case57-0737,case57,22261538,57,42,1148.520584363115,True,0.7269309155311907,1.8731998641129484,,ACCEPT,,REJECT_INCONSISTENT,identity_equivalence_unproven,0.0
public-case57-0738,case57,22261539,57,42,1201.5754607697218,True,0.7423693438283806,1.6800487373018855,,ACCEPT,,REJECT_INCONSISTENT,identity_equivalence_unproven,0.0
public-case57-0739,case57,22261540,57,42,1247.3118012579623,True,0.7095854108727886,1.5855292612875753,,ACCEPT,,REJECT_INCONSISTENT,identity_equivalence_unproven,0.0
public-case57-0740,case57,22261541,57,42,1287.9025643884881,True,0.6971179440356715,1.8475857107275764,,ACCEPT,,REJECT_INCONSISTENT,identity_equivalence_unproven,0.0
public-case57-0741,case57,22261542,57,42,1281.5006752210486,True,0.7082520332041518,2.0036046939543173,,ACCEPT,,REJECT_INCONSISTENT,identity_equivalence_unproven,0.0
public-case57-0742,case57,22261543,57,42,1315.2741439318688,True,0.7243850993642658,1.7308027271272879,,ACCEPT,,REJECT_INCONSISTENT,identity_equivalence_unproven,0.0
public-case57-0743,case57,22261544,57,42,1221.4232222655437,True,0.703204677837914,1.6399374124043256,,ACCEPT,,REJECT_INCONSISTENT,identity_equivalence_unproven,0.0
public-case57-0744,case57,22261545,57,42,1248.2483465021085,True,0.7262795477712469,1.6746642216579213,,ACCEPT,,REJECT_INCONSISTENT,identity_equivalence_unproven,0.0
public-case57-0745,case57,22261546,57,42,1254.9927671365842,True,0.7217837030927183,1.820383157461489,,ACCEPT,,REJECT_INCONSISTENT,identity_equivalence_unproven,0.0
public-case57-0746,case57,22261547,57,42,1269.9664218219546,True,0.7104665648791376,1.9324724340540351,,ACCEPT,,REJECT_INCONSISTENT,identity_equivalence_unproven,0.0
public-case57-0747,case57,22261548,57,42,1303.8985684003528,True,0.7459229826201449,2.0746698623197424,,ACCEPT,,REJECT_INCONSISTENT,identity_equivalence_unproven,0.0
public-case57-0748,case57,22261549,57,42,1255.036927868269,True,0.7070641484711625,1.6445273413798085,,ACCEPT,,REJECT_INCONSISTENT,identity_equivalence_unproven,0.0
public-case57-0749,case57,22261550,57,42,1320.3924377960282,True,0.7098218559496426,1.7448420873574333,,ACCEPT,,REJECT_INCONSISTENT,identity_equivalence_unproven,0.0
public-case57-0750,case57,22261551,57,42,1182.305632061942,True,0.7163945296817951,1.6721175070228678,,ACCEPT,,REJECT_INCONSISTENT,identity_equivalence_unproven,0.0
public-case57-0751,case57,22261552,57,42,1195.0260000717608,True,0.7140579285249807,1.5651868131966988,,ACCEPT,,REJECT_INCONSISTENT,identity_equivalence_unproven,0.0
public-case57-0752,case57,22261553,57,42,1234.1610175810617,True,0.7211245587925148,1.5769481795389833,,ACCEPT,,REJECT_INCONSISTENT,identity_equivalence_unproven,0.0
public-case57-0753,case57,22261554,57,42,1310.3425434914202,True,0.7008751938135432,2.0587210465470718,,ACCEPT,,REJECT_INCONSISTENT,identity_equivalence_unproven,0.0
public-case57-0754,case57,22261555,57,42,1303.444117577168,True,0.7171189946547065,1.8823326637790005,,ACCEPT,,REJECT_INCONSISTENT,identity_equivalence_unproven,0.0
public-case57-0755,case57,22261556,57,42,1252.6792601087657,True,0.7346127463093272,1.852245494290505,,ACCEPT,,REJECT_INCONSISTENT,identity_equivalence_unproven,0.0
public-case57-0756,case57,22261557,57,42,1290.3196008526527,True,0.7045006242343362,1.785206799568613,,ACCEPT,,REJECT_INCONSISTENT,identity_equivalence_unproven,0.0
public-case57-0757,case57,22261558,57,42,1285.7783366033304,True,0.7129042393901255,1.7327623616152994,,ACCEPT,,REJECT_INCONSISTENT,identity_equivalence_unproven,0.0
public-case57-0758,case57,22261559,57,42,1284.6085120393097,True,0.7322837360359494,1.690351819415442,,ACCEPT,,REJECT_INCONSISTENT,identity_equivalence_unproven,0.0
public-case57-0759,case57,22261560,57,42,1303.812935758101,True,0.7353488465506525,1.805492528831986,,ACCEPT,,REJECT_INCONSISTENT,identity_equivalence_unproven,0.0
public-case57-0760,case57,22261561,57,42,1166.807622652434,True,0.7097904627880686,1.9069111022409324,,ACCEPT,,REJECT_INCONSISTENT,identity_equivalence_unproven,0.0
public-case57-0761,case57,22261562,57,42,1335.0814795160534,True,0.7289204895291779,1.810017486566072,,ACCEPT,,REJECT_INCONSISTENT,identity_equivalence_unproven,0.0
public-case57-0762,case57,22261563,57,42,1220.9783246434056,True,0.7191264216203394,1.7688977797027847,,ACCEPT,,REJECT_INCONSISTENT,identity_equivalence_unproven,0.0
public-case57-0763,case57,22261564,57,42,1225.5345256844118,True,0.7087026424385562,1.91857915070948,,ACCEPT,,REJECT_INCONSISTENT,identity_equivalence_unproven,0.0
public-case57-0764,case57,22261565,57,42,1263.2871365926933,True,0.7148017844547827,1.7116573609111438,,ACCEPT,,REJECT_INCONSISTENT,identity_equivalence_unproven,0.0
public-case57-0765,case57,22261566,57,42,1355.1662789575666,True,0.7382547743610813,1.8345343869574604,,ACCEPT,,REJECT_INCONSISTENT,identity_equivalence_unproven,0.0
public-case57-0766,case57,22261567,57,42,1264.2214611271506,True,0.7094264620178358,1.6942197378943413,,ACCEPT,,REJECT_INCONSISTENT,identity_equivalence_unproven,0.0
public-case57-0767,case57,22261568,57,42,1230.3739258716926,True,0.711490650144938,1.8637068248530448,,ACCEPT,,REJECT_INCONSISTENT,identity_equivalence_unproven,0.0
public-case57-0768,case57,22261569,57,42,1308.0664600070768,True,0.7169593993569757,1.7512055571937382,,ACCEPT,,REJECT_INCONSISTENT,identity_equivalence_unproven,0.0
public-case57-0769,case57,22261570,57,42,1175.981359720414,True,0.7397108828847327,1.7884724414266653,,ACCEPT,,REJECT_INCONSISTENT,identity_equivalence_unproven,0.0
public-case57-0770,case57,22261571,57,42,1326.2229928779109,True,0.719106421151558,1.7711341542841597,,ACCEPT,,REJECT_INCONSISTENT,identity_equivalence_unproven,0.0
public-case57-0771,case57,22261572,57,42,1223.015339163648,True,0.7223927395555895,1.7513790505933702,,ACCEPT,,REJECT_INCONSISTENT,identity_equivalence_unproven,0.0
public-case57-0772,case57,22261573,57,42,1252.8389418727672,True,0.7062636140004525,1.6995802564001665,,ACCEPT,,REJECT_INCONSISTENT,identity_equivalence_unproven,0.0
public-case57-0773,case57,22261574,57,42,1210.1640519733285,True,0.6998252461999711,1.8339792181341155,,ACCEPT,,REJECT_INCONSISTENT,identity_equivalence_unproven,0.0
public-case57-0774,case57,22261575,57,42,1241.8985878197443,True,0.6899852591260212,1.5515494108302634,,ACCEPT,,REJECT_INCONSISTENT,identity_equivalence_unproven,0.0
public-case57-0775,case57,22261576,57,42,1268.760861953303,True,0.731229420156366,1.625651761726133,,ACCEPT,,REJECT_INCONSISTENT,identity_equivalence_unproven,0.0
public-case57-0776,case57,22261577,57,42,1181.5800529698074,True,0.7229659637666823,1.7511568035608573,,ACCEPT,,REJECT_INCONSISTENT,identity_equivalence_unproven,0.0
public-case57-0777,case57,22261578,57,42,1209.0552219723224,True,0.7348258012832339,1.8603980814733512,,ACCEPT,,REJECT_INCONSISTENT,identity_equivalence_unproven,0.0
public-case57-0778,case57,22261579,57,42,1321.3765706487604,True,0.7354977084605138,1.7529055656625425,,ACCEPT,,REJECT_INCONSISTENT,identity_equivalence_unproven,0.0
public-case57-0779,case57,22261580,57,42,1339.2782893641154,True,0.7350574564727066,1.7983270743210293,,ACCEPT,,REJECT_INCONSISTENT,identity_equivalence_unproven,0.0
public-case57-0780,case57,22261581,57,42,1176.6064808166639,True,0.6930338745326285,1.7866455350700732,,ACCEPT,,REJECT_INCONSISTENT,identity_equivalence_unproven,0.0
public-case57-0781,case57,22261582,57,42,1215.6980375937435,True,0.7189626487378454,2.001290096770624,,ACCEPT,,REJECT_INCONSISTENT,identity_equivalence_unproven,0.0
public-case57-0782,case57,22261583,57,42,1143.028236126255,True,0.7390033505082378,1.7197808697276864,,ACCEPT,,REJECT_INCONSISTENT,identity_equivalence_unproven,0.0
public-case57-0783,case57,22261584,57,42,1197.9838310566388,True,0.7298211023301355,1.701988594879186,,ACCEPT,,REJECT_INCONSISTENT,identity_equivalence_unproven,0.0
public-case57-0784,case57,22261585,57,42,1270.9542046423176,True,0.7137339986791743,1.6750872551683498,,ACCEPT,,REJECT_INCONSISTENT,identity_equivalence_unproven,0.0
public-case57-0785,case57,22261586,57,42,1336.2331582080953,True,0.7003309547488941,1.798890280418619,,ACCEPT,,REJECT_INCONSISTENT,identity_equivalence_unproven,0.0
public-case57-0786,case57,22261587,57,42,1246.434647702827,True,0.7251199530523136,1.7267604575376472,,ACCEPT,,REJECT_INCONSISTENT,identity_equivalence_unproven,0.0
public-case57-0787,case57,22261588,57,42,1217.0620413772117,True,0.7303103783769594,1.6387965046140218,,ACCEPT,,REJECT_INCONSISTENT,identity_equivalence_unproven,0.0
public-case57-0788,case57,22261589,57,42,1210.249334372333,True,0.7151454258536903,1.8360906751138346,,ACCEPT,,REJECT_INCONSISTENT,identity_equivalence_unproven,0.0
public-case57-0789,case57,22261590,57,42,1310.3143804088384,True,0.7133417849284583,1.7137434108514025,,ACCEPT,,REJECT_INCONSISTENT,identity_equivalence_unproven,0.0
public-case57-0790,case57,22261591,57,42,1251.2701492318038,True,0.7177273461370812,1.7633437822795486,,ACCEPT,,REJECT_INCONSISTENT,identity_equivalence_unproven,0.0
public-case57-0791,case57,22261592,57,42,1258.5001875649284,True,0.7056166863743528,1.7038735150909927,,ACCEPT,,REJECT_INCONSISTENT,identity_equivalence_unproven,0.0
public-case57-0792,case57,22261593,57,42,1322.5436298874226,True,0.720755491081894,1.7519966929670352,,ACCEPT,,REJECT_INCONSISTENT,identity_equivalence_unproven,0.0
public-case57-0793,case57,22261594,57,42,1221.4734274821687,True,0.7231905552334995,1.675267086806005,,ACCEPT,,REJECT_INCONSISTENT,identity_equivalence_unproven,0.0
public-case57-0794,case57,22261595,57,42,1193.3536141533589,True,0.7197695369282965,1.836784227447905,,ACCEPT,,REJECT_INCONSISTENT,identity_equivalence_unproven,0.0
public-case57-0795,case57,22261596,57,42,1282.488171579884,True,0.7101102001757161,1.7387100959118256,,ACCEPT,,REJECT_INCONSISTENT,identity_equivalence_unproven,0.0
public-case57-0796,case57,22261597,57,42,1203.4938948927077,True,0.7263089563850317,1.5734806863298187,,ACCEPT,,REJECT_INCONSISTENT,identity_equivalence_unproven,0.0
public-case57-0797,case57,22261598,57,42,1273.045443399745,True,0.6963397394252514,1.7980093491455664,,ACCEPT,,REJECT_INCONSISTENT,identity_equivalence_unproven,0.0
public-case57-0798,case57,22261599,57,42,1304.243208743112,True,0.7135141161719212,1.7491411224089375,,ACCEPT,,REJECT_INCONSISTENT,identity_equivalence_unproven,0.0
public-case57-0799,case57,22261600,57,42,1186.3169916382014,True,0.7087657115078048,1.7563200863036599,,ACCEPT,,REJECT_INCONSISTENT,identity_equivalence_unproven,0.0
public-case57-0800,case57,22261601,57,42,1120.226694222535,True,0.7336506821550183,1.7623345174599274,,ACCEPT,,REJECT_INCONSISTENT,identity_equivalence_unproven,0.0
public-case57-0801,case57,22261602,57,42,1234.335082143933,True,0.7236005625454529,1.825011896816115,,ACCEPT,,REJECT_INCONSISTENT,identity_equivalence_unproven,0.0
public-case57-0802,case57,22261603,57,42,1304.4868765851113,True,0.7349886175653695,2.1058347259088044,,ACCEPT,,REJECT_INCONSISTENT,identity_equivalence_unproven,0.0
public-case57-0803,case57,22261604,57,42,1265.0563191661702,True,0.7040904785508604,1.7262818029922442,,ACCEPT,,REJECT_INCONSISTENT,identity_equivalence_unproven,0.0
public-case57-0804,case57,22261605,57,42,1224.0625565648397,True,0.702383433902397,1.6332548743062316,,ACCEPT,,REJECT_INCONSISTENT,identity_equivalence_unproven,0.0
public-case57-0805,case57,22261606,57,42,1361.9552658935,True,0.7131259285173728,1.9430839805364486,,ACCEPT,,REJECT_INCONSISTENT,identity_equivalence_unproven,0.0
public-case57-0806,case57,22261607,57,42,1234.2730677775069,True,0.7289498032937466,1.8951106024441315,,ACCEPT,,REJECT_INCONSISTENT,identity_equivalence_unproven,0.0
public-case57-0807,case57,22261608,57,42,1257.7414537121615,True,0.7297687258402811,1.6087901493936085,,ACCEPT,,REJECT_INCONSISTENT,identity_equivalence_unproven,0.0
public-case57-0808,case57,22261609,57,42,1288.051672978901,True,0.7518536204518274,1.8289147428115111,,ACCEPT,,REJECT_INCONSISTENT,identity_equivalence_unproven,0.0
public-case57-0809,case57,22261610,57,42,1265.714565409118,True,0.733893391860368,1.84161241816913,,ACCEPT,,REJECT_INCONSISTENT,identity_equivalence_unproven,0.0
public-case57-0810,case57,22261611,57,42,1229.6378971743504,True,0.7291455030606717,1.543982957204427,,ACCEPT,,REJECT_INCONSISTENT,identity_equivalence_unproven,0.0
public-case57-0811,case57,22261612,57,42,1217.243310017112,True,0.7009062887344462,1.7068759907020135,,ACCEPT,,REJECT_INCONSISTENT,identity_equivalence_unproven,0.0
public-case57-0812,case57,22261613,57,42,1299.9800254128972,True,0.7234435570588471,1.714271154032361,,ACCEPT,,REJECT_INCONSISTENT,identity_equivalence_unproven,0.0
public-case57-0813,case57,22261614,57,42,1200.0344345061592,True,0.7190650028102051,1.751222670229231,,ACCEPT,,REJECT_INCONSISTENT,identity_equivalence_unproven,0.0
public-case57-0814,case57,22261615,57,42,1138.702392634872,True,0.7009166204637385,1.7331532871411375,,ACCEPT,,REJECT_INCONSISTENT,identity_equivalence_unproven,0.0
public-case57-0815,case57,22261616,57,42,1281.289601846016,True,0.7424045512910885,2.021419630357925,,ACCEPT,,REJECT_INCONSISTENT,identity_equivalence_unproven,0.0
public-case57-0816,case57,22261617,57,42,1248.9070342606724,True,0.6980892679248373,1.91584497648732,,ACCEPT,,REJECT_INCONSISTENT,identity_equivalence_unproven,0.0
public-case57-0817,case57,22261618,57,42,1258.807602403948,True,0.7458809519886366,1.9080961034317483,,ACCEPT,,REJECT_INCONSISTENT,identity_equivalence_unproven,0.0
public-case57-0818,case57,22261619,57,42,1302.0996752086244,True,0.7078631879202455,1.7924902653697217,,ACCEPT,,REJECT_INCONSISTENT,identity_equivalence_unproven,0.0
public-case57-0819,case57,22261620,57,42,1202.0098287889753,True,0.7210750805839161,1.8663184073332502,,ACCEPT,,REJECT_INCONSISTENT,identity_equivalence_unproven,0.0
public-case57-0820,case57,22261621,57,42,1221.9970129413744,True,0.6923245649961489,1.769559226515686,,ACCEPT,,REJECT_INCONSISTENT,identity_equivalence_unproven,0.0
public-case57-0821,case57,22261622,57,42,1162.2357859199628,True,0.7084102428952525,1.9811161108302489,,ACCEPT,,REJECT_INCONSISTENT,identity_equivalence_unproven,0.0
public-case57-0822,case57,22261623,57,42,1272.3010950660532,True,0.708148082194992,1.9076560810494858,,ACCEPT,,REJECT_INCONSISTENT,identity_equivalence_unproven,0.0
public-case57-0823,case57,22261624,57,42,1211.7707320555046,True,0.7106737594958527,1.890560824489826,,ACCEPT,,REJECT_INCONSISTENT,identity_equivalence_unproven,0.0
public-case57-0824,case57,22261625,57,42,1181.4943615561758,True,0.7187021536575082,1.794768594738318,,ACCEPT,,REJECT_INCONSISTENT,identity_equivalence_unproven,0.0
public-case57-0825,case57,22261626,57,42,1316.6619031862629,True,0.7300772702848004,1.7698993570827775,,ACCEPT,,REJECT_INCONSISTENT,identity_equivalence_unproven,0.0
public-case57-0826,case57,22261627,57,42,1270.3739908300988,True,0.7196879352230184,1.8870077009612383,,ACCEPT,,REJECT_INCONSISTENT,identity_equivalence_unproven,0.0
public-case57-0827,case57,22261628,57,42,1349.376809488053,True,0.7299885337823309,1.841488326968662,,ACCEPT,,REJECT_INCONSISTENT,identity_equivalence_unproven,0.0
public-case57-0828,case57,22261629,57,42,1256.0955429431392,True,0.7178063737307874,1.8192254107705488,,ACCEPT,,REJECT_INCONSISTENT,identity_equivalence_unproven,0.0
public-case57-0829,case57,22261630,57,42,1203.4590618753548,True,0.7435244993680644,1.8328902812607992,,ACCEPT,,REJECT_INCONSISTENT,identity_equivalence_unproven,0.0
public-case57-0830,case57,22261631,57,42,1220.0858117620808,True,0.7343760603032509,1.8956757650295284,,ACCEPT,,REJECT_INCONSISTENT,identity_equivalence_unproven,0.0
public-case57-0831,case57,22261632,57,42,1156.6066899999914,True,0.7319201737367393,1.7573438381021762,,ACCEPT,,REJECT_INCONSISTENT,identity_equivalence_unproven,0.0
public-case57-0832,case57,22261633,57,42,1194.1532089879136,True,0.7127760051604539,1.968669941387546,,ACCEPT,,REJECT_INCONSISTENT,identity_equivalence_unproven,0.0
public-case57-0833,case57,22261634,57,42,1310.7178896435437,True,0.7189598898205322,1.7270909116851942,,ACCEPT,,REJECT_INCONSISTENT,identity_equivalence_unproven,0.0
public-case57-0834,case57,22261635,57,42,1315.3839980577773,True,0.6983426339430621,1.9469599454026494,,ACCEPT,,REJECT_INCONSISTENT,identity_equivalence_unproven,0.0
public-case57-0835,case57,22261636,57,42,1229.4501950338886,True,0.7333136883258544,1.6339249009915593,,ACCEPT,,REJECT_INCONSISTENT,identity_equivalence_unproven,0.0
public-case57-0836,case57,22261637,57,42,1196.728208498776,True,0.7217143724187888,1.8335774413920722,,ACCEPT,,REJECT_INCONSISTENT,identity_equivalence_unproven,0.0
public-case57-0837,case57,22261638,57,42,1228.483961915646,True,0.7158781023254539,1.618830041971295,,ACCEPT,,REJECT_INCONSISTENT,identity_equivalence_unproven,0.0
public-case57-0838,case57,22261639,57,42,1189.9565382555902,True,0.7363220716920217,1.7281859341816703,,ACCEPT,,REJECT_INCONSISTENT,identity_equivalence_unproven,0.0
public-case57-0839,case57,22261640,57,42,1311.02450279318,True,0.7064952897844148,1.7846492654426807,,ACCEPT,,REJECT_INCONSISTENT,identity_equivalence_unproven,0.0
public-case57-0840,case57,22261641,57,42,1306.5832905613554,True,0.713566117388723,1.7381240407080552,,ACCEPT,,REJECT_INCONSISTENT,identity_equivalence_unproven,0.0
public-case57-0841,case57,22261642,57,42,1320.0106132715543,True,0.7277936751939668,1.8224329052008041,,ACCEPT,,REJECT_INCONSISTENT,identity_equivalence_unproven,0.0
public-case57-0842,case57,22261643,57,42,1183.912113722515,True,0.7253840331280412,1.5921526185944204,,ACCEPT,,REJECT_INCONSISTENT,identity_equivalence_unproven,0.0
public-case57-0843,case57,22261644,57,42,1253.4362020768465,True,0.7165248343553441,1.690371278027795,,ACCEPT,,REJECT_INCONSISTENT,identity_equivalence_unproven,0.0
public-case57-0844,case57,22261645,57,42,1238.3443231315123,True,0.7040396383410417,1.6554832076794577,,ACCEPT,,REJECT_INCONSISTENT,identity_equivalence_unproven,0.0
public-case57-0845,case57,22261646,57,42,1218.037637673499,True,0.7313707924748044,1.9992510538166757,,ACCEPT,,REJECT_INCONSISTENT,identity_equivalence_unproven,0.0
public-case57-0846,case57,22261647,57,42,1313.6819029199364,True,0.727579883305098,1.7264966988832768,,ACCEPT,,REJECT_INCONSISTENT,identity_equivalence_unproven,0.0
public-case57-0847,case57,22261648,57,42,1231.8529538793516,True,0.7276362186062452,1.9435609404972347,,ACCEPT,,REJECT_INCONSISTENT,identity_equivalence_unproven,0.0
public-case57-0848,case57,22261649,57,42,1259.522285390838,True,0.736830248918105,1.5680156776138234,,ACCEPT,,REJECT_INCONSISTENT,identity_equivalence_unproven,0.0
public-case57-0849,case57,22261650,57,42,1267.7545655113804,True,0.7346810105392363,1.564342430178663,,ACCEPT,,REJECT_INCONSISTENT,identity_equivalence_unproven,0.0
public-case57-0850,case57,22261651,57,42,1170.4390868318503,True,0.7353455374675194,1.8861353832918426,,ACCEPT,,REJECT_INCONSISTENT,identity_equivalence_unproven,0.0
public-case57-0851,case57,22261652,57,42,1222.5831242814572,True,0.7435506384362934,1.655377229457266,,ACCEPT,,REJECT_INCONSISTENT,identity_equivalence_unproven,0.0
public-case57-0852,case57,22261653,57,42,1204.2517426508823,True,0.7263098068017422,1.5524855388613836,,ACCEPT,,REJECT_INCONSISTENT,identity_equivalence_unproven,0.0
public-case57-0853,case57,22261654,57,42,1309.2006128847875,True,0.7202751506095331,1.7781825368294801,,ACCEPT,,REJECT_INCONSISTENT,identity_equivalence_unproven,0.0
public-case57-0854,case57,22261655,57,42,1317.6054340631783,True,0.7059790586494266,2.0269729218277623,,ACCEPT,,REJECT_INCONSISTENT,identity_equivalence_unproven,0.0
public-case57-0855,case57,22261656,57,42,1274.913672529973,True,0.7230342887758303,1.6845303460534071,,ACCEPT,,REJECT_INCONSISTENT,identity_equivalence_unproven,0.0
public-case57-0856,case57,22261657,57,42,1334.1160879300987,True,0.7111990480851328,1.8403030818934574,,ACCEPT,,REJECT_INCONSISTENT,identity_equivalence_unproven,0.0
public-case57-0857,case57,22261658,57,42,1255.327292257518,True,0.7230358555916299,1.9735695630625834,,ACCEPT,,REJECT_INCONSISTENT,identity_equivalence_unproven,0.0
public-case57-0858,case57,22261659,57,42,1191.9321852144328,True,0.727788752095981,1.6721291586044709,,ACCEPT,,REJECT_INCONSISTENT,identity_equivalence_unproven,0.0
public-case57-0859,case57,22261660,57,42,1255.950806348404,True,0.7195968700729805,1.8217136131708216,,ACCEPT,,REJECT_INCONSISTENT,identity_equivalence_unproven,0.0
public-case57-0860,case57,22261661,57,42,1234.9384659606558,True,0.7424877966323672,1.6492647205287216,,ACCEPT,,REJECT_INCONSISTENT,identity_equivalence_unproven,0.0
public-case57-0861,case57,22261662,57,42,1276.559516740668,True,0.7149169006176502,1.7229777265185715,,ACCEPT,,REJECT_INCONSISTENT,identity_equivalence_unproven,0.0
public-case57-0862,case57,22261663,57,42,1254.159528204255,True,0.709752122300545,1.621051670683981,,ACCEPT,,REJECT_INCONSISTENT,identity_equivalence_unproven,0.0
public-case57-0863,case57,22261664,57,42,1303.9799957114983,True,0.7224580824190887,1.740941541661371,,ACCEPT,,REJECT_INCONSISTENT,identity_equivalence_unproven,0.0
public-case57-0864,case57,22261665,57,42,1312.1233626377968,True,0.7088211035174026,1.7272051792751122,,ACCEPT,,REJECT_INCONSISTENT,identity_equivalence_unproven,0.0
public-case57-0865,case57,22261666,57,42,1290.9751998072484,True,0.7352514187619442,1.7716403220171293,,ACCEPT,,REJECT_INCONSISTENT,identity_equivalence_unproven,0.0
public-case57-0866,case57,22261667,57,42,1354.7532651787158,True,0.7090385802248705,1.8238765654956832,,ACCEPT,,REJECT_INCONSISTENT,identity_equivalence_unproven,0.0
public-case57-0867,case57,22261668,57,42,1333.5034025113123,True,0.7196658565877155,1.819342028825421,,ACCEPT,,REJECT_INCONSISTENT,identity_equivalence_unproven,0.0
public-case57-0868,case57,22261669,57,42,1278.560727357535,True,0.7085241249006562,2.0282376538907694,,ACCEPT,,REJECT_INCONSISTENT,identity_equivalence_unproven,0.0
public-case57-0869,case57,22261670,57,42,1158.139400843154,True,0.7138639696190525,1.817596388886188,,ACCEPT,,REJECT_INCONSISTENT,identity_equivalence_unproven,0.0
public-case57-0870,case57,22261671,57,42,1208.0484136789325,True,0.7097368373188453,1.8910336676719879,,ACCEPT,,REJECT_INCONSISTENT,identity_equivalence_unproven,0.0
public-case57-0871,case57,22261672,57,42,1338.8148312949218,True,0.7024423125218884,1.8001063044354644,,ACCEPT,,REJECT_INCONSISTENT,identity_equivalence_unproven,0.0
public-case57-0872,case57,22261673,57,42,1350.1577209798618,True,0.7262883932802159,1.8112312330703244,,ACCEPT,,REJECT_INCONSISTENT,identity_equivalence_unproven,0.0
public-case57-0873,case57,22261674,57,42,1277.0613311766313,True,0.7060370639087217,1.834160677145422,,ACCEPT,,REJECT_INCONSISTENT,identity_equivalence_unproven,0.0
public-case57-0874,case57,22261675,57,42,1230.8485578878358,True,0.7053206206955294,1.7484504823642506,,ACCEPT,,REJECT_INCONSISTENT,identity_equivalence_unproven,0.0
public-case57-0875,case57,22261676,57,42,1327.5795091194377,True,0.7233228400289031,1.834387640532293,,ACCEPT,,REJECT_INCONSISTENT,identity_equivalence_unproven,0.0
public-case57-0876,case57,22261677,57,42,1255.0647000291622,True,0.7128519158978435,1.6973960431336772,,ACCEPT,,REJECT_INCONSISTENT,identity_equivalence_unproven,0.0
public-case57-0877,case57,22261678,57,42,1321.7486047571,True,0.6967878875369266,1.7866216280189005,,ACCEPT,,REJECT_INCONSISTENT,identity_equivalence_unproven,0.0
public-case57-0878,case57,22261679,57,42,1266.4203711360076,True,0.7204576201623826,1.7406000578372653,,ACCEPT,,REJECT_INCONSISTENT,identity_equivalence_unproven,0.0
public-case57-0879,case57,22261680,57,42,1330.6675982619333,True,0.7175640925488959,1.8515849179680786,,ACCEPT,,REJECT_INCONSISTENT,identity_equivalence_unproven,0.0
public-case57-0880,case57,22261681,57,42,1317.6334164973132,True,0.729363950681775,1.784524410864288,,ACCEPT,,REJECT_INCONSISTENT,identity_equivalence_unproven,0.0
public-case57-0881,case57,22261682,57,42,1203.1565934121775,True,0.7277657153388305,1.7606416881432903,,ACCEPT,,REJECT_INCONSISTENT,identity_equivalence_unproven,0.0
public-case57-0882,case57,22261683,57,42,1317.276404041871,True,0.7277288561238033,1.9790889909327105,,ACCEPT,,REJECT_INCONSISTENT,identity_equivalence_unproven,0.0
public-case57-0883,case57,22261684,57,42,1235.9281119950974,True,0.7182630821455424,1.936615199480142,,ACCEPT,,REJECT_INCONSISTENT,identity_equivalence_unproven,0.0
public-case57-0884,case57,22261685,57,42,1241.0590116581936,True,0.7127679908336916,1.8383035340301477,,ACCEPT,,REJECT_INCONSISTENT,identity_equivalence_unproven,0.0
public-case57-0885,case57,22261686,57,42,1332.487402670964,True,0.7305032358647384,1.7659192668419617,,ACCEPT,,REJECT_INCONSISTENT,identity_equivalence_unproven,0.0
public-case57-0886,case57,22261687,57,42,1205.9673305170438,True,0.7184520653055605,1.7896313825458896,,ACCEPT,,REJECT_INCONSISTENT,identity_equivalence_unproven,0.0
public-case57-0887,case57,22261688,57,42,1253.302828423551,True,0.7141954707343727,1.8141871023650475,,ACCEPT,,REJECT_INCONSISTENT,identity_equivalence_unproven,0.0
public-case57-0888,case57,22261689,57,42,1255.7252285552088,True,0.7137375872390321,1.8926121084202403,,ACCEPT,,REJECT_INCONSISTENT,identity_equivalence_unproven,0.0
public-case57-0889,case57,22261690,57,42,1244.8681502567176,True,0.7280095153886951,1.827772605255425,,ACCEPT,,REJECT_INCONSISTENT,identity_equivalence_unproven,0.0
public-case57-0890,case57,22261691,57,42,1354.2523733703256,True,0.7191402234181047,1.8888769861937296,,ACCEPT,,REJECT_INCONSISTENT,identity_equivalence_unproven,0.0
public-case57-0891,case57,22261692,57,42,1207.9432273553502,True,0.7091922457186635,1.6189457002366066,,ACCEPT,,REJECT_INCONSISTENT,identity_equivalence_unproven,0.0
public-case57-0892,case57,22261693,57,42,1250.0619195875106,True,0.7313872189892923,1.8131850045056759,,ACCEPT,,REJECT_INCONSISTENT,identity_equivalence_unproven,0.0
public-case57-0893,case57,22261694,57,42,1236.2590595305778,True,0.7349881947247179,1.7349804226185737,,ACCEPT,,REJECT_INCONSISTENT,identity_equivalence_unproven,0.0
public-case57-0894,case57,22261695,57,42,1275.751205368393,True,0.7467057509711477,1.8770851660245464,,ACCEPT,,REJECT_INCONSISTENT,identity_equivalence_unproven,0.0
public-case57-0895,case57,22261696,57,42,1329.2031693810948,True,0.7019668661457391,1.88493711311764,,ACCEPT,,REJECT_INCONSISTENT,identity_equivalence_unproven,0.0
public-case57-0896,case57,22261697,57,42,1193.7774651243085,True,0.7197883899484815,1.8929288558984465,,ACCEPT,,REJECT_INCONSISTENT,identity_equivalence_unproven,0.0
public-case57-0897,case57,22261698,57,42,1145.3319872320214,True,0.72343559539601,1.931300347717495,,ACCEPT,,REJECT_INCONSISTENT,identity_equivalence_unproven,0.0
public-case57-0898,case57,22261699,57,42,1133.1371603745813,True,0.7092459543157954,1.8517881542021295,,ACCEPT,,REJECT_INCONSISTENT,identity_equivalence_unproven,0.0
public-case57-0899,case57,22261700,57,42,1292.1380305066687,True,0.7129552156257938,2.019839545867805,,ACCEPT,,REJECT_INCONSISTENT,identity_equivalence_unproven,0.0
public-case57-0900,case57,22261701,57,42,1218.7412492440167,True,0.7328690603792656,1.747565185879758,,ACCEPT,,REJECT_INCONSISTENT,identity_equivalence_unproven,0.0
public-case57-0901,case57,22261702,57,42,1185.6636726154015,True,0.7214321113239861,1.7581018725904267,,ACCEPT,,REJECT_INCONSISTENT,identity_equivalence_unproven,0.0
public-case57-0902,case57,22261703,57,42,1204.992033666024,True,0.7148743022827754,1.9635293283793525,,ACCEPT,,REJECT_INCONSISTENT,identity_equivalence_unproven,0.0
public-case57-0903,case57,22261704,57,42,1311.8097614272147,True,0.716262390384174,1.7505551342579406,,ACCEPT,,REJECT_INCONSISTENT,identity_equivalence_unproven,0.0
public-case57-0904,case57,22261705,57,42,1345.9809377866072,True,0.7111058673900421,1.8723830194648818,,ACCEPT,,REJECT_INCONSISTENT,identity_equivalence_unproven,0.0
public-case57-0905,case57,22261706,57,42,1211.1431817217176,True,0.7525286782204358,1.9159519824077604,,ACCEPT,,REJECT_INCONSISTENT,identity_equivalence_unproven,0.0
public-case57-0906,case57,22261707,57,42,1184.977746912634,True,0.7020243353596134,1.8187061442147694,,ACCEPT,,REJECT_INCONSISTENT,identity_equivalence_unproven,0.0
public-case57-0907,case57,22261708,57,42,1246.6560668883515,True,0.7085608772712351,1.7214549810320074,,ACCEPT,,REJECT_INCONSISTENT,identity_equivalence_unproven,0.0
public-case57-0908,case57,22261709,57,42,1294.1254340575506,True,0.7078392921307096,1.7666013704032046,,ACCEPT,,REJECT_INCONSISTENT,identity_equivalence_unproven,0.0
public-case57-0909,case57,22261710,57,42,1292.9313016699382,True,0.7098082077800039,1.731649698763114,,ACCEPT,,REJECT_INCONSISTENT,identity_equivalence_unproven,0.0
public-case57-0910,case57,22261711,57,42,1288.0187228193508,True,0.7136535518740507,1.7884159739288714,,ACCEPT,,REJECT_INCONSISTENT,identity_equivalence_unproven,0.0
public-case57-0911,case57,22261712,57,42,1175.2756666570222,True,0.7302652963067264,1.6228437548092822,,ACCEPT,,REJECT_INCONSISTENT,identity_equivalence_unproven,0.0
public-case57-0912,case57,22261713,57,42,1250.7875269871981,True,0.7414811176867963,1.9752637468108052,,ACCEPT,,REJECT_INCONSISTENT,identity_equivalence_unproven,0.0
public-case57-0913,case57,22261714,57,42,1232.1507676511628,True,0.722556210079854,1.8552499415401387,,ACCEPT,,REJECT_INCONSISTENT,identity_equivalence_unproven,0.0
public-case57-0914,case57,22261715,57,42,1252.405929996959,True,0.7184449199045633,1.6863372991105492,,ACCEPT,,REJECT_INCONSISTENT,identity_equivalence_unproven,0.0
public-case57-0915,case57,22261716,57,42,1178.5211054988717,True,0.7064521506168818,1.7958532988128002,,ACCEPT,,REJECT_INCONSISTENT,identity_equivalence_unproven,0.0
public-case57-0916,case57,22261717,57,42,1205.6390302834345,True,0.7292736104227502,1.565992311303778,,ACCEPT,,REJECT_INCONSISTENT,identity_equivalence_unproven,0.0
public-case57-0917,case57,22261718,57,42,1158.0887407763169,True,0.7344023468901486,1.912195744311529,,ACCEPT,,REJECT_INCONSISTENT,identity_equivalence_unproven,0.0
public-case57-0918,case57,22261719,57,42,1235.9198478627668,True,0.7136542952325915,1.8268079231082768,,ACCEPT,,REJECT_INCONSISTENT,identity_equivalence_unproven,0.0
public-case57-0919,case57,22261720,57,42,1214.8606510380685,True,0.6943791036165446,1.523960472691167,,ACCEPT,,REJECT_INCONSISTENT,identity_equivalence_unproven,0.0
public-case57-0920,case57,22261721,57,42,1299.1325797445893,True,0.7281090077695842,1.9162865842787837,,ACCEPT,,REJECT_INCONSISTENT,identity_equivalence_unproven,0.0
public-case57-0921,case57,22261722,57,42,1337.677902525668,True,0.7153128604726714,1.808034130508666,,ACCEPT,,REJECT_INCONSISTENT,identity_equivalence_unproven,0.0
public-case57-0922,case57,22261723,57,42,1287.2664900654277,True,0.7251070235861964,1.8581621255817304,,ACCEPT,,REJECT_INCONSISTENT,identity_equivalence_unproven,0.0
public-case57-0923,case57,22261724,57,42,1176.6779969975596,True,0.7012618701998722,1.8741826054092259,,ACCEPT,,REJECT_INCONSISTENT,identity_equivalence_unproven,0.0
public-case57-0924,case57,22261725,57,42,1205.8477323784932,True,0.717744242957859,1.981050003264595,,ACCEPT,,REJECT_INCONSISTENT,identity_equivalence_unproven,0.0
public-case57-0925,case57,22261726,57,42,1160.0370940938524,True,0.7102235056949663,1.8616478703307362,,ACCEPT,,REJECT_INCONSISTENT,identity_equivalence_unproven,0.0
public-case57-0926,case57,22261727,57,42,1217.6607779414549,True,0.7409659786087129,1.792757195909138,,ACCEPT,,REJECT_INCONSISTENT,identity_equivalence_unproven,0.0
public-case57-0927,case57,22261728,57,42,1186.3184542639221,True,0.7425877779564433,1.7849146956007897,,ACCEPT,,REJECT_INCONSISTENT,identity_equivalence_unproven,0.0
public-case57-0928,case57,22261729,57,42,1251.610515642468,True,0.7346877019501625,1.602276146311878,,ACCEPT,,REJECT_INCONSISTENT,identity_equivalence_unproven,0.0
public-case57-0929,case57,22261730,57,42,1287.568085983761,True,0.713802811309867,1.6992674525127396,,ACCEPT,,REJECT_INCONSISTENT,identity_equivalence_unproven,0.0
public-case57-0930,case57,22261731,57,42,1270.9089818870884,True,0.7028598974770104,1.8001436886686768,,ACCEPT,,REJECT_INCONSISTENT,identity_equivalence_unproven,0.0
public-case57-0931,case57,22261732,57,42,1262.3276015199076,True,0.710805828791022,1.7563382725827397,,ACCEPT,,REJECT_INCONSISTENT,identity_equivalence_unproven,0.0
public-case57-0932,case57,22261733,57,42,1235.970375817719,True,0.7393315668186952,1.9762706600208384,,ACCEPT,,REJECT_INCONSISTENT,identity_equivalence_unproven,0.0
public-case57-0933,case57,22261734,57,42,1256.8711149823794,True,0.7290866770930782,1.8042725932612143,,ACCEPT,,REJECT_INCONSISTENT,identity_equivalence_unproven,0.0
public-case57-0934,case57,22261735,57,42,1237.5790054923693,True,0.720870018404512,1.5218791495239414,,ACCEPT,,REJECT_INCONSISTENT,identity_equivalence_unproven,0.0
public-case57-0935,case57,22261736,57,42,1317.9768071997953,True,0.7375251995821372,1.8237298106190343,,ACCEPT,,REJECT_INCONSISTENT,identity_equivalence_unproven,0.0
public-case57-0936,case57,22261737,57,42,1286.7724914361131,True,0.7154568896389928,1.9256596509179844,,ACCEPT,,REJECT_INCONSISTENT,identity_equivalence_unproven,0.0
public-case57-0937,case57,22261738,57,42,1184.3772030914424,True,0.6922930600803207,1.6436088558875281,,ACCEPT,,REJECT_INCONSISTENT,identity_equivalence_unproven,0.0
public-case57-0938,case57,22261739,57,42,1221.4905429775831,True,0.7062868185133101,1.6224711837313905,,ACCEPT,,REJECT_INCONSISTENT,identity_equivalence_unproven,0.0
public-case57-0939,case57,22261740,57,42,1217.4563520754396,True,0.7334057309649574,1.8337038307241476,,ACCEPT,,REJECT_INCONSISTENT,identity_equivalence_unproven,0.0
public-case57-0940,case57,22261741,57,42,1348.468667622524,True,0.7311370114610635,1.8346100540886263,,ACCEPT,,REJECT_INCONSISTENT,identity_equivalence_unproven,0.0
public-case57-0941,case57,22261742,57,42,1274.3201256987172,True,0.7075391137203156,1.655074380461669,,ACCEPT,,REJECT_INCONSISTENT,identity_equivalence_unproven,0.0
public-case57-0942,case57,22261743,57,42,1295.4005413673647,True,0.7198776052179177,1.7001553212084224,,ACCEPT,,REJECT_INCONSISTENT,identity_equivalence_unproven,0.0
public-case57-0943,case57,22261744,57,42,1265.9547829761411,True,0.7229662144807651,2.00521695241235,,ACCEPT,,REJECT_INCONSISTENT,identity_equivalence_unproven,0.0
public-case57-0944,case57,22261745,57,42,1272.407915288089,True,0.7165296306378602,1.878721733683084,,ACCEPT,,REJECT_INCONSISTENT,identity_equivalence_unproven,0.0
public-case57-0945,case57,22261746,57,42,1331.495741513901,True,0.7048003484516935,1.81019783730774,,ACCEPT,,REJECT_INCONSISTENT,identity_equivalence_unproven,0.0
public-case57-0946,case57,22261747,57,42,1328.007533498895,True,0.731146475718197,1.8640979242792348,,ACCEPT,,REJECT_INCONSISTENT,identity_equivalence_unproven,0.0
public-case57-0947,case57,22261748,57,42,1265.6230556121493,True,0.7392297234355317,1.9577419608346673,,ACCEPT,,REJECT_INCONSISTENT,identity_equivalence_unproven,0.0
public-case57-0948,case57,22261749,57,42,1193.6718299995111,True,0.7137935525802115,1.676506145608868,,ACCEPT,,REJECT_INCONSISTENT,identity_equivalence_unproven,0.0
public-case57-0949,case57,22261750,57,42,1252.2124479753736,True,0.6972933467803156,1.9264849141262819,,ACCEPT,,REJECT_INCONSISTENT,identity_equivalence_unproven,0.0
public-case57-0950,case57,22261751,57,42,1198.1348950522456,True,0.7335530185071322,1.9282838567805878,,ACCEPT,,REJECT_INCONSISTENT,identity_equivalence_unproven,0.0
public-case57-0951,case57,22261752,57,42,1275.5711975897168,True,0.713114863785931,1.6262892673427602,,ACCEPT,,REJECT_INCONSISTENT,identity_equivalence_unproven,0.0
public-case57-0952,case57,22261753,57,42,1164.9134993894872,True,0.7369965405472384,1.6133776797478054,,ACCEPT,,REJECT_INCONSISTENT,identity_equivalence_unproven,0.0
public-case57-0953,case57,22261754,57,42,1283.0266208561263,True,0.7123721906598331,1.7892643027754704,,ACCEPT,,REJECT_INCONSISTENT,identity_equivalence_unproven,0.0
public-case57-0954,case57,22261755,57,42,1240.2527353007204,True,0.7398482505864131,1.9573845042663862,,ACCEPT,,REJECT_INCONSISTENT,identity_equivalence_unproven,0.0
public-case57-0955,case57,22261756,57,42,1249.0232713079877,True,0.7316752224662213,1.6762686557303115,,ACCEPT,,REJECT_INCONSISTENT,identity_equivalence_unproven,0.0
public-case57-0956,case57,22261757,57,42,1329.0612418979847,True,0.7313486144626627,1.7680111875222067,,ACCEPT,,REJECT_INCONSISTENT,identity_equivalence_unproven,0.0
public-case57-0957,case57,22261758,57,42,1373.1162010257024,True,0.7284771614757957,1.9334548319111917,,ACCEPT,,REJECT_INCONSISTENT,identity_equivalence_unproven,0.0
public-case57-0958,case57,22261759,57,42,1211.7177037962974,True,0.7188897849712311,1.784049026756925,,ACCEPT,,REJECT_INCONSISTENT,identity_equivalence_unproven,0.0
public-case57-0959,case57,22261760,57,42,1281.9038627812279,True,0.7203444920096651,1.6102826644024613,,ACCEPT,,REJECT_INCONSISTENT,identity_equivalence_unproven,0.0
public-case57-0960,case57,22261761,57,42,1256.865355105881,True,0.7373028373264845,1.8025554069378134,,ACCEPT,,REJECT_INCONSISTENT,identity_equivalence_unproven,0.0
public-case57-0961,case57,22261762,57,42,1305.3726849457857,True,0.7406125209192174,1.673714204993557,,ACCEPT,,REJECT_INCONSISTENT,identity_equivalence_unproven,0.0
public-case57-0962,case57,22261763,57,42,1200.4282748244261,True,0.7273734884558442,1.79192857761196,,ACCEPT,,REJECT_INCONSISTENT,identity_equivalence_unproven,0.0
public-case57-0963,case57,22261764,57,42,1296.4154575159885,True,0.7227413424730013,1.6719518740765655,,ACCEPT,,REJECT_INCONSISTENT,identity_equivalence_unproven,0.0
public-case57-0964,case57,22261765,57,42,1234.4984779290476,True,0.7513469946551603,1.8434959128501274,,ACCEPT,,REJECT_INCONSISTENT,identity_equivalence_unproven,0.0
public-case57-0965,case57,22261766,57,42,1227.4483631560142,True,0.6877787069418161,1.7723700147338306,,ACCEPT,,REJECT_INCONSISTENT,identity_equivalence_unproven,0.0
public-case57-0966,case57,22261767,57,42,1305.00277565769,True,0.7395187851352805,1.864496744285217,,ACCEPT,,REJECT_INCONSISTENT,identity_equivalence_unproven,0.0
public-case57-0967,case57,22261768,57,42,1296.5824067148176,True,0.7223660773118538,1.7740481490384714,,ACCEPT,,REJECT_INCONSISTENT,identity_equivalence_unproven,0.0
public-case57-0968,case57,22261769,57,42,1249.965800196112,True,0.735151890018812,1.6228878752588143,,ACCEPT,,REJECT_INCONSISTENT,identity_equivalence_unproven,0.0
public-case57-0969,case57,22261770,57,42,1209.9102904427702,True,0.7143048978574715,1.6553717341378373,,ACCEPT,,REJECT_INCONSISTENT,identity_equivalence_unproven,0.0
public-case57-0970,case57,22261771,57,42,1241.4302184785047,True,0.7209716766571416,1.621905470665913,,ACCEPT,,REJECT_INCONSISTENT,identity_equivalence_unproven,0.0
public-case57-0971,case57,22261772,57,42,1187.7392402605592,True,0.7140754867893314,1.8994603138057355,,ACCEPT,,REJECT_INCONSISTENT,identity_equivalence_unproven,0.0
public-case57-0972,case57,22261773,57,42,1352.2304995158686,True,0.7248311849759013,1.8520003988844587,,ACCEPT,,REJECT_INCONSISTENT,identity_equivalence_unproven,0.0
public-case57-0973,case57,22261774,57,42,1212.5047866842901,True,0.7294409047009207,1.753722242258664,,ACCEPT,,REJECT_INCONSISTENT,identity_equivalence_unproven,0.0
public-case57-0974,case57,22261775,57,42,1262.6936066633725,True,0.7468623639906788,1.871227133728823,,ACCEPT,,REJECT_INCONSISTENT,identity_equivalence_unproven,0.0
public-case57-0975,case57,22261776,57,42,1221.1656860680805,True,0.7211524861642049,1.8637569270060514,,ACCEPT,,REJECT_INCONSISTENT,identity_equivalence_unproven,0.0
public-case57-0976,case57,22261777,57,42,1312.467020014065,True,0.7141928666719559,1.775859008324081,,ACCEPT,,REJECT_INCONSISTENT,identity_equivalence_unproven,0.0
public-case57-0977,case57,22261778,57,42,1236.8935380904766,True,0.7446379016734259,1.5632829782625601,,ACCEPT,,REJECT_INCONSISTENT,identity_equivalence_unproven,0.0
public-case57-0978,case57,22261779,57,42,1326.1536891407409,True,0.7195705108816376,1.9054840725813278,,ACCEPT,,REJECT_INCONSISTENT,identity_equivalence_unproven,0.0
public-case57-0979,case57,22261780,57,42,1285.5331732824332,True,0.7322461022834437,1.7734448750467493,,ACCEPT,,REJECT_INCONSISTENT,identity_equivalence_unproven,0.0
public-case57-0980,case57,22261781,57,42,1245.6651110206872,True,0.729731589503817,1.9513477937213277,,ACCEPT,,REJECT_INCONSISTENT,identity_equivalence_unproven,0.0
public-case57-0981,case57,22261782,57,42,1259.961017692548,True,0.711728178209748,1.9680136270236994,,ACCEPT,,REJECT_INCONSISTENT,identity_equivalence_unproven,0.0
public-case57-0982,case57,22261783,57,42,1247.0012561647836,True,0.7161985223011832,1.822621634902126,,ACCEPT,,REJECT_INCONSISTENT,identity_equivalence_unproven,0.0
public-case57-0983,case57,22261784,57,42,1258.7201586098897,True,0.7015775729873298,1.8371091340783499,,ACCEPT,,REJECT_INCONSISTENT,identity_equivalence_unproven,0.0
public-case57-0984,case57,22261785,57,42,1187.391836631788,True,0.7333043150974823,1.8843865686402321,,ACCEPT,,REJECT_INCONSISTENT,identity_equivalence_unproven,0.0
public-case57-0985,case57,22261786,57,42,1238.968100264759,True,0.7154602971276476,1.7401677438014018,,ACCEPT,,REJECT_INCONSISTENT,identity_equivalence_unproven,0.0
public-case57-0986,case57,22261787,57,42,1267.1462375647664,True,0.6970551930648845,1.6551274788821964,,ACCEPT,,REJECT_INCONSISTENT,identity_equivalence_unproven,0.0
public-case57-0987,case57,22261788,57,42,1276.7074669806902,True,0.7181570790600144,2.0488449724176716,,ACCEPT,,REJECT_INCONSISTENT,identity_equivalence_unproven,0.0
public-case57-0988,case57,22261789,57,42,1221.1837914892333,True,0.7085056569761584,1.7190159616978107,,ACCEPT,,REJECT_INCONSISTENT,identity_equivalence_unproven,0.0
public-case57-0989,case57,22261790,57,42,1165.9140169174957,True,0.735781294165573,1.7832945117949983,,ACCEPT,,REJECT_INCONSISTENT,identity_equivalence_unproven,0.0
public-case57-0990,case57,22261791,57,42,1284.1241626907954,True,0.6915526590768576,1.7653444041338253,,ACCEPT,,REJECT_INCONSISTENT,identity_equivalence_unproven,0.0
public-case57-0991,case57,22261792,57,42,1198.0103618966123,True,0.7061457900331646,1.8813348906416945,,ACCEPT,,REJECT_INCONSISTENT,identity_equivalence_unproven,0.0
public-case57-0992,case57,22261793,57,42,1149.5111928459048,True,0.7124958022828999,1.8508817539906939,,ACCEPT,,REJECT_INCONSISTENT,identity_equivalence_unproven,0.0
public-case57-0993,case57,22261794,57,42,1221.7985964931308,True,0.7133246553090626,1.9398308498359944,,ACCEPT,,REJECT_INCONSISTENT,identity_equivalence_unproven,0.0
public-case57-0994,case57,22261795,57,42,1291.1992826130563,True,0.6962153090837823,1.6820653139689439,,ACCEPT,,REJECT_INCONSISTENT,identity_equivalence_unproven,0.0
public-case57-0995,case57,22261796,57,42,1166.6987143637725,True,0.7110086695757136,1.8066996443683536,,ACCEPT,,REJECT_INCONSISTENT,identity_equivalence_unproven,0.0
public-case57-0996,case57,22261797,57,42,1155.5325809470053,True,0.7353712847545154,1.7498302961958825,,ACCEPT,,REJECT_INCONSISTENT,identity_equivalence_unproven,0.0
public-case57-0997,case57,22261798,57,42,1216.4451366900564,True,0.7202570629666273,1.8840578105292685,,ACCEPT,,REJECT_INCONSISTENT,identity_equivalence_unproven,0.0
public-case57-0998,case57,22261799,57,42,1280.483137921491,True,0.7386423290782751,2.0165146642546334,,ACCEPT,,REJECT_INCONSISTENT,identity_equivalence_unproven,0.0
public-case57-0999,case57,22261800,57,42,1173.3848869726203,True,0.7201492409125673,1.9413547753684608,,ACCEPT,,REJECT_INCONSISTENT,identity_equivalence_unproven,0.0
